[2024-02-25 09:55:04, INFO, ::load_credentials] Loading credientials from /home/nnair/.mongodb_credentials
[2024-02-25 09:55:10, INFO, ::load_credentials] Loading credientials from /home/nnair/.mongodb_credentials
[2024-02-25 09:55:11, INFO, ICPR 2024] Running command 'run'
[2024-02-25 09:55:11, INFO, ICPR 2024] Started run with ID "2668"
root        : INFO     Finished
root        : INFO     Dataset motionsense Network cnn_transformer Output softmax Modus train
root        : INFO         Network_selecter: Constructor
root        : INFO         Network_selecter: 
GPU: 0
NB_sensor_channels: 9
NB_sensor_channels_defaults:
  mbientlab: 30
  mobiact: 9
  mocap: 126
  motionsense: 9
  sisfall: 9
accumulation_steps: 4
accumulation_steps_defaults:
  mbientlab: 4
  mobiact: 4
  mocap: 4
  motionsense: 4
  sisfall: 4
augmentations: none
balancing: false
balancing_defaults:
  mbientlab: false
  mobiact: false
  mocap: false
  motionsense: false
  sisfall: false
base_folder_exp: /data/nnair/icpr2024/debug/
batch_size_train: 50
batch_size_train_defaults:
  cnn:
    mbientlab: 100
    mobiact: 100
    mocap: 100
    motionsense: 50
    sisfall: 50
  cnn_imu:
    mbientlab: 100
    mobiact: 100
    mocap: 100
    motionsense: 100
    sisfall: 100
  cnn_transformer:
    mbientlab: 128
    mobiact: 200
    mocap: 50
    motionsense: 50
    sisfall: 50
  lstm:
    mbientlab: 50
    mobiact: 100
    mocap: 50
    motionsense: 50
    sisfall: 50
batch_size_val: 50
batch_size_val_defaults:
  cnn:
    mbientlab: 100
    mobiact: 100
    mocap: 100
    motionsense: 50
    sisfall: 50
  cnn_imu:
    mbientlab: 100
    mobiact: 100
    mocap: 100
    motionsense: 100
    sisfall: 100
  cnn_transformer:
    mbientlab: 128
    mobiact: 200
    mocap: 50
    motionsense: 50
    sisfall: 50
  lstm:
    mbientlab: 50
    mobiact: 100
    mocap: 50
    motionsense: 50
    sisfall: 50
dataset: motionsense
dataset_finetuning: motionsense
dataset_root: /vol/actrec/motion-sense-master/data/A_DeviceMotion_data/A_DeviceMotion_data
dataset_root_defaults:
  mbientlab: /vol/actrec/DFG_Project/2019/LARa_dataset/Mbientlab/LARa_dataset_mbientlab/
  mobiact: /data/nnair/icpr2024/mobiact/prepros/
  mocap: /vol/actrec/DFG_Project/2019/LARa_dataset/MoCap/LARa_dataset_mocap/
  motionsense: /vol/actrec/motion-sense-master/data/A_DeviceMotion_data/A_DeviceMotion_data
  sisfall: /vol/actrec/SisFall_dataset
dim_fc: 128
division_epochs: 1
division_epochs_defaults:
  mbientlab: 1
  mobiact: 1
  mocap: 2
  motionsense: 1
  sisfall: 1
env: py311_pt212
epoch_mult: 1
epochs: 15
epochs_defaults:
  mbientlab:
    cnn:
      attribute: 10
      softmax: 10
    cnn_imu:
      attribute: 10
      softmax: 30
    cnn_transformer:
      attribute: 6
      softmax: 50
    lstm:
      attribute: 10
      softmax: 15
  mobiact:
    cnn:
      attribute: 50
      softmax: 10
    cnn_imu:
      attribute: 50
      softmax: 32
    cnn_transformer:
      attribute: 6
      softmax: 15
    lstm:
      attribute: 5
      softmax: 15
  mocap:
    cnn:
      attribute: 6
      softmax: 6
    cnn_imu:
      attribute: 6
      softmax: 10
    cnn_transformer:
      attribute: 6
      softmax: 15
    lstm:
      attribute: 6
      softmax: 15
  motionsense:
    cnn:
      attribute: 50
      softmax: 30
    cnn_imu:
      attribute: 10
      softmax: 32
    cnn_transformer:
      attribute: 6
      softmax: 15
    lstm:
      attribute: 5
      softmax: 15
  sisfall:
    cnn:
      attribute: 50
      softmax: 30
    cnn_imu:
      attribute: 50
      softmax: 32
    cnn_transformer:
      attribute: 6
      softmax: 15
    lstm:
      attribute: 5
      softmax: 15
evolution_iter: 10000
file_suffix: results_yy2024mm2dd23hh08mm06.xml
filter_size: 5
filter_size_defaults:
  mbientlab: 5
  mobiact: 5
  mocap: 5
  motionsense: 5
  sisfall: 5
folder_exp: /data/nnair/icpr2024/debug/motionsense/results/1
folder_exp_defaults:
  mbientlab: /data/nnair/icpr2024/debug/lara_imu/results
  mobiact: /data/nnair/icpr2024/debug/mobiact/results
  mocap: /data/nnair/icpr2024/debug/lara/results
  motionsense: /data/nnair/icpr2024/debug/motionsense/results
  sisfall: /data/nnair/icpr2024/debug/sisfall/results
freeze_options: false
fully_convolutional: FC
hidden_layer: 256
label_pos: end
labeltype: class
layer_dim: 4
log_per_epoch: 20
lr: 0.001
lr_mult: 1.0
lstm_hidlyr: 256
lstm_lyrdim: 4
n_embedding_layers: 4
n_head: 8
n_layers: 6
name_counter: 0
network: cnn_transformer
num_attributes: 0
num_attributes_defaults:
  mbientlab: 19
  mobiact: 0
  mocap: 19
  motionsense: 0
  sisfall: 0
num_classes: 6
num_classes_defaults:
  mbientlab: 7
  mobiact: 9
  mocap: 7
  motionsense: 6
  sisfall: 15
num_filters: 64
num_filters_defaults:
  mbientlab:
    cnn: 64
    cnn_imu: 64
    cnn_transformer: 64
    lstm: 64
  mobiact:
    cnn: 64
    cnn_imu: 64
    cnn_transformer: 64
    lstm: 64
  mocap:
    cnn: 64
    cnn_imu: 64
    cnn_transformer: 64
    lstm: 64
  motionsense:
    cnn: 64
    cnn_imu: 64
    cnn_transformer: 64
    lstm: 64
  sisfall:
    cnn: 64
    cnn_imu: 64
    cnn_transformer: 64
    lstm: 64
num_tr_inputs: 118671
num_tr_inputs_defaults:
  mbientlab: 94753
  mobiact: 160561
  mocap: 345417
  motionsense: 118671
  sisfall: 118610
output: softmax
percentages_dataset:
- 0.01
- 0.02
- 0.05
- 0.1
- 0.2
- 0.3
- 0.4
- 0.5
- 0.6
- 0.7
- 0.8
- 0.9
- 1.0
percentages_names:
- '001'
- '002'
- '005'
- '01'
- '02'
- '03'
- '04'
- '05'
- '06'
- '07'
- 08
- 09
- '10'
plotting: false
polars_max_threads: 4
repetitions: 3
reshape_folder: noreshape
reshape_input: false
run_id: 1
sacred: true
seed: 42
sliding_window_length: 200
sliding_window_length_defaults:
  mbientlab: 100
  mobiact: 200
  mocap: 200
  motionsense: 200
  sisfall: 200
sliding_window_step: 25
sliding_window_step_defaults:
  mbientlab: 12
  mobiact: 50
  mocap: 25
  motionsense: 25
  sisfall: 50
train_show: 23
train_show_defaults:
  cnn: 23
  cnn_imu: 23
  cnn_transformer: 23
  lstm: 100
train_show_value: 2373.42
trans_embed_layer: 4
trans_pos_embed: true
transformer_dim: 64
transformer_fc: 128
transformer_heads: 8
transformer_layers: 6
usage_modus: train
use_maxout: false
use_maxout_defaults:
  cnn: false
  cnn_imu: false
  cnn_transformer: false
  lstm: false
use_pos_embedding: true
valid_show: 47
valid_show_defaults:
  cnn: 47
  cnn_imu: 47
  cnn_transformer: 47
  lstm: 50

root        : INFO             Network_User: Constructor
root        : INFO         Network_selecter: Net modus: train
root        : INFO         Network_selecter: Train
root        : INFO         Network_selecter:    Train iter 0
root        : INFO             Network_User: Evolution evaluation iter 0
root        : INFO             Network_User: Training
root        : INFO             Network_User: Train---->
root        : INFO             Network_User:     Creating Dataloader---->
root        : INFO             Network_User:    Train:    creating network
root        : INFO                 Network: Constructor
root        : INFO                 Network: Wx 196.0 and Hx 9.0
root        : INFO                 Network: Wx 192.0 and Hx 9.0
root        : INFO                 Network: Wx 188.0 and Hx 9.0
root        : INFO                 Network: Wx 184.0 and Hx 9.0
root        : INFO     N_head = 8
root        : INFO             Network_User:    Train:    network layers
root        : INFO             Network_User:    Train:    cls_token : (1, 64)
root        : INFO             Network_User:    Train:    position_embed : (201, 1, 64)
root        : INFO             Network_User:    Train:    input_proj.0.0.weight : (64, 9, 1)
root        : INFO             Network_User:    Train:    input_proj.0.0.bias : (64,)
root        : INFO             Network_User:    Train:    input_proj.1.0.weight : (64, 64, 1)
root        : INFO             Network_User:    Train:    input_proj.1.0.bias : (64,)
root        : INFO             Network_User:    Train:    input_proj.2.0.weight : (64, 64, 1)
root        : INFO             Network_User:    Train:    input_proj.2.0.bias : (64,)
root        : INFO             Network_User:    Train:    input_proj.3.0.weight : (64, 64, 1)
root        : INFO             Network_User:    Train:    input_proj.3.0.bias : (64,)
root        : INFO             Network_User:    Train:    transformer_encoder.layers.0.self_attn.in_proj_weight : (192, 64)
root        : INFO             Network_User:    Train:    transformer_encoder.layers.0.self_attn.in_proj_bias : (192,)
root        : INFO             Network_User:    Train:    transformer_encoder.layers.0.self_attn.out_proj.weight : (64, 64)
root        : INFO             Network_User:    Train:    transformer_encoder.layers.0.self_attn.out_proj.bias : (64,)
root        : INFO             Network_User:    Train:    transformer_encoder.layers.0.linear1.weight : (128, 64)
root        : INFO             Network_User:    Train:    transformer_encoder.layers.0.linear1.bias : (128,)
root        : INFO             Network_User:    Train:    transformer_encoder.layers.0.linear2.weight : (64, 128)
root        : INFO             Network_User:    Train:    transformer_encoder.layers.0.linear2.bias : (64,)
root        : INFO             Network_User:    Train:    transformer_encoder.layers.0.norm1.weight : (64,)
root        : INFO             Network_User:    Train:    transformer_encoder.layers.0.norm1.bias : (64,)
root        : INFO             Network_User:    Train:    transformer_encoder.layers.0.norm2.weight : (64,)
root        : INFO             Network_User:    Train:    transformer_encoder.layers.0.norm2.bias : (64,)
root        : INFO             Network_User:    Train:    transformer_encoder.layers.1.self_attn.in_proj_weight : (192, 64)
root        : INFO             Network_User:    Train:    transformer_encoder.layers.1.self_attn.in_proj_bias : (192,)
root        : INFO             Network_User:    Train:    transformer_encoder.layers.1.self_attn.out_proj.weight : (64, 64)
root        : INFO             Network_User:    Train:    transformer_encoder.layers.1.self_attn.out_proj.bias : (64,)
root        : INFO             Network_User:    Train:    transformer_encoder.layers.1.linear1.weight : (128, 64)
root        : INFO             Network_User:    Train:    transformer_encoder.layers.1.linear1.bias : (128,)
root        : INFO             Network_User:    Train:    transformer_encoder.layers.1.linear2.weight : (64, 128)
root        : INFO             Network_User:    Train:    transformer_encoder.layers.1.linear2.bias : (64,)
root        : INFO             Network_User:    Train:    transformer_encoder.layers.1.norm1.weight : (64,)
root        : INFO             Network_User:    Train:    transformer_encoder.layers.1.norm1.bias : (64,)
root        : INFO             Network_User:    Train:    transformer_encoder.layers.1.norm2.weight : (64,)
root        : INFO             Network_User:    Train:    transformer_encoder.layers.1.norm2.bias : (64,)
root        : INFO             Network_User:    Train:    transformer_encoder.layers.2.self_attn.in_proj_weight : (192, 64)
root        : INFO             Network_User:    Train:    transformer_encoder.layers.2.self_attn.in_proj_bias : (192,)
root        : INFO             Network_User:    Train:    transformer_encoder.layers.2.self_attn.out_proj.weight : (64, 64)
root        : INFO             Network_User:    Train:    transformer_encoder.layers.2.self_attn.out_proj.bias : (64,)
root        : INFO             Network_User:    Train:    transformer_encoder.layers.2.linear1.weight : (128, 64)
root        : INFO             Network_User:    Train:    transformer_encoder.layers.2.linear1.bias : (128,)
root        : INFO             Network_User:    Train:    transformer_encoder.layers.2.linear2.weight : (64, 128)
root        : INFO             Network_User:    Train:    transformer_encoder.layers.2.linear2.bias : (64,)
root        : INFO             Network_User:    Train:    transformer_encoder.layers.2.norm1.weight : (64,)
root        : INFO             Network_User:    Train:    transformer_encoder.layers.2.norm1.bias : (64,)
root        : INFO             Network_User:    Train:    transformer_encoder.layers.2.norm2.weight : (64,)
root        : INFO             Network_User:    Train:    transformer_encoder.layers.2.norm2.bias : (64,)
root        : INFO             Network_User:    Train:    transformer_encoder.layers.3.self_attn.in_proj_weight : (192, 64)
root        : INFO             Network_User:    Train:    transformer_encoder.layers.3.self_attn.in_proj_bias : (192,)
root        : INFO             Network_User:    Train:    transformer_encoder.layers.3.self_attn.out_proj.weight : (64, 64)
root        : INFO             Network_User:    Train:    transformer_encoder.layers.3.self_attn.out_proj.bias : (64,)
root        : INFO             Network_User:    Train:    transformer_encoder.layers.3.linear1.weight : (128, 64)
root        : INFO             Network_User:    Train:    transformer_encoder.layers.3.linear1.bias : (128,)
root        : INFO             Network_User:    Train:    transformer_encoder.layers.3.linear2.weight : (64, 128)
root        : INFO             Network_User:    Train:    transformer_encoder.layers.3.linear2.bias : (64,)
root        : INFO             Network_User:    Train:    transformer_encoder.layers.3.norm1.weight : (64,)
root        : INFO             Network_User:    Train:    transformer_encoder.layers.3.norm1.bias : (64,)
root        : INFO             Network_User:    Train:    transformer_encoder.layers.3.norm2.weight : (64,)
root        : INFO             Network_User:    Train:    transformer_encoder.layers.3.norm2.bias : (64,)
root        : INFO             Network_User:    Train:    transformer_encoder.layers.4.self_attn.in_proj_weight : (192, 64)
root        : INFO             Network_User:    Train:    transformer_encoder.layers.4.self_attn.in_proj_bias : (192,)
root        : INFO             Network_User:    Train:    transformer_encoder.layers.4.self_attn.out_proj.weight : (64, 64)
root        : INFO             Network_User:    Train:    transformer_encoder.layers.4.self_attn.out_proj.bias : (64,)
root        : INFO             Network_User:    Train:    transformer_encoder.layers.4.linear1.weight : (128, 64)
root        : INFO             Network_User:    Train:    transformer_encoder.layers.4.linear1.bias : (128,)
root        : INFO             Network_User:    Train:    transformer_encoder.layers.4.linear2.weight : (64, 128)
root        : INFO             Network_User:    Train:    transformer_encoder.layers.4.linear2.bias : (64,)
root        : INFO             Network_User:    Train:    transformer_encoder.layers.4.norm1.weight : (64,)
root        : INFO             Network_User:    Train:    transformer_encoder.layers.4.norm1.bias : (64,)
root        : INFO             Network_User:    Train:    transformer_encoder.layers.4.norm2.weight : (64,)
root        : INFO             Network_User:    Train:    transformer_encoder.layers.4.norm2.bias : (64,)
root        : INFO             Network_User:    Train:    transformer_encoder.layers.5.self_attn.in_proj_weight : (192, 64)
root        : INFO             Network_User:    Train:    transformer_encoder.layers.5.self_attn.in_proj_bias : (192,)
root        : INFO             Network_User:    Train:    transformer_encoder.layers.5.self_attn.out_proj.weight : (64, 64)
root        : INFO             Network_User:    Train:    transformer_encoder.layers.5.self_attn.out_proj.bias : (64,)
root        : INFO             Network_User:    Train:    transformer_encoder.layers.5.linear1.weight : (128, 64)
root        : INFO             Network_User:    Train:    transformer_encoder.layers.5.linear1.bias : (128,)
root        : INFO             Network_User:    Train:    transformer_encoder.layers.5.linear2.weight : (64, 128)
root        : INFO             Network_User:    Train:    transformer_encoder.layers.5.linear2.bias : (64,)
root        : INFO             Network_User:    Train:    transformer_encoder.layers.5.norm1.weight : (64,)
root        : INFO             Network_User:    Train:    transformer_encoder.layers.5.norm1.bias : (64,)
root        : INFO             Network_User:    Train:    transformer_encoder.layers.5.norm2.weight : (64,)
root        : INFO             Network_User:    Train:    transformer_encoder.layers.5.norm2.bias : (64,)
root        : INFO             Network_User:    Train:    transformer_encoder.norm.weight : (64,)
root        : INFO             Network_User:    Train:    transformer_encoder.norm.bias : (64,)
root        : INFO             Network_User:    Train:    imu_head.0.weight : (64,)
root        : INFO             Network_User:    Train:    imu_head.0.bias : (64,)
root        : INFO             Network_User:    Train:    imu_head.1.weight : (16, 64)
root        : INFO             Network_User:    Train:    imu_head.1.bias : (16,)
root        : INFO             Network_User:    Train:    imu_head.4.weight : (6, 16)
root        : INFO             Network_User:    Train:    imu_head.4.bias : (6,)
root        : INFO             Network_User:    Train:    setting device
root        : INFO             Network_User:    Train:    setting criterion optimizer Softmax
root        : INFO                 Metrics: Constructor
root        : INFO     
        Network_User:    Train:    Training epoch 0
root        : INFO             Network_User:            Dataset motionsense network cnn_transformer lr 0.001 lr_optimizer 0.001 Reshape False 
root        : INFO             Network_User:    Train:    epoch 0/15 batch 0/791 itera 1 elapsed time 0.5084497928619385 best itera 0
root        : INFO             Network_User:    Train:    loss 0.4380689859390259
root        : INFO             Network_User:    Train:    acc 0.3, f1_weighted 0.13846156001091003, f1_mean 0.07692307978868484
root        : INFO             Network_User:    Train:    Allocated 0.0 GB Cached 0.3 GB
root        : INFO     

--------------------------
root        : INFO             Network_User:            Dataset motionsense network cnn_transformer lr 0.001 lr_optimizer 0.001 Reshape False 
root        : INFO             Network_User:    Train:    epoch 0/15 batch 39/791 itera 40 elapsed time 0.1205902099609375 best itera 0
root        : INFO             Network_User:    Train:    loss 0.4433765411376953
root        : INFO             Network_User:    Train:    acc 0.32, f1_weighted 0.1957647204399109, f1_mean 0.14509804546833038
root        : INFO             Network_User:    Train:    Allocated 0.0 GB Cached 0.3 GB
root        : INFO     

--------------------------
root        : INFO             Network_User:            Dataset motionsense network cnn_transformer lr 0.001 lr_optimizer 0.001 Reshape False 
root        : INFO             Network_User:    Train:    epoch 0/15 batch 78/791 itera 79 elapsed time 0.11196470260620117 best itera 0
root        : INFO             Network_User:    Train:    loss 0.43193966150283813
root        : INFO             Network_User:    Train:    acc 0.18, f1_weighted 0.10307691991329193, f1_mean 0.0683760717511177
root        : INFO             Network_User:    Train:    Allocated 0.0 GB Cached 0.3 GB
root        : INFO     

--------------------------
root        : INFO             Network_User:            Dataset motionsense network cnn_transformer lr 0.001 lr_optimizer 0.001 Reshape False 
root        : INFO             Network_User:    Train:    epoch 0/15 batch 117/791 itera 118 elapsed time 0.2241344451904297 best itera 0
root        : INFO             Network_User:    Train:    loss 0.42281848192214966
root        : INFO             Network_User:    Train:    acc 0.28, f1_weighted 0.17793940007686615, f1_mean 0.10101010650396347
root        : INFO             Network_User:    Train:    Allocated 0.0 GB Cached 0.3 GB
root        : INFO     

--------------------------
root        : INFO             Network_User:            Dataset motionsense network cnn_transformer lr 0.001 lr_optimizer 0.001 Reshape False 
root        : INFO             Network_User:    Train:    epoch 0/15 batch 156/791 itera 157 elapsed time 0.061243534088134766 best itera 0
root        : INFO             Network_User:    Train:    loss 0.43026283383369446
root        : INFO             Network_User:    Train:    acc 0.3, f1_weighted 0.1895238161087036, f1_mean 0.1269841343164444
root        : INFO             Network_User:    Train:    Allocated 0.0 GB Cached 0.3 GB
root        : INFO     

--------------------------
root        : INFO             Network_User:            Dataset motionsense network cnn_transformer lr 0.001 lr_optimizer 0.001 Reshape False 
root        : INFO             Network_User:    Train:    epoch 0/15 batch 195/791 itera 196 elapsed time 0.33583641052246094 best itera 0
root        : INFO             Network_User:    Train:    loss 0.38896217942237854
root        : INFO             Network_User:    Train:    acc 0.48, f1_weighted 0.43088623881340027, f1_mean 0.27620914578437805
root        : INFO             Network_User:    Train:    Allocated 0.0 GB Cached 0.3 GB
root        : INFO     

--------------------------
root        : INFO             Network_User:            Dataset motionsense network cnn_transformer lr 0.001 lr_optimizer 0.001 Reshape False 
root        : INFO             Network_User:    Train:    epoch 0/15 batch 234/791 itera 235 elapsed time 0.33360815048217773 best itera 0
root        : INFO             Network_User:    Train:    loss 0.36601483821868896
root        : INFO             Network_User:    Train:    acc 0.36, f1_weighted 0.2920346260070801, f1_mean 0.22647906839847565
root        : INFO             Network_User:    Train:    Allocated 0.0 GB Cached 0.3 GB
root        : INFO     

--------------------------
root        : INFO             Network_User:            Dataset motionsense network cnn_transformer lr 0.001 lr_optimizer 0.001 Reshape False 
root        : INFO             Network_User:    Train:    epoch 0/15 batch 273/791 itera 274 elapsed time 0.6570160388946533 best itera 0
root        : INFO             Network_User:    Train:    loss 0.30999237298965454
root        : INFO             Network_User:    Train:    acc 0.48, f1_weighted 0.3882051110267639, f1_mean 0.3482905924320221
root        : INFO             Network_User:    Train:    Allocated 0.0 GB Cached 0.3 GB
root        : INFO     

--------------------------
root        : INFO             Network_User:            Dataset motionsense network cnn_transformer lr 0.001 lr_optimizer 0.001 Reshape False 
root        : INFO             Network_User:    Train:    epoch 0/15 batch 312/791 itera 313 elapsed time 0.5126292705535889 best itera 0
root        : INFO             Network_User:    Train:    loss 0.31448838114738464
root        : INFO             Network_User:    Train:    acc 0.48, f1_weighted 0.41377776861190796, f1_mean 0.307407408952713
root        : INFO             Network_User:    Train:    Allocated 0.0 GB Cached 0.3 GB
root        : INFO     

--------------------------
root        : INFO             Network_User:            Dataset motionsense network cnn_transformer lr 0.001 lr_optimizer 0.001 Reshape False 
root        : INFO             Network_User:    Train:    epoch 0/15 batch 351/791 itera 352 elapsed time 0.468472957611084 best itera 0
root        : INFO             Network_User:    Train:    loss 0.2655056416988373
root        : INFO             Network_User:    Train:    acc 0.66, f1_weighted 0.5837402939796448, f1_mean 0.36291489005088806
root        : INFO             Network_User:    Train:    Allocated 0.0 GB Cached 0.3 GB
root        : INFO     

--------------------------
root        : INFO             Network_User:            Dataset motionsense network cnn_transformer lr 0.001 lr_optimizer 0.001 Reshape False 
root        : INFO             Network_User:    Train:    epoch 0/15 batch 390/791 itera 391 elapsed time 0.709489107131958 best itera 0
root        : INFO             Network_User:    Train:    loss 0.2924764156341553
root        : INFO             Network_User:    Train:    acc 0.62, f1_weighted 0.5692416429519653, f1_mean 0.4244692027568817
root        : INFO             Network_User:    Train:    Allocated 0.0 GB Cached 0.3 GB
root        : INFO     

--------------------------
root        : INFO             Network_User:            Dataset motionsense network cnn_transformer lr 0.001 lr_optimizer 0.001 Reshape False 
root        : INFO             Network_User:    Train:    epoch 0/15 batch 429/791 itera 430 elapsed time 0.17696738243103027 best itera 0
root        : INFO             Network_User:    Train:    loss 0.3309510052204132
root        : INFO             Network_User:    Train:    acc 0.42, f1_weighted 0.3681749105453491, f1_mean 0.24113361537456512
root        : INFO             Network_User:    Train:    Allocated 0.0 GB Cached 0.3 GB
root        : INFO     

--------------------------
root        : INFO             Network_User:            Dataset motionsense network cnn_transformer lr 0.001 lr_optimizer 0.001 Reshape False 
root        : INFO             Network_User:    Train:    epoch 0/15 batch 468/791 itera 469 elapsed time 0.2605760097503662 best itera 0
root        : INFO             Network_User:    Train:    loss 0.30507954955101013
root        : INFO             Network_User:    Train:    acc 0.48, f1_weighted 0.39434781670570374, f1_mean 0.2807970941066742
root        : INFO             Network_User:    Train:    Allocated 0.0 GB Cached 0.3 GB
root        : INFO     

--------------------------
root        : INFO             Network_User:            Dataset motionsense network cnn_transformer lr 0.001 lr_optimizer 0.001 Reshape False 
root        : INFO             Network_User:    Train:    epoch 0/15 batch 507/791 itera 508 elapsed time 0.5165622234344482 best itera 0
root        : INFO             Network_User:    Train:    loss 0.2773110568523407
root        : INFO             Network_User:    Train:    acc 0.54, f1_weighted 0.4609090983867645, f1_mean 0.31060606241226196
root        : INFO             Network_User:    Train:    Allocated 0.0 GB Cached 0.3 GB
root        : INFO     

--------------------------
root        : INFO             Network_User:            Dataset motionsense network cnn_transformer lr 0.001 lr_optimizer 0.001 Reshape False 
root        : INFO             Network_User:    Train:    epoch 0/15 batch 546/791 itera 547 elapsed time 0.51361083984375 best itera 0
root        : INFO             Network_User:    Train:    loss 0.31215885281562805
root        : INFO             Network_User:    Train:    acc 0.42, f1_weighted 0.3701918423175812, f1_mean 0.29079669713974
root        : INFO             Network_User:    Train:    Allocated 0.0 GB Cached 0.3 GB
root        : INFO     

--------------------------
root        : INFO             Network_User:            Dataset motionsense network cnn_transformer lr 0.001 lr_optimizer 0.001 Reshape False 
root        : INFO             Network_User:    Train:    epoch 0/15 batch 585/791 itera 586 elapsed time 0.46539783477783203 best itera 0
root        : INFO             Network_User:    Train:    loss 0.27212822437286377
root        : INFO             Network_User:    Train:    acc 0.58, f1_weighted 0.526437520980835, f1_mean 0.33578774333000183
root        : INFO             Network_User:    Train:    Allocated 0.0 GB Cached 0.3 GB
root        : INFO     

--------------------------
root        : INFO             Network_User:            Dataset motionsense network cnn_transformer lr 0.001 lr_optimizer 0.001 Reshape False 
root        : INFO             Network_User:    Train:    epoch 0/15 batch 624/791 itera 625 elapsed time 0.22942543029785156 best itera 0
root        : INFO             Network_User:    Train:    loss 0.2689991891384125
root        : INFO             Network_User:    Train:    acc 0.5, f1_weighted 0.42085549235343933, f1_mean 0.2872046232223511
root        : INFO             Network_User:    Train:    Allocated 0.0 GB Cached 0.3 GB
root        : INFO     

--------------------------
root        : INFO             Network_User:            Dataset motionsense network cnn_transformer lr 0.001 lr_optimizer 0.001 Reshape False 
root        : INFO             Network_User:    Train:    epoch 0/15 batch 663/791 itera 664 elapsed time 0.5102605819702148 best itera 0
root        : INFO             Network_User:    Train:    loss 0.3469064235687256
root        : INFO             Network_User:    Train:    acc 0.38, f1_weighted 0.30547332763671875, f1_mean 0.24406647682189941
root        : INFO             Network_User:    Train:    Allocated 0.0 GB Cached 0.3 GB
root        : INFO     

--------------------------
root        : INFO             Network_User:            Dataset motionsense network cnn_transformer lr 0.001 lr_optimizer 0.001 Reshape False 
root        : INFO             Network_User:    Train:    epoch 0/15 batch 702/791 itera 703 elapsed time 0.5854804515838623 best itera 0
root        : INFO             Network_User:    Train:    loss 0.25285106897354126
root        : INFO             Network_User:    Train:    acc 0.68, f1_weighted 0.6150832176208496, f1_mean 0.3678566515445709
root        : INFO             Network_User:    Train:    Allocated 0.0 GB Cached 0.3 GB
root        : INFO     

--------------------------
root        : INFO             Network_User:            Dataset motionsense network cnn_transformer lr 0.001 lr_optimizer 0.001 Reshape False 
root        : INFO             Network_User:    Train:    epoch 0/15 batch 741/791 itera 742 elapsed time 0.42774176597595215 best itera 0
root        : INFO             Network_User:    Train:    loss 0.3359294831752777
root        : INFO             Network_User:    Train:    acc 0.6, f1_weighted 0.5478024482727051, f1_mean 0.44826415181159973
root        : INFO             Network_User:    Train:    Allocated 0.0 GB Cached 0.3 GB
root        : INFO     

--------------------------
root        : INFO             Network_User:            Dataset motionsense network cnn_transformer lr 0.001 lr_optimizer 0.001 Reshape False 
root        : INFO             Network_User:    Train:    epoch 0/15 batch 780/791 itera 781 elapsed time 0.30207276344299316 best itera 0
root        : INFO             Network_User:    Train:    loss 0.2700403332710266
root        : INFO             Network_User:    Train:    acc 0.62, f1_weighted 0.5541357398033142, f1_mean 0.3770170509815216
root        : INFO             Network_User:    Train:    Allocated 0.0 GB Cached 0.3 GB
root        : INFO     

--------------------------
root        : INFO     

root        : INFO             Network_User:        Validating
root        : INFO                 Metrics: Constructor
root        : INFO     

root        : INFO             Network_User:        Validating:    epoch 0 batch 790 itera 791 elapsed time 116.47908067703247, best itera 0
root        : INFO             Network_User:        Validating:    acc 0.5471720392017948, f1_weighted 0.4843553900718689, f1_mean 0.3494158685207367
root        : INFO             Network_User:            Saving the network
root        : INFO     
        Network_User:    Train:    Training epoch 1
root        : INFO             Network_User:            Dataset motionsense network cnn_transformer lr 0.001 lr_optimizer 0.001 Reshape False 
root        : INFO             Network_User:    Train:    epoch 1/15 batch 0/791 itera 792 elapsed time 0.5788216590881348 best itera 791
root        : INFO             Network_User:    Train:    loss 0.2703816294670105
root        : INFO             Network_User:    Train:    acc 0.52, f1_weighted 0.4524475336074829, f1_mean 0.3344988524913788
root        : INFO             Network_User:    Train:    Allocated 0.0 GB Cached 0.3 GB
root        : INFO     

--------------------------
root        : INFO             Network_User:            Dataset motionsense network cnn_transformer lr 0.001 lr_optimizer 0.001 Reshape False 
root        : INFO             Network_User:    Train:    epoch 1/15 batch 39/791 itera 831 elapsed time 0.5149269104003906 best itera 791
root        : INFO             Network_User:    Train:    loss 0.35658982396125793
root        : INFO             Network_User:    Train:    acc 0.5, f1_weighted 0.410588800907135, f1_mean 0.3519144356250763
root        : INFO             Network_User:    Train:    Allocated 0.0 GB Cached 0.3 GB
root        : INFO     

--------------------------
root        : INFO             Network_User:            Dataset motionsense network cnn_transformer lr 0.001 lr_optimizer 0.001 Reshape False 
root        : INFO             Network_User:    Train:    epoch 1/15 batch 78/791 itera 870 elapsed time 0.6644961833953857 best itera 791
root        : INFO             Network_User:    Train:    loss 0.2896347939968109
root        : INFO             Network_User:    Train:    acc 0.58, f1_weighted 0.480742871761322, f1_mean 0.34904763102531433
root        : INFO             Network_User:    Train:    Allocated 0.0 GB Cached 0.3 GB
root        : INFO     

--------------------------
root        : INFO             Network_User:            Dataset motionsense network cnn_transformer lr 0.001 lr_optimizer 0.001 Reshape False 
root        : INFO             Network_User:    Train:    epoch 1/15 batch 117/791 itera 909 elapsed time 0.2937283515930176 best itera 791
root        : INFO             Network_User:    Train:    loss 0.32008591294288635
root        : INFO             Network_User:    Train:    acc 0.56, f1_weighted 0.447844535112381, f1_mean 0.34958162903785706
root        : INFO             Network_User:    Train:    Allocated 0.0 GB Cached 0.3 GB
root        : INFO     

--------------------------
root        : INFO             Network_User:            Dataset motionsense network cnn_transformer lr 0.001 lr_optimizer 0.001 Reshape False 
root        : INFO             Network_User:    Train:    epoch 1/15 batch 156/791 itera 948 elapsed time 0.6891374588012695 best itera 791
root        : INFO             Network_User:    Train:    loss 0.2453654408454895
root        : INFO             Network_User:    Train:    acc 0.56, f1_weighted 0.5200114250183105, f1_mean 0.32480841875076294
root        : INFO             Network_User:    Train:    Allocated 0.0 GB Cached 0.3 GB
root        : INFO     

--------------------------
root        : INFO             Network_User:            Dataset motionsense network cnn_transformer lr 0.001 lr_optimizer 0.001 Reshape False 
root        : INFO             Network_User:    Train:    epoch 1/15 batch 195/791 itera 987 elapsed time 0.7268304824829102 best itera 791
root        : INFO             Network_User:    Train:    loss 0.2266041338443756
root        : INFO             Network_User:    Train:    acc 0.64, f1_weighted 0.5684249401092529, f1_mean 0.4055250585079193
root        : INFO             Network_User:    Train:    Allocated 0.0 GB Cached 0.3 GB
root        : INFO     

--------------------------
root        : INFO             Network_User:            Dataset motionsense network cnn_transformer lr 0.001 lr_optimizer 0.001 Reshape False 
root        : INFO             Network_User:    Train:    epoch 1/15 batch 234/791 itera 1026 elapsed time 0.565737247467041 best itera 791
root        : INFO             Network_User:    Train:    loss 0.2230096012353897
root        : INFO             Network_User:    Train:    acc 0.7, f1_weighted 0.6301666498184204, f1_mean 0.49861109256744385
root        : INFO             Network_User:    Train:    Allocated 0.0 GB Cached 0.3 GB
root        : INFO     

--------------------------
root        : INFO             Network_User:            Dataset motionsense network cnn_transformer lr 0.001 lr_optimizer 0.001 Reshape False 
root        : INFO             Network_User:    Train:    epoch 1/15 batch 273/791 itera 1065 elapsed time 0.24135875701904297 best itera 791
root        : INFO             Network_User:    Train:    loss 0.22857052087783813
root        : INFO             Network_User:    Train:    acc 0.68, f1_weighted 0.6152369379997253, f1_mean 0.43239378929138184
root        : INFO             Network_User:    Train:    Allocated 0.0 GB Cached 0.3 GB
root        : INFO     

--------------------------
root        : INFO             Network_User:            Dataset motionsense network cnn_transformer lr 0.001 lr_optimizer 0.001 Reshape False 
root        : INFO             Network_User:    Train:    epoch 1/15 batch 312/791 itera 1104 elapsed time 0.6004960536956787 best itera 791
root        : INFO             Network_User:    Train:    loss 0.24658401310443878
root        : INFO             Network_User:    Train:    acc 0.64, f1_weighted 0.5547839403152466, f1_mean 0.3946276009082794
root        : INFO             Network_User:    Train:    Allocated 0.0 GB Cached 0.3 GB
root        : INFO     

--------------------------
root        : INFO             Network_User:            Dataset motionsense network cnn_transformer lr 0.001 lr_optimizer 0.001 Reshape False 
root        : INFO             Network_User:    Train:    epoch 1/15 batch 351/791 itera 1143 elapsed time 0.3812103271484375 best itera 791
root        : INFO             Network_User:    Train:    loss 0.21990308165550232
root        : INFO             Network_User:    Train:    acc 0.62, f1_weighted 0.5787615776062012, f1_mean 0.4008919298648834
root        : INFO             Network_User:    Train:    Allocated 0.0 GB Cached 0.3 GB
root        : INFO     

--------------------------
root        : INFO             Network_User:            Dataset motionsense network cnn_transformer lr 0.001 lr_optimizer 0.001 Reshape False 
root        : INFO             Network_User:    Train:    epoch 1/15 batch 390/791 itera 1182 elapsed time 0.31586503982543945 best itera 791
root        : INFO             Network_User:    Train:    loss 0.24111078679561615
root        : INFO             Network_User:    Train:    acc 0.6, f1_weighted 0.4895194172859192, f1_mean 0.40846681594848633
root        : INFO             Network_User:    Train:    Allocated 0.0 GB Cached 0.3 GB
root        : INFO     

--------------------------
root        : INFO             Network_User:            Dataset motionsense network cnn_transformer lr 0.001 lr_optimizer 0.001 Reshape False 
root        : INFO             Network_User:    Train:    epoch 1/15 batch 429/791 itera 1221 elapsed time 0.7764647006988525 best itera 791
root        : INFO             Network_User:    Train:    loss 0.22479590773582458
root        : INFO             Network_User:    Train:    acc 0.64, f1_weighted 0.5999524593353271, f1_mean 0.5308821797370911
root        : INFO             Network_User:    Train:    Allocated 0.0 GB Cached 0.3 GB
root        : INFO     

--------------------------
root        : INFO             Network_User:            Dataset motionsense network cnn_transformer lr 0.001 lr_optimizer 0.001 Reshape False 
root        : INFO             Network_User:    Train:    epoch 1/15 batch 468/791 itera 1260 elapsed time 0.20096731185913086 best itera 791
root        : INFO             Network_User:    Train:    loss 0.156794473528862
root        : INFO             Network_User:    Train:    acc 0.74, f1_weighted 0.6923067569732666, f1_mean 0.5018988251686096
root        : INFO             Network_User:    Train:    Allocated 0.0 GB Cached 0.3 GB
root        : INFO     

--------------------------
root        : INFO             Network_User:            Dataset motionsense network cnn_transformer lr 0.001 lr_optimizer 0.001 Reshape False 
root        : INFO             Network_User:    Train:    epoch 1/15 batch 507/791 itera 1299 elapsed time 0.8364396095275879 best itera 791
root        : INFO             Network_User:    Train:    loss 0.22007007896900177
root        : INFO             Network_User:    Train:    acc 0.72, f1_weighted 0.6927692294120789, f1_mean 0.5810897350311279
root        : INFO             Network_User:    Train:    Allocated 0.0 GB Cached 0.3 GB
root        : INFO     

--------------------------
root        : INFO             Network_User:            Dataset motionsense network cnn_transformer lr 0.001 lr_optimizer 0.001 Reshape False 
root        : INFO             Network_User:    Train:    epoch 1/15 batch 546/791 itera 1338 elapsed time 0.9473168849945068 best itera 791
root        : INFO             Network_User:    Train:    loss 0.2219802737236023
root        : INFO             Network_User:    Train:    acc 0.62, f1_weighted 0.5639762282371521, f1_mean 0.46123015880584717
root        : INFO             Network_User:    Train:    Allocated 0.0 GB Cached 0.3 GB
root        : INFO     

--------------------------
root        : INFO             Network_User:            Dataset motionsense network cnn_transformer lr 0.001 lr_optimizer 0.001 Reshape False 
root        : INFO             Network_User:    Train:    epoch 1/15 batch 585/791 itera 1377 elapsed time 0.4445624351501465 best itera 791
root        : INFO             Network_User:    Train:    loss 0.16717533767223358
root        : INFO             Network_User:    Train:    acc 0.72, f1_weighted 0.7108994722366333, f1_mean 0.6274250149726868
root        : INFO             Network_User:    Train:    Allocated 0.0 GB Cached 0.3 GB
root        : INFO     

--------------------------
root        : INFO             Network_User:            Dataset motionsense network cnn_transformer lr 0.001 lr_optimizer 0.001 Reshape False 
root        : INFO             Network_User:    Train:    epoch 1/15 batch 624/791 itera 1416 elapsed time 0.20853185653686523 best itera 791
root        : INFO             Network_User:    Train:    loss 0.18324531614780426
root        : INFO             Network_User:    Train:    acc 0.72, f1_weighted 0.7020537853240967, f1_mean 0.6268805861473083
root        : INFO             Network_User:    Train:    Allocated 0.0 GB Cached 0.3 GB
root        : INFO     

--------------------------
root        : INFO             Network_User:            Dataset motionsense network cnn_transformer lr 0.001 lr_optimizer 0.001 Reshape False 
root        : INFO             Network_User:    Train:    epoch 1/15 batch 663/791 itera 1455 elapsed time 0.2775394916534424 best itera 791
root        : INFO             Network_User:    Train:    loss 0.18673506379127502
root        : INFO             Network_User:    Train:    acc 0.64, f1_weighted 0.588951587677002, f1_mean 0.5127688050270081
root        : INFO             Network_User:    Train:    Allocated 0.0 GB Cached 0.3 GB
root        : INFO     

--------------------------
root        : INFO             Network_User:            Dataset motionsense network cnn_transformer lr 0.001 lr_optimizer 0.001 Reshape False 
root        : INFO             Network_User:    Train:    epoch 1/15 batch 702/791 itera 1494 elapsed time 0.3537476062774658 best itera 791
root        : INFO             Network_User:    Train:    loss 0.19761481881141663
root        : INFO             Network_User:    Train:    acc 0.6, f1_weighted 0.5657165050506592, f1_mean 0.4791354835033417
root        : INFO             Network_User:    Train:    Allocated 0.0 GB Cached 0.3 GB
root        : INFO     

--------------------------
root        : INFO             Network_User:            Dataset motionsense network cnn_transformer lr 0.001 lr_optimizer 0.001 Reshape False 
root        : INFO             Network_User:    Train:    epoch 1/15 batch 741/791 itera 1533 elapsed time 0.6097466945648193 best itera 791
root        : INFO             Network_User:    Train:    loss 0.13227790594100952
root        : INFO             Network_User:    Train:    acc 0.72, f1_weighted 0.7351111769676208, f1_mean 0.5759259462356567
root        : INFO             Network_User:    Train:    Allocated 0.0 GB Cached 0.3 GB
root        : INFO     

--------------------------
root        : INFO             Network_User:            Dataset motionsense network cnn_transformer lr 0.001 lr_optimizer 0.001 Reshape False 
root        : INFO             Network_User:    Train:    epoch 1/15 batch 780/791 itera 1572 elapsed time 0.5284111499786377 best itera 791
root        : INFO             Network_User:    Train:    loss 0.2014641910791397
root        : INFO             Network_User:    Train:    acc 0.62, f1_weighted 0.5986418128013611, f1_mean 0.5070696473121643
root        : INFO             Network_User:    Train:    Allocated 0.0 GB Cached 0.3 GB
root        : INFO     

--------------------------
root        : INFO     

root        : INFO             Network_User:        Validating
root        : INFO                 Metrics: Constructor
root        : INFO     

root        : INFO             Network_User:        Validating:    epoch 1 batch 790 itera 1582 elapsed time 122.73203706741333, best itera 791
root        : INFO             Network_User:        Validating:    acc 0.7732908253630889, f1_weighted 0.7597703337669373, f1_mean 0.698536217212677
root        : INFO             Network_User:            Saving the network
root        : INFO     
        Network_User:    Train:    Training epoch 2
root        : INFO             Network_User:            Dataset motionsense network cnn_transformer lr 0.001 lr_optimizer 0.001 Reshape False 
root        : INFO             Network_User:    Train:    epoch 2/15 batch 0/791 itera 1583 elapsed time 0.37117671966552734 best itera 1582
root        : INFO             Network_User:    Train:    loss 0.18561309576034546
root        : INFO             Network_User:    Train:    acc 0.74, f1_weighted 0.7256958484649658, f1_mean 0.6699317097663879
root        : INFO             Network_User:    Train:    Allocated 0.0 GB Cached 0.3 GB
root        : INFO     

--------------------------
root        : INFO             Network_User:            Dataset motionsense network cnn_transformer lr 0.001 lr_optimizer 0.001 Reshape False 
root        : INFO             Network_User:    Train:    epoch 2/15 batch 39/791 itera 1622 elapsed time 0.29150843620300293 best itera 1582
root        : INFO             Network_User:    Train:    loss 0.15940497815608978
root        : INFO             Network_User:    Train:    acc 0.7, f1_weighted 0.6715151071548462, f1_mean 0.5791246294975281
root        : INFO             Network_User:    Train:    Allocated 0.0 GB Cached 0.3 GB
root        : INFO     

--------------------------
root        : INFO             Network_User:            Dataset motionsense network cnn_transformer lr 0.001 lr_optimizer 0.001 Reshape False 
root        : INFO             Network_User:    Train:    epoch 2/15 batch 78/791 itera 1661 elapsed time 0.45023441314697266 best itera 1582
root        : INFO             Network_User:    Train:    loss 0.10947734117507935
root        : INFO             Network_User:    Train:    acc 0.82, f1_weighted 0.8155555129051208, f1_mean 0.7685185074806213
root        : INFO             Network_User:    Train:    Allocated 0.0 GB Cached 0.3 GB
root        : INFO     

--------------------------
root        : INFO             Network_User:            Dataset motionsense network cnn_transformer lr 0.001 lr_optimizer 0.001 Reshape False 
root        : INFO             Network_User:    Train:    epoch 2/15 batch 117/791 itera 1700 elapsed time 0.5009901523590088 best itera 1582
root        : INFO             Network_User:    Train:    loss 0.235791876912117
root        : INFO             Network_User:    Train:    acc 0.72, f1_weighted 0.709892749786377, f1_mean 0.6655788421630859
root        : INFO             Network_User:    Train:    Allocated 0.0 GB Cached 0.3 GB
root        : INFO     

--------------------------
root        : INFO             Network_User:            Dataset motionsense network cnn_transformer lr 0.001 lr_optimizer 0.001 Reshape False 
root        : INFO             Network_User:    Train:    epoch 2/15 batch 156/791 itera 1739 elapsed time 0.8839151859283447 best itera 1582
root        : INFO             Network_User:    Train:    loss 0.1263885349035263
root        : INFO             Network_User:    Train:    acc 0.8, f1_weighted 0.8069930076599121, f1_mean 0.7271432280540466
root        : INFO             Network_User:    Train:    Allocated 0.0 GB Cached 0.3 GB
root        : INFO     

--------------------------
root        : INFO             Network_User:            Dataset motionsense network cnn_transformer lr 0.001 lr_optimizer 0.001 Reshape False 
root        : INFO             Network_User:    Train:    epoch 2/15 batch 195/791 itera 1778 elapsed time 0.717160701751709 best itera 1582
root        : INFO             Network_User:    Train:    loss 0.2007676362991333
root        : INFO             Network_User:    Train:    acc 0.64, f1_weighted 0.6193805932998657, f1_mean 0.600066602230072
root        : INFO             Network_User:    Train:    Allocated 0.0 GB Cached 0.3 GB
root        : INFO     

--------------------------
root        : INFO             Network_User:            Dataset motionsense network cnn_transformer lr 0.001 lr_optimizer 0.001 Reshape False 
root        : INFO             Network_User:    Train:    epoch 2/15 batch 234/791 itera 1817 elapsed time 0.47656750679016113 best itera 1582
root        : INFO             Network_User:    Train:    loss 0.1264670491218567
root        : INFO             Network_User:    Train:    acc 0.84, f1_weighted 0.803752064704895, f1_mean 0.7291331887245178
root        : INFO             Network_User:    Train:    Allocated 0.0 GB Cached 0.3 GB
root        : INFO     

--------------------------
root        : INFO             Network_User:            Dataset motionsense network cnn_transformer lr 0.001 lr_optimizer 0.001 Reshape False 
root        : INFO             Network_User:    Train:    epoch 2/15 batch 273/791 itera 1856 elapsed time 0.4811208248138428 best itera 1582
root        : INFO             Network_User:    Train:    loss 0.16081207990646362
root        : INFO             Network_User:    Train:    acc 0.78, f1_weighted 0.7752319574356079, f1_mean 0.6944255828857422
root        : INFO             Network_User:    Train:    Allocated 0.0 GB Cached 0.3 GB
root        : INFO     

--------------------------
root        : INFO             Network_User:            Dataset motionsense network cnn_transformer lr 0.001 lr_optimizer 0.001 Reshape False 
root        : INFO             Network_User:    Train:    epoch 2/15 batch 312/791 itera 1895 elapsed time 0.2652435302734375 best itera 1582
root        : INFO             Network_User:    Train:    loss 0.08615654706954956
root        : INFO             Network_User:    Train:    acc 0.9, f1_weighted 0.908087968826294, f1_mean 0.8808302879333496
root        : INFO             Network_User:    Train:    Allocated 0.0 GB Cached 0.3 GB
root        : INFO     

--------------------------
root        : INFO             Network_User:            Dataset motionsense network cnn_transformer lr 0.001 lr_optimizer 0.001 Reshape False 
root        : INFO             Network_User:    Train:    epoch 2/15 batch 351/791 itera 1934 elapsed time 0.5900287628173828 best itera 1582
root        : INFO             Network_User:    Train:    loss 0.11567141860723495
root        : INFO             Network_User:    Train:    acc 0.84, f1_weighted 0.871831476688385, f1_mean 0.7341575026512146
root        : INFO             Network_User:    Train:    Allocated 0.0 GB Cached 0.3 GB
root        : INFO     

--------------------------
root        : INFO             Network_User:            Dataset motionsense network cnn_transformer lr 0.001 lr_optimizer 0.001 Reshape False 
root        : INFO             Network_User:    Train:    epoch 2/15 batch 390/791 itera 1973 elapsed time 0.6111855506896973 best itera 1582
root        : INFO             Network_User:    Train:    loss 0.14770442247390747
root        : INFO             Network_User:    Train:    acc 0.74, f1_weighted 0.7214827537536621, f1_mean 0.6694624423980713
root        : INFO             Network_User:    Train:    Allocated 0.0 GB Cached 0.3 GB
root        : INFO     

--------------------------
root        : INFO             Network_User:            Dataset motionsense network cnn_transformer lr 0.001 lr_optimizer 0.001 Reshape False 
root        : INFO             Network_User:    Train:    epoch 2/15 batch 429/791 itera 2012 elapsed time 0.3452494144439697 best itera 1582
root        : INFO             Network_User:    Train:    loss 0.10284624248743057
root        : INFO             Network_User:    Train:    acc 0.86, f1_weighted 0.8538216352462769, f1_mean 0.7551468014717102
root        : INFO             Network_User:    Train:    Allocated 0.0 GB Cached 0.3 GB
root        : INFO     

--------------------------
root        : INFO             Network_User:            Dataset motionsense network cnn_transformer lr 0.001 lr_optimizer 0.001 Reshape False 
root        : INFO             Network_User:    Train:    epoch 2/15 batch 468/791 itera 2051 elapsed time 0.32180047035217285 best itera 1582
root        : INFO             Network_User:    Train:    loss 0.07274232804775238
root        : INFO             Network_User:    Train:    acc 0.92, f1_weighted 0.9188413023948669, f1_mean 0.8973559737205505
root        : INFO             Network_User:    Train:    Allocated 0.0 GB Cached 0.3 GB
root        : INFO     

--------------------------
root        : INFO             Network_User:            Dataset motionsense network cnn_transformer lr 0.001 lr_optimizer 0.001 Reshape False 
root        : INFO             Network_User:    Train:    epoch 2/15 batch 507/791 itera 2090 elapsed time 0.49131131172180176 best itera 1582
root        : INFO             Network_User:    Train:    loss 0.15614855289459229
root        : INFO             Network_User:    Train:    acc 0.76, f1_weighted 0.7535632848739624, f1_mean 0.7334610819816589
root        : INFO             Network_User:    Train:    Allocated 0.0 GB Cached 0.3 GB
root        : INFO     

--------------------------
root        : INFO             Network_User:            Dataset motionsense network cnn_transformer lr 0.001 lr_optimizer 0.001 Reshape False 
root        : INFO             Network_User:    Train:    epoch 2/15 batch 546/791 itera 2129 elapsed time 0.6253378391265869 best itera 1582
root        : INFO             Network_User:    Train:    loss 0.1120654046535492
root        : INFO             Network_User:    Train:    acc 0.86, f1_weighted 0.8297205567359924, f1_mean 0.6933838725090027
root        : INFO             Network_User:    Train:    Allocated 0.0 GB Cached 0.3 GB
root        : INFO     

--------------------------
root        : INFO             Network_User:            Dataset motionsense network cnn_transformer lr 0.001 lr_optimizer 0.001 Reshape False 
root        : INFO             Network_User:    Train:    epoch 2/15 batch 585/791 itera 2168 elapsed time 0.08315277099609375 best itera 1582
root        : INFO             Network_User:    Train:    loss 0.15440510213375092
root        : INFO             Network_User:    Train:    acc 0.76, f1_weighted 0.7526682615280151, f1_mean 0.7070642113685608
root        : INFO             Network_User:    Train:    Allocated 0.0 GB Cached 0.3 GB
root        : INFO     

--------------------------
root        : INFO             Network_User:            Dataset motionsense network cnn_transformer lr 0.001 lr_optimizer 0.001 Reshape False 
root        : INFO             Network_User:    Train:    epoch 2/15 batch 624/791 itera 2207 elapsed time 0.2732875347137451 best itera 1582
root        : INFO             Network_User:    Train:    loss 0.1777946799993515
root        : INFO             Network_User:    Train:    acc 0.74, f1_weighted 0.739300549030304, f1_mean 0.7525327801704407
root        : INFO             Network_User:    Train:    Allocated 0.0 GB Cached 0.3 GB
root        : INFO     

--------------------------
root        : INFO             Network_User:            Dataset motionsense network cnn_transformer lr 0.001 lr_optimizer 0.001 Reshape False 
root        : INFO             Network_User:    Train:    epoch 2/15 batch 663/791 itera 2246 elapsed time 0.5043768882751465 best itera 1582
root        : INFO             Network_User:    Train:    loss 0.09090277552604675
root        : INFO             Network_User:    Train:    acc 0.9, f1_weighted 0.8979387283325195, f1_mean 0.8691134452819824
root        : INFO             Network_User:    Train:    Allocated 0.0 GB Cached 0.3 GB
root        : INFO     

--------------------------
root        : INFO             Network_User:            Dataset motionsense network cnn_transformer lr 0.001 lr_optimizer 0.001 Reshape False 
root        : INFO             Network_User:    Train:    epoch 2/15 batch 702/791 itera 2285 elapsed time 0.3563194274902344 best itera 1582
root        : INFO             Network_User:    Train:    loss 0.11997708678245544
root        : INFO             Network_User:    Train:    acc 0.84, f1_weighted 0.8365567922592163, f1_mean 0.7215353846549988
root        : INFO             Network_User:    Train:    Allocated 0.0 GB Cached 0.3 GB
root        : INFO     

--------------------------
root        : INFO             Network_User:            Dataset motionsense network cnn_transformer lr 0.001 lr_optimizer 0.001 Reshape False 
root        : INFO             Network_User:    Train:    epoch 2/15 batch 741/791 itera 2324 elapsed time 0.6136589050292969 best itera 1582
root        : INFO             Network_User:    Train:    loss 0.11810411512851715
root        : INFO             Network_User:    Train:    acc 0.78, f1_weighted 0.7827168107032776, f1_mean 0.7747445702552795
root        : INFO             Network_User:    Train:    Allocated 0.0 GB Cached 0.3 GB
root        : INFO     

--------------------------
root        : INFO             Network_User:            Dataset motionsense network cnn_transformer lr 0.001 lr_optimizer 0.001 Reshape False 
root        : INFO             Network_User:    Train:    epoch 2/15 batch 780/791 itera 2363 elapsed time 0.779085636138916 best itera 1582
root        : INFO             Network_User:    Train:    loss 0.09456757456064224
root        : INFO             Network_User:    Train:    acc 0.88, f1_weighted 0.8799999952316284, f1_mean 0.8333333134651184
root        : INFO             Network_User:    Train:    Allocated 0.0 GB Cached 0.3 GB
root        : INFO     

--------------------------
root        : INFO     

root        : INFO             Network_User:        Validating
root        : INFO                 Metrics: Constructor
root        : INFO     

root        : INFO             Network_User:        Validating:    epoch 2 batch 790 itera 2373 elapsed time 103.84649991989136, best itera 1582
root        : INFO             Network_User:        Validating:    acc 0.8678710591569253, f1_weighted 0.8688424825668335, f1_mean 0.8428473472595215
root        : INFO             Network_User:            Saving the network
root        : INFO     
        Network_User:    Train:    Training epoch 3
root        : INFO             Network_User:            Dataset motionsense network cnn_transformer lr 0.001 lr_optimizer 0.0005 Reshape False 
root        : INFO             Network_User:    Train:    epoch 3/15 batch 0/791 itera 2374 elapsed time 0.4257657527923584 best itera 2373
root        : INFO             Network_User:    Train:    loss 0.13856929540634155
root        : INFO             Network_User:    Train:    acc 0.82, f1_weighted 0.8171640038490295, f1_mean 0.8213403820991516
root        : INFO             Network_User:    Train:    Allocated 0.0 GB Cached 0.3 GB
root        : INFO     

--------------------------
root        : INFO             Network_User:            Dataset motionsense network cnn_transformer lr 0.001 lr_optimizer 0.0005 Reshape False 
root        : INFO             Network_User:    Train:    epoch 3/15 batch 39/791 itera 2413 elapsed time 0.4441258907318115 best itera 2373
root        : INFO             Network_User:    Train:    loss 0.07073987275362015
root        : INFO             Network_User:    Train:    acc 0.94, f1_weighted 0.938095211982727, f1_mean 0.8882274627685547
root        : INFO             Network_User:    Train:    Allocated 0.0 GB Cached 0.3 GB
root        : INFO     

--------------------------
root        : INFO             Network_User:            Dataset motionsense network cnn_transformer lr 0.001 lr_optimizer 0.0005 Reshape False 
root        : INFO             Network_User:    Train:    epoch 3/15 batch 78/791 itera 2452 elapsed time 0.47252559661865234 best itera 2373
root        : INFO             Network_User:    Train:    loss 0.10246770828962326
root        : INFO             Network_User:    Train:    acc 0.84, f1_weighted 0.8425936698913574, f1_mean 0.78534334897995
root        : INFO             Network_User:    Train:    Allocated 0.0 GB Cached 0.3 GB
root        : INFO     

--------------------------
root        : INFO             Network_User:            Dataset motionsense network cnn_transformer lr 0.001 lr_optimizer 0.0005 Reshape False 
root        : INFO             Network_User:    Train:    epoch 3/15 batch 117/791 itera 2491 elapsed time 0.8123342990875244 best itera 2373
root        : INFO             Network_User:    Train:    loss 0.06764962524175644
root        : INFO             Network_User:    Train:    acc 0.88, f1_weighted 0.8754920959472656, f1_mean 0.8195767402648926
root        : INFO             Network_User:    Train:    Allocated 0.0 GB Cached 0.3 GB
root        : INFO     

--------------------------
root        : INFO             Network_User:            Dataset motionsense network cnn_transformer lr 0.001 lr_optimizer 0.0005 Reshape False 
root        : INFO             Network_User:    Train:    epoch 3/15 batch 156/791 itera 2530 elapsed time 0.4710078239440918 best itera 2373
root        : INFO             Network_User:    Train:    loss 0.09120723605155945
root        : INFO             Network_User:    Train:    acc 0.88, f1_weighted 0.8857591152191162, f1_mean 0.8721755146980286
root        : INFO             Network_User:    Train:    Allocated 0.0 GB Cached 0.3 GB
root        : INFO     

--------------------------
root        : INFO             Network_User:            Dataset motionsense network cnn_transformer lr 0.001 lr_optimizer 0.0005 Reshape False 
root        : INFO             Network_User:    Train:    epoch 3/15 batch 195/791 itera 2569 elapsed time 0.32015132904052734 best itera 2373
root        : INFO             Network_User:    Train:    loss 0.09224072098731995
root        : INFO             Network_User:    Train:    acc 0.86, f1_weighted 0.8566383719444275, f1_mean 0.8877655863761902
root        : INFO             Network_User:    Train:    Allocated 0.0 GB Cached 0.3 GB
root        : INFO     

--------------------------
root        : INFO             Network_User:            Dataset motionsense network cnn_transformer lr 0.001 lr_optimizer 0.0005 Reshape False 
root        : INFO             Network_User:    Train:    epoch 3/15 batch 234/791 itera 2608 elapsed time 0.5664408206939697 best itera 2373
root        : INFO             Network_User:    Train:    loss 0.14519751071929932
root        : INFO             Network_User:    Train:    acc 0.76, f1_weighted 0.7576967477798462, f1_mean 0.7178022265434265
root        : INFO             Network_User:    Train:    Allocated 0.0 GB Cached 0.3 GB
root        : INFO     

--------------------------
root        : INFO             Network_User:            Dataset motionsense network cnn_transformer lr 0.001 lr_optimizer 0.0005 Reshape False 
root        : INFO             Network_User:    Train:    epoch 3/15 batch 273/791 itera 2647 elapsed time 0.1708850860595703 best itera 2373
root        : INFO             Network_User:    Train:    loss 0.050591107457876205
root        : INFO             Network_User:    Train:    acc 0.94, f1_weighted 0.9397714138031006, f1_mean 0.7895238399505615
root        : INFO             Network_User:    Train:    Allocated 0.0 GB Cached 0.3 GB
root        : INFO     

--------------------------
root        : INFO             Network_User:            Dataset motionsense network cnn_transformer lr 0.001 lr_optimizer 0.0005 Reshape False 
root        : INFO             Network_User:    Train:    epoch 3/15 batch 312/791 itera 2686 elapsed time 0.2812516689300537 best itera 2373
root        : INFO             Network_User:    Train:    loss 0.08248667418956757
root        : INFO             Network_User:    Train:    acc 0.86, f1_weighted 0.8480000495910645, f1_mean 0.800000011920929
root        : INFO             Network_User:    Train:    Allocated 0.0 GB Cached 0.3 GB
root        : INFO     

--------------------------
root        : INFO             Network_User:            Dataset motionsense network cnn_transformer lr 0.001 lr_optimizer 0.0005 Reshape False 
root        : INFO             Network_User:    Train:    epoch 3/15 batch 351/791 itera 2725 elapsed time 0.38724207878112793 best itera 2373
root        : INFO             Network_User:    Train:    loss 0.07745098322629929
root        : INFO             Network_User:    Train:    acc 0.9, f1_weighted 0.9007453918457031, f1_mean 0.8788475394248962
root        : INFO             Network_User:    Train:    Allocated 0.0 GB Cached 0.3 GB
root        : INFO     

--------------------------
root        : INFO             Network_User:            Dataset motionsense network cnn_transformer lr 0.001 lr_optimizer 0.0005 Reshape False 
root        : INFO             Network_User:    Train:    epoch 3/15 batch 390/791 itera 2764 elapsed time 0.4589049816131592 best itera 2373
root        : INFO             Network_User:    Train:    loss 0.1261998564004898
root        : INFO             Network_User:    Train:    acc 0.82, f1_weighted 0.8202001452445984, f1_mean 0.7577447891235352
root        : INFO             Network_User:    Train:    Allocated 0.0 GB Cached 0.3 GB
root        : INFO     

--------------------------
root        : INFO             Network_User:            Dataset motionsense network cnn_transformer lr 0.001 lr_optimizer 0.0005 Reshape False 
root        : INFO             Network_User:    Train:    epoch 3/15 batch 429/791 itera 2803 elapsed time 0.29221177101135254 best itera 2373
root        : INFO             Network_User:    Train:    loss 0.07189204543828964
root        : INFO             Network_User:    Train:    acc 0.86, f1_weighted 0.8613529205322266, f1_mean 0.7480392456054688
root        : INFO             Network_User:    Train:    Allocated 0.0 GB Cached 0.3 GB
root        : INFO     

--------------------------
root        : INFO             Network_User:            Dataset motionsense network cnn_transformer lr 0.001 lr_optimizer 0.0005 Reshape False 
root        : INFO             Network_User:    Train:    epoch 3/15 batch 468/791 itera 2842 elapsed time 0.4259631633758545 best itera 2373
root        : INFO             Network_User:    Train:    loss 0.1134604662656784
root        : INFO             Network_User:    Train:    acc 0.82, f1_weighted 0.820702850818634, f1_mean 0.8133005499839783
root        : INFO             Network_User:    Train:    Allocated 0.0 GB Cached 0.3 GB
root        : INFO     

--------------------------
root        : INFO             Network_User:            Dataset motionsense network cnn_transformer lr 0.001 lr_optimizer 0.0005 Reshape False 
root        : INFO             Network_User:    Train:    epoch 3/15 batch 507/791 itera 2881 elapsed time 0.4050564765930176 best itera 2373
root        : INFO             Network_User:    Train:    loss 0.0864531397819519
root        : INFO             Network_User:    Train:    acc 0.88, f1_weighted 0.8827439546585083, f1_mean 0.856360673904419
root        : INFO             Network_User:    Train:    Allocated 0.0 GB Cached 0.3 GB
root        : INFO     

--------------------------
root        : INFO             Network_User:            Dataset motionsense network cnn_transformer lr 0.001 lr_optimizer 0.0005 Reshape False 
root        : INFO             Network_User:    Train:    epoch 3/15 batch 546/791 itera 2920 elapsed time 0.16800761222839355 best itera 2373
root        : INFO             Network_User:    Train:    loss 0.051805004477500916
root        : INFO             Network_User:    Train:    acc 0.88, f1_weighted 0.8781538009643555, f1_mean 0.8692307472229004
root        : INFO             Network_User:    Train:    Allocated 0.0 GB Cached 0.3 GB
root        : INFO     

--------------------------
root        : INFO             Network_User:            Dataset motionsense network cnn_transformer lr 0.001 lr_optimizer 0.0005 Reshape False 
root        : INFO             Network_User:    Train:    epoch 3/15 batch 585/791 itera 2959 elapsed time 0.5735666751861572 best itera 2373
root        : INFO             Network_User:    Train:    loss 0.1044403463602066
root        : INFO             Network_User:    Train:    acc 0.84, f1_weighted 0.8415756821632385, f1_mean 0.7835413813591003
root        : INFO             Network_User:    Train:    Allocated 0.0 GB Cached 0.3 GB
root        : INFO     

--------------------------
root        : INFO             Network_User:            Dataset motionsense network cnn_transformer lr 0.001 lr_optimizer 0.0005 Reshape False 
root        : INFO             Network_User:    Train:    epoch 3/15 batch 624/791 itera 2998 elapsed time 0.6537466049194336 best itera 2373
root        : INFO             Network_User:    Train:    loss 0.11964736133813858
root        : INFO             Network_User:    Train:    acc 0.8, f1_weighted 0.7992727160453796, f1_mean 0.7767676711082458
root        : INFO             Network_User:    Train:    Allocated 0.0 GB Cached 0.3 GB
root        : INFO     

--------------------------
root        : INFO             Network_User:            Dataset motionsense network cnn_transformer lr 0.001 lr_optimizer 0.0005 Reshape False 
root        : INFO             Network_User:    Train:    epoch 3/15 batch 663/791 itera 3037 elapsed time 0.47702455520629883 best itera 2373
root        : INFO             Network_User:    Train:    loss 0.07812346518039703
root        : INFO             Network_User:    Train:    acc 0.88, f1_weighted 0.8766389489173889, f1_mean 0.794675886631012
root        : INFO             Network_User:    Train:    Allocated 0.0 GB Cached 0.3 GB
root        : INFO     

--------------------------
root        : INFO             Network_User:            Dataset motionsense network cnn_transformer lr 0.001 lr_optimizer 0.0005 Reshape False 
root        : INFO             Network_User:    Train:    epoch 3/15 batch 702/791 itera 3076 elapsed time 0.42047548294067383 best itera 2373
root        : INFO             Network_User:    Train:    loss 0.07947388291358948
root        : INFO             Network_User:    Train:    acc 0.9, f1_weighted 0.8883501887321472, f1_mean 0.8706509470939636
root        : INFO             Network_User:    Train:    Allocated 0.0 GB Cached 0.3 GB
root        : INFO     

--------------------------
root        : INFO             Network_User:            Dataset motionsense network cnn_transformer lr 0.001 lr_optimizer 0.0005 Reshape False 
root        : INFO             Network_User:    Train:    epoch 3/15 batch 741/791 itera 3115 elapsed time 0.5574133396148682 best itera 2373
root        : INFO             Network_User:    Train:    loss 0.10759840160608292
root        : INFO             Network_User:    Train:    acc 0.88, f1_weighted 0.870833158493042, f1_mean 0.7985169291496277
root        : INFO             Network_User:    Train:    Allocated 0.0 GB Cached 0.3 GB
root        : INFO     

--------------------------
root        : INFO             Network_User:            Dataset motionsense network cnn_transformer lr 0.001 lr_optimizer 0.0005 Reshape False 
root        : INFO             Network_User:    Train:    epoch 3/15 batch 780/791 itera 3154 elapsed time 0.4588911533355713 best itera 2373
root        : INFO             Network_User:    Train:    loss 0.09668417274951935
root        : INFO             Network_User:    Train:    acc 0.86, f1_weighted 0.8488461375236511, f1_mean 0.8232051730155945
root        : INFO             Network_User:    Train:    Allocated 0.0 GB Cached 0.3 GB
root        : INFO     

--------------------------
root        : INFO     

root        : INFO             Network_User:        Validating
root        : INFO                 Metrics: Constructor
root        : INFO     

root        : INFO             Network_User:        Validating:    epoch 3 batch 790 itera 3164 elapsed time 95.10481572151184, best itera 2373
root        : INFO             Network_User:        Validating:    acc 0.8939662297791947, f1_weighted 0.8932875394821167, f1_mean 0.870778501033783
root        : INFO             Network_User:            Saving the network
root        : INFO     
        Network_User:    Train:    Training epoch 4
root        : INFO             Network_User:            Dataset motionsense network cnn_transformer lr 0.001 lr_optimizer 0.0005 Reshape False 
root        : INFO             Network_User:    Train:    epoch 4/15 batch 0/791 itera 3165 elapsed time 0.5791447162628174 best itera 3164
root        : INFO             Network_User:    Train:    loss 0.1361556351184845
root        : INFO             Network_User:    Train:    acc 0.84, f1_weighted 0.8453635573387146, f1_mean 0.7907819747924805
root        : INFO             Network_User:    Train:    Allocated 0.0 GB Cached 0.3 GB
root        : INFO     

--------------------------
root        : INFO             Network_User:            Dataset motionsense network cnn_transformer lr 0.001 lr_optimizer 0.0005 Reshape False 
root        : INFO             Network_User:    Train:    epoch 4/15 batch 39/791 itera 3204 elapsed time 0.3536524772644043 best itera 3164
root        : INFO             Network_User:    Train:    loss 0.1390264332294464
root        : INFO             Network_User:    Train:    acc 0.78, f1_weighted 0.7697550654411316, f1_mean 0.7536601424217224
root        : INFO             Network_User:    Train:    Allocated 0.0 GB Cached 0.3 GB
root        : INFO     

--------------------------
root        : INFO             Network_User:            Dataset motionsense network cnn_transformer lr 0.001 lr_optimizer 0.0005 Reshape False 
root        : INFO             Network_User:    Train:    epoch 4/15 batch 78/791 itera 3243 elapsed time 0.42104315757751465 best itera 3164
root        : INFO             Network_User:    Train:    loss 0.08261658996343613
root        : INFO             Network_User:    Train:    acc 0.88, f1_weighted 0.8814392685890198, f1_mean 0.8271188735961914
root        : INFO             Network_User:    Train:    Allocated 0.0 GB Cached 0.3 GB
root        : INFO     

--------------------------
root        : INFO             Network_User:            Dataset motionsense network cnn_transformer lr 0.001 lr_optimizer 0.0005 Reshape False 
root        : INFO             Network_User:    Train:    epoch 4/15 batch 117/791 itera 3282 elapsed time 0.8471851348876953 best itera 3164
root        : INFO             Network_User:    Train:    loss 0.0604739673435688
root        : INFO             Network_User:    Train:    acc 0.92, f1_weighted 0.9238877296447754, f1_mean 0.8981286883354187
root        : INFO             Network_User:    Train:    Allocated 0.0 GB Cached 0.3 GB
root        : INFO     

--------------------------
root        : INFO             Network_User:            Dataset motionsense network cnn_transformer lr 0.001 lr_optimizer 0.0005 Reshape False 
root        : INFO             Network_User:    Train:    epoch 4/15 batch 156/791 itera 3321 elapsed time 0.8812243938446045 best itera 3164
root        : INFO             Network_User:    Train:    loss 0.06680372357368469
root        : INFO             Network_User:    Train:    acc 0.88, f1_weighted 0.864047646522522, f1_mean 0.72817462682724
root        : INFO             Network_User:    Train:    Allocated 0.0 GB Cached 0.3 GB
root        : INFO     

--------------------------
root        : INFO             Network_User:            Dataset motionsense network cnn_transformer lr 0.001 lr_optimizer 0.0005 Reshape False 
root        : INFO             Network_User:    Train:    epoch 4/15 batch 195/791 itera 3360 elapsed time 0.33241868019104004 best itera 3164
root        : INFO             Network_User:    Train:    loss 0.06305236369371414
root        : INFO             Network_User:    Train:    acc 0.92, f1_weighted 0.9171273708343506, f1_mean 0.8859989643096924
root        : INFO             Network_User:    Train:    Allocated 0.0 GB Cached 0.3 GB
root        : INFO     

--------------------------
root        : INFO             Network_User:            Dataset motionsense network cnn_transformer lr 0.001 lr_optimizer 0.0005 Reshape False 
root        : INFO             Network_User:    Train:    epoch 4/15 batch 234/791 itera 3399 elapsed time 0.2714509963989258 best itera 3164
root        : INFO             Network_User:    Train:    loss 0.04086656868457794
root        : INFO             Network_User:    Train:    acc 0.96, f1_weighted 0.9593161940574646, f1_mean 0.9501424431800842
root        : INFO             Network_User:    Train:    Allocated 0.0 GB Cached 0.3 GB
root        : INFO     

--------------------------
root        : INFO             Network_User:            Dataset motionsense network cnn_transformer lr 0.001 lr_optimizer 0.0005 Reshape False 
root        : INFO             Network_User:    Train:    epoch 4/15 batch 273/791 itera 3438 elapsed time 0.6982090473175049 best itera 3164
root        : INFO             Network_User:    Train:    loss 0.08578198403120041
root        : INFO             Network_User:    Train:    acc 0.86, f1_weighted 0.8549819588661194, f1_mean 0.8157088160514832
root        : INFO             Network_User:    Train:    Allocated 0.0 GB Cached 0.3 GB
root        : INFO     

--------------------------
root        : INFO             Network_User:            Dataset motionsense network cnn_transformer lr 0.001 lr_optimizer 0.0005 Reshape False 
root        : INFO             Network_User:    Train:    epoch 4/15 batch 312/791 itera 3477 elapsed time 0.48084425926208496 best itera 3164
root        : INFO             Network_User:    Train:    loss 0.06777974963188171
root        : INFO             Network_User:    Train:    acc 0.92, f1_weighted 0.9222381711006165, f1_mean 0.8993386626243591
root        : INFO             Network_User:    Train:    Allocated 0.0 GB Cached 0.3 GB
root        : INFO     

--------------------------
root        : INFO             Network_User:            Dataset motionsense network cnn_transformer lr 0.001 lr_optimizer 0.0005 Reshape False 
root        : INFO             Network_User:    Train:    epoch 4/15 batch 351/791 itera 3516 elapsed time 0.9943418502807617 best itera 3164
root        : INFO             Network_User:    Train:    loss 0.11384966969490051
root        : INFO             Network_User:    Train:    acc 0.86, f1_weighted 0.8645714521408081, f1_mean 0.8178572058677673
root        : INFO             Network_User:    Train:    Allocated 0.0 GB Cached 0.3 GB
root        : INFO     

--------------------------
root        : INFO             Network_User:            Dataset motionsense network cnn_transformer lr 0.001 lr_optimizer 0.0005 Reshape False 
root        : INFO             Network_User:    Train:    epoch 4/15 batch 390/791 itera 3555 elapsed time 0.5392613410949707 best itera 3164
root        : INFO             Network_User:    Train:    loss 0.06144201382994652
root        : INFO             Network_User:    Train:    acc 0.94, f1_weighted 0.9415421485900879, f1_mean 0.8848819136619568
root        : INFO             Network_User:    Train:    Allocated 0.0 GB Cached 0.3 GB
root        : INFO     

--------------------------
root        : INFO             Network_User:            Dataset motionsense network cnn_transformer lr 0.001 lr_optimizer 0.0005 Reshape False 
root        : INFO             Network_User:    Train:    epoch 4/15 batch 429/791 itera 3594 elapsed time 0.8208882808685303 best itera 3164
root        : INFO             Network_User:    Train:    loss 0.06297758966684341
root        : INFO             Network_User:    Train:    acc 0.94, f1_weighted 0.9429211616516113, f1_mean 0.9236857891082764
root        : INFO             Network_User:    Train:    Allocated 0.0 GB Cached 0.3 GB
root        : INFO     

--------------------------
root        : INFO             Network_User:            Dataset motionsense network cnn_transformer lr 0.001 lr_optimizer 0.0005 Reshape False 
root        : INFO             Network_User:    Train:    epoch 4/15 batch 468/791 itera 3633 elapsed time 0.13247370719909668 best itera 3164
root        : INFO             Network_User:    Train:    loss 0.08285123109817505
root        : INFO             Network_User:    Train:    acc 0.9, f1_weighted 0.8975072503089905, f1_mean 0.8415458798408508
root        : INFO             Network_User:    Train:    Allocated 0.0 GB Cached 0.3 GB
root        : INFO     

--------------------------
root        : INFO             Network_User:            Dataset motionsense network cnn_transformer lr 0.001 lr_optimizer 0.0005 Reshape False 
root        : INFO             Network_User:    Train:    epoch 4/15 batch 507/791 itera 3672 elapsed time 0.3430299758911133 best itera 3164
root        : INFO             Network_User:    Train:    loss 0.10728643089532852
root        : INFO             Network_User:    Train:    acc 0.86, f1_weighted 0.8517857193946838, f1_mean 0.8100197911262512
root        : INFO             Network_User:    Train:    Allocated 0.0 GB Cached 0.3 GB
root        : INFO     

--------------------------
root        : INFO             Network_User:            Dataset motionsense network cnn_transformer lr 0.001 lr_optimizer 0.0005 Reshape False 
root        : INFO             Network_User:    Train:    epoch 4/15 batch 546/791 itera 3711 elapsed time 0.5935490131378174 best itera 3164
root        : INFO             Network_User:    Train:    loss 0.090110644698143
root        : INFO             Network_User:    Train:    acc 0.84, f1_weighted 0.8422857522964478, f1_mean 0.8380952477455139
root        : INFO             Network_User:    Train:    Allocated 0.0 GB Cached 0.3 GB
root        : INFO     

--------------------------
root        : INFO             Network_User:            Dataset motionsense network cnn_transformer lr 0.001 lr_optimizer 0.0005 Reshape False 
root        : INFO             Network_User:    Train:    epoch 4/15 batch 585/791 itera 3750 elapsed time 0.34604907035827637 best itera 3164
root        : INFO             Network_User:    Train:    loss 0.07874996960163116
root        : INFO             Network_User:    Train:    acc 0.84, f1_weighted 0.8360317349433899, f1_mean 0.7706829905509949
root        : INFO             Network_User:    Train:    Allocated 0.0 GB Cached 0.3 GB
root        : INFO     

--------------------------
root        : INFO             Network_User:            Dataset motionsense network cnn_transformer lr 0.001 lr_optimizer 0.0005 Reshape False 
root        : INFO             Network_User:    Train:    epoch 4/15 batch 624/791 itera 3789 elapsed time 0.36703014373779297 best itera 3164
root        : INFO             Network_User:    Train:    loss 0.06115814670920372
root        : INFO             Network_User:    Train:    acc 0.92, f1_weighted 0.9205847978591919, f1_mean 0.8432223796844482
root        : INFO             Network_User:    Train:    Allocated 0.0 GB Cached 0.3 GB
root        : INFO     

--------------------------
root        : INFO             Network_User:            Dataset motionsense network cnn_transformer lr 0.001 lr_optimizer 0.0005 Reshape False 
root        : INFO             Network_User:    Train:    epoch 4/15 batch 663/791 itera 3828 elapsed time 0.7196459770202637 best itera 3164
root        : INFO             Network_User:    Train:    loss 0.06086858734488487
root        : INFO             Network_User:    Train:    acc 0.92, f1_weighted 0.9200000762939453, f1_mean 0.8888888955116272
root        : INFO             Network_User:    Train:    Allocated 0.0 GB Cached 0.3 GB
root        : INFO     

--------------------------
root        : INFO             Network_User:            Dataset motionsense network cnn_transformer lr 0.001 lr_optimizer 0.0005 Reshape False 
root        : INFO             Network_User:    Train:    epoch 4/15 batch 702/791 itera 3867 elapsed time 1.0485713481903076 best itera 3164
root        : INFO             Network_User:    Train:    loss 0.06076258048415184
root        : INFO             Network_User:    Train:    acc 0.96, f1_weighted 0.9599999785423279, f1_mean 0.805555522441864
root        : INFO             Network_User:    Train:    Allocated 0.0 GB Cached 0.3 GB
root        : INFO     

--------------------------
root        : INFO             Network_User:            Dataset motionsense network cnn_transformer lr 0.001 lr_optimizer 0.0005 Reshape False 
root        : INFO             Network_User:    Train:    epoch 4/15 batch 741/791 itera 3906 elapsed time 0.35248494148254395 best itera 3164
root        : INFO             Network_User:    Train:    loss 0.059856656938791275
root        : INFO             Network_User:    Train:    acc 0.88, f1_weighted 0.8822222352027893, f1_mean 0.859259307384491
root        : INFO             Network_User:    Train:    Allocated 0.0 GB Cached 0.3 GB
root        : INFO     

--------------------------
root        : INFO             Network_User:            Dataset motionsense network cnn_transformer lr 0.001 lr_optimizer 0.0005 Reshape False 
root        : INFO             Network_User:    Train:    epoch 4/15 batch 780/791 itera 3945 elapsed time 0.7331821918487549 best itera 3164
root        : INFO             Network_User:    Train:    loss 0.07402375340461731
root        : INFO             Network_User:    Train:    acc 0.94, f1_weighted 0.9399225115776062, f1_mean 0.9252789616584778
root        : INFO             Network_User:    Train:    Allocated 0.0 GB Cached 0.3 GB
root        : INFO     

--------------------------
root        : INFO     

root        : INFO             Network_User:        Validating
root        : INFO                 Metrics: Constructor
root        : INFO     

root        : INFO             Network_User:        Validating:    epoch 4 batch 790 itera 3955 elapsed time 106.2653877735138, best itera 3164
root        : INFO             Network_User:        Validating:    acc 0.9107332624867163, f1_weighted 0.9086551666259766, f1_mean 0.8873558044433594
root        : INFO             Network_User:            Saving the network
root        : INFO     
        Network_User:    Train:    Training epoch 5
root        : INFO             Network_User:            Dataset motionsense network cnn_transformer lr 0.001 lr_optimizer 0.00025 Reshape False 
root        : INFO             Network_User:    Train:    epoch 5/15 batch 0/791 itera 3956 elapsed time 0.19506382942199707 best itera 3955
root        : INFO             Network_User:    Train:    loss 0.07572220265865326
root        : INFO             Network_User:    Train:    acc 0.92, f1_weighted 0.9152815341949463, f1_mean 0.8868125081062317
root        : INFO             Network_User:    Train:    Allocated 0.0 GB Cached 0.3 GB
root        : INFO     

--------------------------
root        : INFO             Network_User:            Dataset motionsense network cnn_transformer lr 0.001 lr_optimizer 0.00025 Reshape False 
root        : INFO             Network_User:    Train:    epoch 5/15 batch 39/791 itera 3995 elapsed time 0.5050771236419678 best itera 3955
root        : INFO             Network_User:    Train:    loss 0.06601960957050323
root        : INFO             Network_User:    Train:    acc 0.96, f1_weighted 0.9599999785423279, f1_mean 0.9375
root        : INFO             Network_User:    Train:    Allocated 0.0 GB Cached 0.3 GB
root        : INFO     

--------------------------
root        : INFO             Network_User:            Dataset motionsense network cnn_transformer lr 0.001 lr_optimizer 0.00025 Reshape False 
root        : INFO             Network_User:    Train:    epoch 5/15 batch 78/791 itera 4034 elapsed time 0.6765010356903076 best itera 3955
root        : INFO             Network_User:    Train:    loss 0.059666477143764496
root        : INFO             Network_User:    Train:    acc 0.88, f1_weighted 0.8765876293182373, f1_mean 0.8415181040763855
root        : INFO             Network_User:    Train:    Allocated 0.0 GB Cached 0.3 GB
root        : INFO     

--------------------------
root        : INFO             Network_User:            Dataset motionsense network cnn_transformer lr 0.001 lr_optimizer 0.00025 Reshape False 
root        : INFO             Network_User:    Train:    epoch 5/15 batch 117/791 itera 4073 elapsed time 0.3364560604095459 best itera 3955
root        : INFO             Network_User:    Train:    loss 0.06992658972740173
root        : INFO             Network_User:    Train:    acc 0.9, f1_weighted 0.9002010822296143, f1_mean 0.8930953145027161
root        : INFO             Network_User:    Train:    Allocated 0.0 GB Cached 0.3 GB
root        : INFO     

--------------------------
root        : INFO             Network_User:            Dataset motionsense network cnn_transformer lr 0.001 lr_optimizer 0.00025 Reshape False 
root        : INFO             Network_User:    Train:    epoch 5/15 batch 156/791 itera 4112 elapsed time 0.19535565376281738 best itera 3955
root        : INFO             Network_User:    Train:    loss 0.08044952154159546
root        : INFO             Network_User:    Train:    acc 0.86, f1_weighted 0.8547727465629578, f1_mean 0.8121843338012695
root        : INFO             Network_User:    Train:    Allocated 0.0 GB Cached 0.3 GB
root        : INFO     

--------------------------
root        : INFO             Network_User:            Dataset motionsense network cnn_transformer lr 0.001 lr_optimizer 0.00025 Reshape False 
root        : INFO             Network_User:    Train:    epoch 5/15 batch 195/791 itera 4151 elapsed time 0.32770538330078125 best itera 3955
root        : INFO             Network_User:    Train:    loss 0.10398013889789581
root        : INFO             Network_User:    Train:    acc 0.86, f1_weighted 0.867809534072876, f1_mean 0.7746031284332275
root        : INFO             Network_User:    Train:    Allocated 0.0 GB Cached 0.3 GB
root        : INFO     

--------------------------
root        : INFO             Network_User:            Dataset motionsense network cnn_transformer lr 0.001 lr_optimizer 0.00025 Reshape False 
root        : INFO             Network_User:    Train:    epoch 5/15 batch 234/791 itera 4190 elapsed time 0.5365984439849854 best itera 3955
root        : INFO             Network_User:    Train:    loss 0.06662841886281967
root        : INFO             Network_User:    Train:    acc 0.94, f1_weighted 0.9399999380111694, f1_mean 0.8714285492897034
root        : INFO             Network_User:    Train:    Allocated 0.0 GB Cached 0.3 GB
root        : INFO     

--------------------------
root        : INFO             Network_User:            Dataset motionsense network cnn_transformer lr 0.001 lr_optimizer 0.00025 Reshape False 
root        : INFO             Network_User:    Train:    epoch 5/15 batch 273/791 itera 4229 elapsed time 0.34838294982910156 best itera 3955
root        : INFO             Network_User:    Train:    loss 0.05216047167778015
root        : INFO             Network_User:    Train:    acc 0.94, f1_weighted 0.9365367889404297, f1_mean 0.8816738724708557
root        : INFO             Network_User:    Train:    Allocated 0.0 GB Cached 0.3 GB
root        : INFO     

--------------------------
root        : INFO             Network_User:            Dataset motionsense network cnn_transformer lr 0.001 lr_optimizer 0.00025 Reshape False 
root        : INFO             Network_User:    Train:    epoch 5/15 batch 312/791 itera 4268 elapsed time 0.6330883502960205 best itera 3955
root        : INFO             Network_User:    Train:    loss 0.11421772092580795
root        : INFO             Network_User:    Train:    acc 0.86, f1_weighted 0.8604541420936584, f1_mean 0.8480005264282227
root        : INFO             Network_User:    Train:    Allocated 0.0 GB Cached 0.3 GB
root        : INFO     

--------------------------
root        : INFO             Network_User:            Dataset motionsense network cnn_transformer lr 0.001 lr_optimizer 0.00025 Reshape False 
root        : INFO             Network_User:    Train:    epoch 5/15 batch 351/791 itera 4307 elapsed time 0.1019136905670166 best itera 3955
root        : INFO             Network_User:    Train:    loss 0.08460184186697006
root        : INFO             Network_User:    Train:    acc 0.9, f1_weighted 0.8922539949417114, f1_mean 0.8558862209320068
root        : INFO             Network_User:    Train:    Allocated 0.0 GB Cached 0.3 GB
root        : INFO     

--------------------------
root        : INFO             Network_User:            Dataset motionsense network cnn_transformer lr 0.001 lr_optimizer 0.00025 Reshape False 
root        : INFO             Network_User:    Train:    epoch 5/15 batch 390/791 itera 4346 elapsed time 0.6804935932159424 best itera 3955
root        : INFO             Network_User:    Train:    loss 0.08052084594964981
root        : INFO             Network_User:    Train:    acc 0.88, f1_weighted 0.8806316256523132, f1_mean 0.881140410900116
root        : INFO             Network_User:    Train:    Allocated 0.0 GB Cached 0.3 GB
root        : INFO     

--------------------------
root        : INFO             Network_User:            Dataset motionsense network cnn_transformer lr 0.001 lr_optimizer 0.00025 Reshape False 
root        : INFO             Network_User:    Train:    epoch 5/15 batch 429/791 itera 4385 elapsed time 0.14517712593078613 best itera 3955
root        : INFO             Network_User:    Train:    loss 0.060509562492370605
root        : INFO             Network_User:    Train:    acc 0.94, f1_weighted 0.9388889074325562, f1_mean 0.9219577312469482
root        : INFO             Network_User:    Train:    Allocated 0.0 GB Cached 0.3 GB
root        : INFO     

--------------------------
root        : INFO             Network_User:            Dataset motionsense network cnn_transformer lr 0.001 lr_optimizer 0.00025 Reshape False 
root        : INFO             Network_User:    Train:    epoch 5/15 batch 468/791 itera 4424 elapsed time 0.289614200592041 best itera 3955
root        : INFO             Network_User:    Train:    loss 0.0718671977519989
root        : INFO             Network_User:    Train:    acc 0.92, f1_weighted 0.9210909008979797, f1_mean 0.9237373471260071
root        : INFO             Network_User:    Train:    Allocated 0.0 GB Cached 0.3 GB
root        : INFO     

--------------------------
root        : INFO             Network_User:            Dataset motionsense network cnn_transformer lr 0.001 lr_optimizer 0.00025 Reshape False 
root        : INFO             Network_User:    Train:    epoch 5/15 batch 507/791 itera 4463 elapsed time 0.3580195903778076 best itera 3955
root        : INFO             Network_User:    Train:    loss 0.08465386182069778
root        : INFO             Network_User:    Train:    acc 0.84, f1_weighted 0.8355839848518372, f1_mean 0.7976412773132324
root        : INFO             Network_User:    Train:    Allocated 0.0 GB Cached 0.3 GB
root        : INFO     

--------------------------
root        : INFO             Network_User:            Dataset motionsense network cnn_transformer lr 0.001 lr_optimizer 0.00025 Reshape False 
root        : INFO             Network_User:    Train:    epoch 5/15 batch 546/791 itera 4502 elapsed time 0.5165033340454102 best itera 3955
root        : INFO             Network_User:    Train:    loss 0.043751612305641174
root        : INFO             Network_User:    Train:    acc 0.96, f1_weighted 0.9609023332595825, f1_mean 0.9563074111938477
root        : INFO             Network_User:    Train:    Allocated 0.0 GB Cached 0.3 GB
root        : INFO     

--------------------------
root        : INFO             Network_User:            Dataset motionsense network cnn_transformer lr 0.001 lr_optimizer 0.00025 Reshape False 
root        : INFO             Network_User:    Train:    epoch 5/15 batch 585/791 itera 4541 elapsed time 0.7633435726165771 best itera 3955
root        : INFO             Network_User:    Train:    loss 0.06376515328884125
root        : INFO             Network_User:    Train:    acc 0.92, f1_weighted 0.9207619428634644, f1_mean 0.9209198355674744
root        : INFO             Network_User:    Train:    Allocated 0.0 GB Cached 0.3 GB
root        : INFO     

--------------------------
root        : INFO             Network_User:            Dataset motionsense network cnn_transformer lr 0.001 lr_optimizer 0.00025 Reshape False 
root        : INFO             Network_User:    Train:    epoch 5/15 batch 624/791 itera 4580 elapsed time 0.7143299579620361 best itera 3955
root        : INFO             Network_User:    Train:    loss 0.040390003472566605
root        : INFO             Network_User:    Train:    acc 0.94, f1_weighted 0.9396825432777405, f1_mean 0.9160053133964539
root        : INFO             Network_User:    Train:    Allocated 0.0 GB Cached 0.3 GB
root        : INFO     

--------------------------
root        : INFO             Network_User:            Dataset motionsense network cnn_transformer lr 0.001 lr_optimizer 0.00025 Reshape False 
root        : INFO             Network_User:    Train:    epoch 5/15 batch 663/791 itera 4619 elapsed time 0.45447492599487305 best itera 3955
root        : INFO             Network_User:    Train:    loss 0.04573811590671539
root        : INFO             Network_User:    Train:    acc 0.94, f1_weighted 0.9399999380111694, f1_mean 0.8992063403129578
root        : INFO             Network_User:    Train:    Allocated 0.0 GB Cached 0.3 GB
root        : INFO     

--------------------------
root        : INFO             Network_User:            Dataset motionsense network cnn_transformer lr 0.001 lr_optimizer 0.00025 Reshape False 
root        : INFO             Network_User:    Train:    epoch 5/15 batch 702/791 itera 4658 elapsed time 0.17024755477905273 best itera 3955
root        : INFO             Network_User:    Train:    loss 0.051408492028713226
root        : INFO             Network_User:    Train:    acc 0.9, f1_weighted 0.8981699347496033, f1_mean 0.8657951354980469
root        : INFO             Network_User:    Train:    Allocated 0.0 GB Cached 0.3 GB
root        : INFO     

--------------------------
root        : INFO             Network_User:            Dataset motionsense network cnn_transformer lr 0.001 lr_optimizer 0.00025 Reshape False 
root        : INFO             Network_User:    Train:    epoch 5/15 batch 741/791 itera 4697 elapsed time 0.6266293525695801 best itera 3955
root        : INFO             Network_User:    Train:    loss 0.07880141586065292
root        : INFO             Network_User:    Train:    acc 0.86, f1_weighted 0.8544443845748901, f1_mean 0.8187830448150635
root        : INFO             Network_User:    Train:    Allocated 0.0 GB Cached 0.3 GB
root        : INFO     

--------------------------
root        : INFO             Network_User:            Dataset motionsense network cnn_transformer lr 0.001 lr_optimizer 0.00025 Reshape False 
root        : INFO             Network_User:    Train:    epoch 5/15 batch 780/791 itera 4736 elapsed time 0.4863712787628174 best itera 3955
root        : INFO             Network_User:    Train:    loss 0.10963238030672073
root        : INFO             Network_User:    Train:    acc 0.88, f1_weighted 0.8824060559272766, f1_mean 0.8539898991584778
root        : INFO             Network_User:    Train:    Allocated 0.0 GB Cached 0.3 GB
root        : INFO     

--------------------------
root        : INFO     

root        : INFO             Network_User:        Validating
root        : INFO                 Metrics: Constructor
root        : INFO     

root        : INFO             Network_User:        Validating:    epoch 5 batch 790 itera 4746 elapsed time 104.45168709754944, best itera 3955
root        : INFO             Network_User:        Validating:    acc 0.9117959617428267, f1_weighted 0.9116042852401733, f1_mean 0.8933771252632141
root        : INFO             Network_User:            Saving the network
root        : INFO     
        Network_User:    Train:    Training epoch 6
root        : INFO             Network_User:            Dataset motionsense network cnn_transformer lr 0.001 lr_optimizer 0.00025 Reshape False 
root        : INFO             Network_User:    Train:    epoch 6/15 batch 0/791 itera 4747 elapsed time 0.6230227947235107 best itera 4746
root        : INFO             Network_User:    Train:    loss 0.07479111850261688
root        : INFO             Network_User:    Train:    acc 0.88, f1_weighted 0.8829401731491089, f1_mean 0.8356125354766846
root        : INFO             Network_User:    Train:    Allocated 0.0 GB Cached 0.3 GB
root        : INFO     

--------------------------
root        : INFO             Network_User:            Dataset motionsense network cnn_transformer lr 0.001 lr_optimizer 0.00025 Reshape False 
root        : INFO             Network_User:    Train:    epoch 6/15 batch 39/791 itera 4786 elapsed time 0.7131600379943848 best itera 4746
root        : INFO             Network_User:    Train:    loss 0.05941544845700264
root        : INFO             Network_User:    Train:    acc 0.9, f1_weighted 0.8947300910949707, f1_mean 0.859259307384491
root        : INFO             Network_User:    Train:    Allocated 0.0 GB Cached 0.3 GB
root        : INFO     

--------------------------
root        : INFO             Network_User:            Dataset motionsense network cnn_transformer lr 0.001 lr_optimizer 0.00025 Reshape False 
root        : INFO             Network_User:    Train:    epoch 6/15 batch 78/791 itera 4825 elapsed time 0.31253838539123535 best itera 4746
root        : INFO             Network_User:    Train:    loss 0.07664772868156433
root        : INFO             Network_User:    Train:    acc 0.86, f1_weighted 0.8600000143051147, f1_mean 0.7777777314186096
root        : INFO             Network_User:    Train:    Allocated 0.0 GB Cached 0.3 GB
root        : INFO     

--------------------------
root        : INFO             Network_User:            Dataset motionsense network cnn_transformer lr 0.001 lr_optimizer 0.00025 Reshape False 
root        : INFO             Network_User:    Train:    epoch 6/15 batch 117/791 itera 4864 elapsed time 0.2674098014831543 best itera 4746
root        : INFO             Network_User:    Train:    loss 0.06454648077487946
root        : INFO             Network_User:    Train:    acc 0.92, f1_weighted 0.9190043210983276, f1_mean 0.9054834246635437
root        : INFO             Network_User:    Train:    Allocated 0.0 GB Cached 0.3 GB
root        : INFO     

--------------------------
root        : INFO             Network_User:            Dataset motionsense network cnn_transformer lr 0.001 lr_optimizer 0.00025 Reshape False 
root        : INFO             Network_User:    Train:    epoch 6/15 batch 156/791 itera 4903 elapsed time 0.4787013530731201 best itera 4746
root        : INFO             Network_User:    Train:    loss 0.03881838172674179
root        : INFO             Network_User:    Train:    acc 0.94, f1_weighted 0.9395790100097656, f1_mean 0.9403508305549622
root        : INFO             Network_User:    Train:    Allocated 0.0 GB Cached 0.3 GB
root        : INFO     

--------------------------
root        : INFO             Network_User:            Dataset motionsense network cnn_transformer lr 0.001 lr_optimizer 0.00025 Reshape False 
root        : INFO             Network_User:    Train:    epoch 6/15 batch 195/791 itera 4942 elapsed time 0.48962855339050293 best itera 4746
root        : INFO             Network_User:    Train:    loss 0.037152018398046494
root        : INFO             Network_User:    Train:    acc 0.94, f1_weighted 0.9388571381568909, f1_mean 0.9190475940704346
root        : INFO             Network_User:    Train:    Allocated 0.0 GB Cached 0.3 GB
root        : INFO     

--------------------------
root        : INFO             Network_User:            Dataset motionsense network cnn_transformer lr 0.001 lr_optimizer 0.00025 Reshape False 
root        : INFO             Network_User:    Train:    epoch 6/15 batch 234/791 itera 4981 elapsed time 0.5542466640472412 best itera 4746
root        : INFO             Network_User:    Train:    loss 0.06902536749839783
root        : INFO             Network_User:    Train:    acc 0.92, f1_weighted 0.9133332967758179, f1_mean 0.8472222685813904
root        : INFO             Network_User:    Train:    Allocated 0.0 GB Cached 0.3 GB
root        : INFO     

--------------------------
root        : INFO             Network_User:            Dataset motionsense network cnn_transformer lr 0.001 lr_optimizer 0.00025 Reshape False 
root        : INFO             Network_User:    Train:    epoch 6/15 batch 273/791 itera 5020 elapsed time 0.7224135398864746 best itera 4746
root        : INFO             Network_User:    Train:    loss 0.0801939070224762
root        : INFO             Network_User:    Train:    acc 0.86, f1_weighted 0.861194372177124, f1_mean 0.8527419567108154
root        : INFO             Network_User:    Train:    Allocated 0.0 GB Cached 0.3 GB
root        : INFO     

--------------------------
root        : INFO             Network_User:            Dataset motionsense network cnn_transformer lr 0.001 lr_optimizer 0.00025 Reshape False 
root        : INFO             Network_User:    Train:    epoch 6/15 batch 312/791 itera 5059 elapsed time 0.6001238822937012 best itera 4746
root        : INFO             Network_User:    Train:    loss 0.055415377020835876
root        : INFO             Network_User:    Train:    acc 0.92, f1_weighted 0.9191741347312927, f1_mean 0.8929958939552307
root        : INFO             Network_User:    Train:    Allocated 0.0 GB Cached 0.3 GB
root        : INFO     

--------------------------
root        : INFO             Network_User:            Dataset motionsense network cnn_transformer lr 0.001 lr_optimizer 0.00025 Reshape False 
root        : INFO             Network_User:    Train:    epoch 6/15 batch 351/791 itera 5098 elapsed time 0.4449138641357422 best itera 4746
root        : INFO             Network_User:    Train:    loss 0.049330759793519974
root        : INFO             Network_User:    Train:    acc 0.96, f1_weighted 0.9604783058166504, f1_mean 0.9535660743713379
root        : INFO             Network_User:    Train:    Allocated 0.0 GB Cached 0.3 GB
root        : INFO     

--------------------------
root        : INFO             Network_User:            Dataset motionsense network cnn_transformer lr 0.001 lr_optimizer 0.00025 Reshape False 
root        : INFO             Network_User:    Train:    epoch 6/15 batch 390/791 itera 5137 elapsed time 0.10599470138549805 best itera 4746
root        : INFO             Network_User:    Train:    loss 0.0823092833161354
root        : INFO             Network_User:    Train:    acc 0.92, f1_weighted 0.9208701252937317, f1_mean 0.9253748059272766
root        : INFO             Network_User:    Train:    Allocated 0.0 GB Cached 0.3 GB
root        : INFO     

--------------------------
root        : INFO             Network_User:            Dataset motionsense network cnn_transformer lr 0.001 lr_optimizer 0.00025 Reshape False 
root        : INFO             Network_User:    Train:    epoch 6/15 batch 429/791 itera 5176 elapsed time 0.36382293701171875 best itera 4746
root        : INFO             Network_User:    Train:    loss 0.09763206541538239
root        : INFO             Network_User:    Train:    acc 0.86, f1_weighted 0.8501116037368774, f1_mean 0.7884848713874817
root        : INFO             Network_User:    Train:    Allocated 0.0 GB Cached 0.3 GB
root        : INFO     

--------------------------
root        : INFO             Network_User:            Dataset motionsense network cnn_transformer lr 0.001 lr_optimizer 0.00025 Reshape False 
root        : INFO             Network_User:    Train:    epoch 6/15 batch 468/791 itera 5215 elapsed time 0.5221812725067139 best itera 4746
root        : INFO             Network_User:    Train:    loss 0.07868368923664093
root        : INFO             Network_User:    Train:    acc 0.9, f1_weighted 0.9041343331336975, f1_mean 0.8866791725158691
root        : INFO             Network_User:    Train:    Allocated 0.0 GB Cached 0.3 GB
root        : INFO     

--------------------------
root        : INFO             Network_User:            Dataset motionsense network cnn_transformer lr 0.001 lr_optimizer 0.00025 Reshape False 
root        : INFO             Network_User:    Train:    epoch 6/15 batch 507/791 itera 5254 elapsed time 0.26340651512145996 best itera 4746
root        : INFO             Network_User:    Train:    loss 0.03391749784350395
root        : INFO             Network_User:    Train:    acc 0.96, f1_weighted 0.9601269960403442, f1_mean 0.9465608596801758
root        : INFO             Network_User:    Train:    Allocated 0.0 GB Cached 0.3 GB
root        : INFO     

--------------------------
root        : INFO             Network_User:            Dataset motionsense network cnn_transformer lr 0.001 lr_optimizer 0.00025 Reshape False 
root        : INFO             Network_User:    Train:    epoch 6/15 batch 546/791 itera 5293 elapsed time 0.40523505210876465 best itera 4746
root        : INFO             Network_User:    Train:    loss 0.06993597745895386
root        : INFO             Network_User:    Train:    acc 0.96, f1_weighted 0.9608888626098633, f1_mean 0.9518518447875977
root        : INFO             Network_User:    Train:    Allocated 0.0 GB Cached 0.3 GB
root        : INFO     

--------------------------
root        : INFO             Network_User:            Dataset motionsense network cnn_transformer lr 0.001 lr_optimizer 0.00025 Reshape False 
root        : INFO             Network_User:    Train:    epoch 6/15 batch 585/791 itera 5332 elapsed time 0.23031234741210938 best itera 4746
root        : INFO             Network_User:    Train:    loss 0.051336441189050674
root        : INFO             Network_User:    Train:    acc 0.94, f1_weighted 0.9488889575004578, f1_mean 0.7910053133964539
root        : INFO             Network_User:    Train:    Allocated 0.0 GB Cached 0.3 GB
root        : INFO     

--------------------------
root        : INFO             Network_User:            Dataset motionsense network cnn_transformer lr 0.001 lr_optimizer 0.00025 Reshape False 
root        : INFO             Network_User:    Train:    epoch 6/15 batch 624/791 itera 5371 elapsed time 0.6236577033996582 best itera 4746
root        : INFO             Network_User:    Train:    loss 0.0797707736492157
root        : INFO             Network_User:    Train:    acc 0.96, f1_weighted 0.9605189561843872, f1_mean 0.9434869289398193
root        : INFO             Network_User:    Train:    Allocated 0.0 GB Cached 0.3 GB
root        : INFO     

--------------------------
root        : INFO             Network_User:            Dataset motionsense network cnn_transformer lr 0.001 lr_optimizer 0.00025 Reshape False 
root        : INFO             Network_User:    Train:    epoch 6/15 batch 663/791 itera 5410 elapsed time 0.3096897602081299 best itera 4746
root        : INFO             Network_User:    Train:    loss 0.048316601663827896
root        : INFO             Network_User:    Train:    acc 0.94, f1_weighted 0.9404210448265076, f1_mean 0.9403508305549622
root        : INFO             Network_User:    Train:    Allocated 0.0 GB Cached 0.3 GB
root        : INFO     

--------------------------
root        : INFO             Network_User:            Dataset motionsense network cnn_transformer lr 0.001 lr_optimizer 0.00025 Reshape False 
root        : INFO             Network_User:    Train:    epoch 6/15 batch 702/791 itera 5449 elapsed time 0.3350789546966553 best itera 4746
root        : INFO             Network_User:    Train:    loss 0.03957093507051468
root        : INFO             Network_User:    Train:    acc 0.96, f1_weighted 0.9587103128433228, f1_mean 0.9472553133964539
root        : INFO             Network_User:    Train:    Allocated 0.0 GB Cached 0.3 GB
root        : INFO     

--------------------------
root        : INFO             Network_User:            Dataset motionsense network cnn_transformer lr 0.001 lr_optimizer 0.00025 Reshape False 
root        : INFO             Network_User:    Train:    epoch 6/15 batch 741/791 itera 5488 elapsed time 0.1909184455871582 best itera 4746
root        : INFO             Network_User:    Train:    loss 0.050282273441553116
root        : INFO             Network_User:    Train:    acc 0.92, f1_weighted 0.9182804822921753, f1_mean 0.8857623934745789
root        : INFO             Network_User:    Train:    Allocated 0.0 GB Cached 0.3 GB
root        : INFO     

--------------------------
root        : INFO             Network_User:            Dataset motionsense network cnn_transformer lr 0.001 lr_optimizer 0.00025 Reshape False 
root        : INFO             Network_User:    Train:    epoch 6/15 batch 780/791 itera 5527 elapsed time 0.47229647636413574 best itera 4746
root        : INFO             Network_User:    Train:    loss 0.09219180792570114
root        : INFO             Network_User:    Train:    acc 0.9, f1_weighted 0.8934193849563599, f1_mean 0.8362700939178467
root        : INFO             Network_User:    Train:    Allocated 0.0 GB Cached 0.3 GB
root        : INFO     

--------------------------
root        : INFO     

root        : INFO             Network_User:        Validating
root        : INFO                 Metrics: Constructor
root        : INFO     

root        : INFO             Network_User:        Validating:    epoch 6 batch 790 itera 5537 elapsed time 101.1725685596466, best itera 4746
root        : INFO             Network_User:        Validating:    acc 0.9244302751210296, f1_weighted 0.923969030380249, f1_mean 0.9068745970726013
root        : INFO             Network_User:            Saving the network
root        : INFO     
        Network_User:    Train:    Training epoch 7
root        : INFO             Network_User:            Dataset motionsense network cnn_transformer lr 0.001 lr_optimizer 0.00025 Reshape False 
root        : INFO             Network_User:    Train:    epoch 7/15 batch 0/791 itera 5538 elapsed time 0.40775108337402344 best itera 5537
root        : INFO             Network_User:    Train:    loss 0.06792056560516357
root        : INFO             Network_User:    Train:    acc 0.9, f1_weighted 0.9031745791435242, f1_mean 0.862433910369873
root        : INFO             Network_User:    Train:    Allocated 0.0 GB Cached 0.3 GB
root        : INFO     

--------------------------
root        : INFO             Network_User:            Dataset motionsense network cnn_transformer lr 0.001 lr_optimizer 0.00025 Reshape False 
root        : INFO             Network_User:    Train:    epoch 7/15 batch 39/791 itera 5577 elapsed time 0.5004825592041016 best itera 5537
root        : INFO             Network_User:    Train:    loss 0.06654980778694153
root        : INFO             Network_User:    Train:    acc 0.9, f1_weighted 0.8977639675140381, f1_mean 0.8844030499458313
root        : INFO             Network_User:    Train:    Allocated 0.0 GB Cached 0.3 GB
root        : INFO     

--------------------------
root        : INFO             Network_User:            Dataset motionsense network cnn_transformer lr 0.001 lr_optimizer 0.00025 Reshape False 
root        : INFO             Network_User:    Train:    epoch 7/15 batch 78/791 itera 5616 elapsed time 0.41739940643310547 best itera 5537
root        : INFO             Network_User:    Train:    loss 0.05697115510702133
root        : INFO             Network_User:    Train:    acc 0.9, f1_weighted 0.8947135806083679, f1_mean 0.86588454246521
root        : INFO             Network_User:    Train:    Allocated 0.0 GB Cached 0.3 GB
root        : INFO     

--------------------------
root        : INFO             Network_User:            Dataset motionsense network cnn_transformer lr 0.001 lr_optimizer 0.00025 Reshape False 
root        : INFO             Network_User:    Train:    epoch 7/15 batch 117/791 itera 5655 elapsed time 0.8480527400970459 best itera 5537
root        : INFO             Network_User:    Train:    loss 0.08016367256641388
root        : INFO             Network_User:    Train:    acc 0.88, f1_weighted 0.8746206760406494, f1_mean 0.8648316860198975
root        : INFO             Network_User:    Train:    Allocated 0.0 GB Cached 0.3 GB
root        : INFO     

--------------------------
root        : INFO             Network_User:            Dataset motionsense network cnn_transformer lr 0.001 lr_optimizer 0.00025 Reshape False 
root        : INFO             Network_User:    Train:    epoch 7/15 batch 156/791 itera 5694 elapsed time 0.2573215961456299 best itera 5537
root        : INFO             Network_User:    Train:    loss 0.0990690141916275
root        : INFO             Network_User:    Train:    acc 0.84, f1_weighted 0.8313553333282471, f1_mean 0.8431013226509094
root        : INFO             Network_User:    Train:    Allocated 0.0 GB Cached 0.3 GB
root        : INFO     

--------------------------
root        : INFO             Network_User:            Dataset motionsense network cnn_transformer lr 0.001 lr_optimizer 0.00025 Reshape False 
root        : INFO             Network_User:    Train:    epoch 7/15 batch 195/791 itera 5733 elapsed time 0.5183284282684326 best itera 5537
root        : INFO             Network_User:    Train:    loss 0.08853933215141296
root        : INFO             Network_User:    Train:    acc 0.94, f1_weighted 0.9386666417121887, f1_mean 0.9138888716697693
root        : INFO             Network_User:    Train:    Allocated 0.0 GB Cached 0.3 GB
root        : INFO     

--------------------------
root        : INFO             Network_User:            Dataset motionsense network cnn_transformer lr 0.001 lr_optimizer 0.00025 Reshape False 
root        : INFO             Network_User:    Train:    epoch 7/15 batch 234/791 itera 5772 elapsed time 0.38996052742004395 best itera 5537
root        : INFO             Network_User:    Train:    loss 0.07041555643081665
root        : INFO             Network_User:    Train:    acc 0.92, f1_weighted 0.9168067574501038, f1_mean 0.9229691624641418
root        : INFO             Network_User:    Train:    Allocated 0.0 GB Cached 0.3 GB
root        : INFO     

--------------------------
root        : INFO             Network_User:            Dataset motionsense network cnn_transformer lr 0.001 lr_optimizer 0.00025 Reshape False 
root        : INFO             Network_User:    Train:    epoch 7/15 batch 273/791 itera 5811 elapsed time 0.5733833312988281 best itera 5537
root        : INFO             Network_User:    Train:    loss 0.09918587654829025
root        : INFO             Network_User:    Train:    acc 0.82, f1_weighted 0.8225730657577515, f1_mean 0.8105542063713074
root        : INFO             Network_User:    Train:    Allocated 0.0 GB Cached 0.3 GB
root        : INFO     

--------------------------
root        : INFO             Network_User:            Dataset motionsense network cnn_transformer lr 0.001 lr_optimizer 0.00025 Reshape False 
root        : INFO             Network_User:    Train:    epoch 7/15 batch 312/791 itera 5850 elapsed time 0.6917023658752441 best itera 5537
root        : INFO             Network_User:    Train:    loss 0.08229884505271912
root        : INFO             Network_User:    Train:    acc 0.9, f1_weighted 0.8972015976905823, f1_mean 0.865480899810791
root        : INFO             Network_User:    Train:    Allocated 0.0 GB Cached 0.3 GB
root        : INFO     

--------------------------
root        : INFO             Network_User:            Dataset motionsense network cnn_transformer lr 0.001 lr_optimizer 0.00025 Reshape False 
root        : INFO             Network_User:    Train:    epoch 7/15 batch 351/791 itera 5889 elapsed time 0.7793738842010498 best itera 5537
root        : INFO             Network_User:    Train:    loss 0.08979253470897675
root        : INFO             Network_User:    Train:    acc 0.86, f1_weighted 0.8626570105552673, f1_mean 0.8339216709136963
root        : INFO             Network_User:    Train:    Allocated 0.0 GB Cached 0.3 GB
root        : INFO     

--------------------------
root        : INFO             Network_User:            Dataset motionsense network cnn_transformer lr 0.001 lr_optimizer 0.00025 Reshape False 
root        : INFO             Network_User:    Train:    epoch 7/15 batch 390/791 itera 5928 elapsed time 0.4201545715332031 best itera 5537
root        : INFO             Network_User:    Train:    loss 0.05319477617740631
root        : INFO             Network_User:    Train:    acc 0.92, f1_weighted 0.9181498885154724, f1_mean 0.9184503555297852
root        : INFO             Network_User:    Train:    Allocated 0.0 GB Cached 0.3 GB
root        : INFO     

--------------------------
root        : INFO             Network_User:            Dataset motionsense network cnn_transformer lr 0.001 lr_optimizer 0.00025 Reshape False 
root        : INFO             Network_User:    Train:    epoch 7/15 batch 429/791 itera 5967 elapsed time 0.779242992401123 best itera 5537
root        : INFO             Network_User:    Train:    loss 0.03949018195271492
root        : INFO             Network_User:    Train:    acc 0.96, f1_weighted 0.9600000381469727, f1_mean 0.9538462162017822
root        : INFO             Network_User:    Train:    Allocated 0.0 GB Cached 0.3 GB
root        : INFO     

--------------------------
root        : INFO             Network_User:            Dataset motionsense network cnn_transformer lr 0.001 lr_optimizer 0.00025 Reshape False 
root        : INFO             Network_User:    Train:    epoch 7/15 batch 468/791 itera 6006 elapsed time 0.9816679954528809 best itera 5537
root        : INFO             Network_User:    Train:    loss 0.10341159999370575
root        : INFO             Network_User:    Train:    acc 0.82, f1_weighted 0.8184727430343628, f1_mean 0.7975757718086243
root        : INFO             Network_User:    Train:    Allocated 0.0 GB Cached 0.3 GB
root        : INFO     

--------------------------
root        : INFO             Network_User:            Dataset motionsense network cnn_transformer lr 0.001 lr_optimizer 0.00025 Reshape False 
root        : INFO             Network_User:    Train:    epoch 7/15 batch 507/791 itera 6045 elapsed time 0.251539945602417 best itera 5537
root        : INFO             Network_User:    Train:    loss 0.09638515114784241
root        : INFO             Network_User:    Train:    acc 0.84, f1_weighted 0.8239560127258301, f1_mean 0.7820512652397156
root        : INFO             Network_User:    Train:    Allocated 0.0 GB Cached 0.3 GB
root        : INFO     

--------------------------
root        : INFO             Network_User:            Dataset motionsense network cnn_transformer lr 0.001 lr_optimizer 0.00025 Reshape False 
root        : INFO             Network_User:    Train:    epoch 7/15 batch 546/791 itera 6084 elapsed time 0.34627699851989746 best itera 5537
root        : INFO             Network_User:    Train:    loss 0.03694290295243263
root        : INFO             Network_User:    Train:    acc 0.94, f1_weighted 0.9403173923492432, f1_mean 0.9243386387825012
root        : INFO             Network_User:    Train:    Allocated 0.0 GB Cached 0.3 GB
root        : INFO     

--------------------------
root        : INFO             Network_User:            Dataset motionsense network cnn_transformer lr 0.001 lr_optimizer 0.00025 Reshape False 
root        : INFO             Network_User:    Train:    epoch 7/15 batch 585/791 itera 6123 elapsed time 0.29568982124328613 best itera 5537
root        : INFO             Network_User:    Train:    loss 0.08025205880403519
root        : INFO             Network_User:    Train:    acc 0.92, f1_weighted 0.9156709909439087, f1_mean 0.8816738724708557
root        : INFO             Network_User:    Train:    Allocated 0.0 GB Cached 0.3 GB
root        : INFO     

--------------------------
root        : INFO             Network_User:            Dataset motionsense network cnn_transformer lr 0.001 lr_optimizer 0.00025 Reshape False 
root        : INFO             Network_User:    Train:    epoch 7/15 batch 624/791 itera 6162 elapsed time 0.1847705841064453 best itera 5537
root        : INFO             Network_User:    Train:    loss 0.05775939300656319
root        : INFO             Network_User:    Train:    acc 0.92, f1_weighted 0.9219047427177429, f1_mean 0.8984127044677734
root        : INFO             Network_User:    Train:    Allocated 0.0 GB Cached 0.3 GB
root        : INFO     

--------------------------
root        : INFO             Network_User:            Dataset motionsense network cnn_transformer lr 0.001 lr_optimizer 0.00025 Reshape False 
root        : INFO             Network_User:    Train:    epoch 7/15 batch 663/791 itera 6201 elapsed time 0.274014949798584 best itera 5537
root        : INFO             Network_User:    Train:    loss 0.03322889655828476
root        : INFO             Network_User:    Train:    acc 0.98, f1_weighted 0.9817297458648682, f1_mean 0.9621621966362
root        : INFO             Network_User:    Train:    Allocated 0.0 GB Cached 0.3 GB
root        : INFO     

--------------------------
root        : INFO             Network_User:            Dataset motionsense network cnn_transformer lr 0.001 lr_optimizer 0.00025 Reshape False 
root        : INFO             Network_User:    Train:    epoch 7/15 batch 702/791 itera 6240 elapsed time 0.7586336135864258 best itera 5537
root        : INFO             Network_User:    Train:    loss 0.06734780222177505
root        : INFO             Network_User:    Train:    acc 0.9, f1_weighted 0.9009411334991455, f1_mean 0.8759803771972656
root        : INFO             Network_User:    Train:    Allocated 0.0 GB Cached 0.3 GB
root        : INFO     

--------------------------
root        : INFO             Network_User:            Dataset motionsense network cnn_transformer lr 0.001 lr_optimizer 0.00025 Reshape False 
root        : INFO             Network_User:    Train:    epoch 7/15 batch 741/791 itera 6279 elapsed time 0.2941267490386963 best itera 5537
root        : INFO             Network_User:    Train:    loss 0.09893712401390076
root        : INFO             Network_User:    Train:    acc 0.9, f1_weighted 0.8968888521194458, f1_mean 0.8740740418434143
root        : INFO             Network_User:    Train:    Allocated 0.0 GB Cached 0.3 GB
root        : INFO     

--------------------------
root        : INFO             Network_User:            Dataset motionsense network cnn_transformer lr 0.001 lr_optimizer 0.00025 Reshape False 
root        : INFO             Network_User:    Train:    epoch 7/15 batch 780/791 itera 6318 elapsed time 0.5315546989440918 best itera 5537
root        : INFO             Network_User:    Train:    loss 0.07249109447002411
root        : INFO             Network_User:    Train:    acc 0.88, f1_weighted 0.8841501474380493, f1_mean 0.8191699981689453
root        : INFO             Network_User:    Train:    Allocated 0.0 GB Cached 0.3 GB
root        : INFO     

--------------------------
root        : INFO     

root        : INFO             Network_User:        Validating
root        : INFO                 Metrics: Constructor
root        : INFO     

root        : INFO             Network_User:        Validating:    epoch 7 batch 790 itera 6328 elapsed time 102.34907102584839, best itera 5537
root        : INFO             Network_User:        Validating:    acc 0.9172275357185028, f1_weighted 0.9176809787750244, f1_mean 0.9002406597137451
root        : INFO     
        Network_User:    Train:    Training epoch 8
root        : INFO             Network_User:            Dataset motionsense network cnn_transformer lr 0.001 lr_optimizer 0.000125 Reshape False 
root        : INFO             Network_User:    Train:    epoch 8/15 batch 0/791 itera 6329 elapsed time 0.3779172897338867 best itera 5537
root        : INFO             Network_User:    Train:    loss 0.08876193314790726
root        : INFO             Network_User:    Train:    acc 0.92, f1_weighted 0.9185258150100708, f1_mean 0.8825024962425232
root        : INFO             Network_User:    Train:    Allocated 0.0 GB Cached 0.3 GB
root        : INFO     

--------------------------
root        : INFO             Network_User:            Dataset motionsense network cnn_transformer lr 0.001 lr_optimizer 0.000125 Reshape False 
root        : INFO             Network_User:    Train:    epoch 8/15 batch 39/791 itera 6368 elapsed time 0.32531261444091797 best itera 5537
root        : INFO             Network_User:    Train:    loss 0.07709207385778427
root        : INFO             Network_User:    Train:    acc 0.94, f1_weighted 0.938385546207428, f1_mean 0.9252457022666931
root        : INFO             Network_User:    Train:    Allocated 0.0 GB Cached 0.3 GB
root        : INFO     

--------------------------
root        : INFO             Network_User:            Dataset motionsense network cnn_transformer lr 0.001 lr_optimizer 0.000125 Reshape False 
root        : INFO             Network_User:    Train:    epoch 8/15 batch 78/791 itera 6407 elapsed time 0.4267263412475586 best itera 5537
root        : INFO             Network_User:    Train:    loss 0.04931977763772011
root        : INFO             Network_User:    Train:    acc 0.92, f1_weighted 0.9186147451400757, f1_mean 0.9054834246635437
root        : INFO             Network_User:    Train:    Allocated 0.0 GB Cached 0.3 GB
root        : INFO     

--------------------------
root        : INFO             Network_User:            Dataset motionsense network cnn_transformer lr 0.001 lr_optimizer 0.000125 Reshape False 
root        : INFO             Network_User:    Train:    epoch 8/15 batch 117/791 itera 6446 elapsed time 0.26662564277648926 best itera 5537
root        : INFO             Network_User:    Train:    loss 0.04700978845357895
root        : INFO             Network_User:    Train:    acc 0.96, f1_weighted 0.9607885479927063, f1_mean 0.9205495715141296
root        : INFO             Network_User:    Train:    Allocated 0.0 GB Cached 0.3 GB
root        : INFO     

--------------------------
root        : INFO             Network_User:            Dataset motionsense network cnn_transformer lr 0.001 lr_optimizer 0.000125 Reshape False 
root        : INFO             Network_User:    Train:    epoch 8/15 batch 156/791 itera 6485 elapsed time 0.6023311614990234 best itera 5537
root        : INFO             Network_User:    Train:    loss 0.054489560425281525
root        : INFO             Network_User:    Train:    acc 0.92, f1_weighted 0.9162082076072693, f1_mean 0.8851334452629089
root        : INFO             Network_User:    Train:    Allocated 0.0 GB Cached 0.3 GB
root        : INFO     

--------------------------
root        : INFO             Network_User:            Dataset motionsense network cnn_transformer lr 0.001 lr_optimizer 0.000125 Reshape False 
root        : INFO             Network_User:    Train:    epoch 8/15 batch 195/791 itera 6524 elapsed time 0.5030832290649414 best itera 5537
root        : INFO             Network_User:    Train:    loss 0.06271019577980042
root        : INFO             Network_User:    Train:    acc 0.92, f1_weighted 0.9179047346115112, f1_mean 0.8682540059089661
root        : INFO             Network_User:    Train:    Allocated 0.0 GB Cached 0.3 GB
root        : INFO     

--------------------------
root        : INFO             Network_User:            Dataset motionsense network cnn_transformer lr 0.001 lr_optimizer 0.000125 Reshape False 
root        : INFO             Network_User:    Train:    epoch 8/15 batch 234/791 itera 6563 elapsed time 0.39685702323913574 best itera 5537
root        : INFO             Network_User:    Train:    loss 0.0767589882016182
root        : INFO             Network_User:    Train:    acc 0.86, f1_weighted 0.8566222190856934, f1_mean 0.8612346053123474
root        : INFO             Network_User:    Train:    Allocated 0.0 GB Cached 0.3 GB
root        : INFO     

--------------------------
root        : INFO             Network_User:            Dataset motionsense network cnn_transformer lr 0.001 lr_optimizer 0.000125 Reshape False 
root        : INFO             Network_User:    Train:    epoch 8/15 batch 273/791 itera 6602 elapsed time 0.35417938232421875 best itera 5537
root        : INFO             Network_User:    Train:    loss 0.07908525317907333
root        : INFO             Network_User:    Train:    acc 0.88, f1_weighted 0.8740497827529907, f1_mean 0.8844268321990967
root        : INFO             Network_User:    Train:    Allocated 0.0 GB Cached 0.3 GB
root        : INFO     

--------------------------
root        : INFO             Network_User:            Dataset motionsense network cnn_transformer lr 0.001 lr_optimizer 0.000125 Reshape False 
root        : INFO             Network_User:    Train:    epoch 8/15 batch 312/791 itera 6641 elapsed time 0.7252068519592285 best itera 5537
root        : INFO             Network_User:    Train:    loss 0.0591171532869339
root        : INFO             Network_User:    Train:    acc 0.92, f1_weighted 0.9289777874946594, f1_mean 0.7762963175773621
root        : INFO             Network_User:    Train:    Allocated 0.0 GB Cached 0.3 GB
root        : INFO     

--------------------------
root        : INFO             Network_User:            Dataset motionsense network cnn_transformer lr 0.001 lr_optimizer 0.000125 Reshape False 
root        : INFO             Network_User:    Train:    epoch 8/15 batch 351/791 itera 6680 elapsed time 0.6568214893341064 best itera 5537
root        : INFO             Network_User:    Train:    loss 0.06053519621491432
root        : INFO             Network_User:    Train:    acc 0.94, f1_weighted 0.9425674080848694, f1_mean 0.9397367835044861
root        : INFO             Network_User:    Train:    Allocated 0.0 GB Cached 0.3 GB
root        : INFO     

--------------------------
root        : INFO             Network_User:            Dataset motionsense network cnn_transformer lr 0.001 lr_optimizer 0.000125 Reshape False 
root        : INFO             Network_User:    Train:    epoch 8/15 batch 390/791 itera 6719 elapsed time 0.518012285232544 best itera 5537
root        : INFO             Network_User:    Train:    loss 0.05603376030921936
root        : INFO             Network_User:    Train:    acc 0.9, f1_weighted 0.8951724171638489, f1_mean 0.9157088398933411
root        : INFO             Network_User:    Train:    Allocated 0.0 GB Cached 0.3 GB
root        : INFO     

--------------------------
root        : INFO             Network_User:            Dataset motionsense network cnn_transformer lr 0.001 lr_optimizer 0.000125 Reshape False 
root        : INFO             Network_User:    Train:    epoch 8/15 batch 429/791 itera 6758 elapsed time 0.6903486251831055 best itera 5537
root        : INFO             Network_User:    Train:    loss 0.10249421000480652
root        : INFO             Network_User:    Train:    acc 0.88, f1_weighted 0.8874081969261169, f1_mean 0.8575966358184814
root        : INFO             Network_User:    Train:    Allocated 0.0 GB Cached 0.3 GB
root        : INFO     

--------------------------
root        : INFO             Network_User:            Dataset motionsense network cnn_transformer lr 0.001 lr_optimizer 0.000125 Reshape False 
root        : INFO             Network_User:    Train:    epoch 8/15 batch 468/791 itera 6797 elapsed time 0.8429834842681885 best itera 5537
root        : INFO             Network_User:    Train:    loss 0.018386123701930046
root        : INFO             Network_User:    Train:    acc 1.0, f1_weighted 1.0, f1_mean 1.0
root        : INFO             Network_User:    Train:    Allocated 0.0 GB Cached 0.3 GB
root        : INFO     

--------------------------
root        : INFO             Network_User:            Dataset motionsense network cnn_transformer lr 0.001 lr_optimizer 0.000125 Reshape False 
root        : INFO             Network_User:    Train:    epoch 8/15 batch 507/791 itera 6836 elapsed time 0.36508965492248535 best itera 5537
root        : INFO             Network_User:    Train:    loss 0.07663428038358688
root        : INFO             Network_User:    Train:    acc 0.94, f1_weighted 0.9391279816627502, f1_mean 0.948661744594574
root        : INFO             Network_User:    Train:    Allocated 0.0 GB Cached 0.3 GB
root        : INFO     

--------------------------
root        : INFO             Network_User:            Dataset motionsense network cnn_transformer lr 0.001 lr_optimizer 0.000125 Reshape False 
root        : INFO             Network_User:    Train:    epoch 8/15 batch 546/791 itera 6875 elapsed time 0.5594699382781982 best itera 5537
root        : INFO             Network_User:    Train:    loss 0.10683973133563995
root        : INFO             Network_User:    Train:    acc 0.9, f1_weighted 0.8980951905250549, f1_mean 0.8873016238212585
root        : INFO             Network_User:    Train:    Allocated 0.0 GB Cached 0.3 GB
root        : INFO     

--------------------------
root        : INFO             Network_User:            Dataset motionsense network cnn_transformer lr 0.001 lr_optimizer 0.000125 Reshape False 
root        : INFO             Network_User:    Train:    epoch 8/15 batch 585/791 itera 6914 elapsed time 0.7524652481079102 best itera 5537
root        : INFO             Network_User:    Train:    loss 0.04137524962425232
root        : INFO             Network_User:    Train:    acc 0.92, f1_weighted 0.9176191091537476, f1_mean 0.9246032238006592
root        : INFO             Network_User:    Train:    Allocated 0.0 GB Cached 0.3 GB
root        : INFO     

--------------------------
root        : INFO             Network_User:            Dataset motionsense network cnn_transformer lr 0.001 lr_optimizer 0.000125 Reshape False 
root        : INFO             Network_User:    Train:    epoch 8/15 batch 624/791 itera 6953 elapsed time 0.5195248126983643 best itera 5537
root        : INFO             Network_User:    Train:    loss 0.10396890342235565
root        : INFO             Network_User:    Train:    acc 0.82, f1_weighted 0.8304588794708252, f1_mean 0.7189033627510071
root        : INFO             Network_User:    Train:    Allocated 0.0 GB Cached 0.3 GB
root        : INFO     

--------------------------
root        : INFO             Network_User:            Dataset motionsense network cnn_transformer lr 0.001 lr_optimizer 0.000125 Reshape False 
root        : INFO             Network_User:    Train:    epoch 8/15 batch 663/791 itera 6992 elapsed time 0.5641322135925293 best itera 5537
root        : INFO             Network_User:    Train:    loss 0.04541417956352234
root        : INFO             Network_User:    Train:    acc 0.92, f1_weighted 0.9182475805282593, f1_mean 0.8196825385093689
root        : INFO             Network_User:    Train:    Allocated 0.0 GB Cached 0.3 GB
root        : INFO     

--------------------------
root        : INFO             Network_User:            Dataset motionsense network cnn_transformer lr 0.001 lr_optimizer 0.000125 Reshape False 
root        : INFO             Network_User:    Train:    epoch 8/15 batch 702/791 itera 7031 elapsed time 0.4173624515533447 best itera 5537
root        : INFO             Network_User:    Train:    loss 0.04747825115919113
root        : INFO             Network_User:    Train:    acc 0.94, f1_weighted 0.940000057220459, f1_mean 0.9260683655738831
root        : INFO             Network_User:    Train:    Allocated 0.0 GB Cached 0.3 GB
root        : INFO     

--------------------------
root        : INFO             Network_User:            Dataset motionsense network cnn_transformer lr 0.001 lr_optimizer 0.000125 Reshape False 
root        : INFO             Network_User:    Train:    epoch 8/15 batch 741/791 itera 7070 elapsed time 0.4818229675292969 best itera 5537
root        : INFO             Network_User:    Train:    loss 0.05421905219554901
root        : INFO             Network_User:    Train:    acc 0.96, f1_weighted 0.9589502215385437, f1_mean 0.9440422654151917
root        : INFO             Network_User:    Train:    Allocated 0.0 GB Cached 0.3 GB
root        : INFO     

--------------------------
root        : INFO             Network_User:            Dataset motionsense network cnn_transformer lr 0.001 lr_optimizer 0.000125 Reshape False 
root        : INFO             Network_User:    Train:    epoch 8/15 batch 780/791 itera 7109 elapsed time 0.3294045925140381 best itera 5537
root        : INFO             Network_User:    Train:    loss 0.09942063689231873
root        : INFO             Network_User:    Train:    acc 0.86, f1_weighted 0.861000657081604, f1_mean 0.8059813976287842
root        : INFO             Network_User:    Train:    Allocated 0.0 GB Cached 0.3 GB
root        : INFO     

--------------------------
root        : INFO     

root        : INFO             Network_User:        Validating
root        : INFO                 Metrics: Constructor
root        : INFO     

root        : INFO             Network_User:        Validating:    epoch 8 batch 790 itera 7119 elapsed time 97.89848756790161, best itera 5537
root        : INFO             Network_User:        Validating:    acc 0.9290353052308419, f1_weighted 0.9285673499107361, f1_mean 0.9119642376899719
root        : INFO             Network_User:            Saving the network
root        : INFO     
        Network_User:    Train:    Training epoch 9
root        : INFO             Network_User:            Dataset motionsense network cnn_transformer lr 0.001 lr_optimizer 0.000125 Reshape False 
root        : INFO             Network_User:    Train:    epoch 9/15 batch 0/791 itera 7120 elapsed time 0.485461950302124 best itera 7119
root        : INFO             Network_User:    Train:    loss 0.057644303888082504
root        : INFO             Network_User:    Train:    acc 0.86, f1_weighted 0.8595525026321411, f1_mean 0.8151903748512268
root        : INFO             Network_User:    Train:    Allocated 0.0 GB Cached 0.3 GB
root        : INFO     

--------------------------
root        : INFO             Network_User:            Dataset motionsense network cnn_transformer lr 0.001 lr_optimizer 0.000125 Reshape False 
root        : INFO             Network_User:    Train:    epoch 9/15 batch 39/791 itera 7159 elapsed time 0.49335169792175293 best itera 7119
root        : INFO             Network_User:    Train:    loss 0.04724154993891716
root        : INFO             Network_User:    Train:    acc 0.94, f1_weighted 0.9394805431365967, f1_mean 0.9372294545173645
root        : INFO             Network_User:    Train:    Allocated 0.0 GB Cached 0.3 GB
root        : INFO     

--------------------------
root        : INFO             Network_User:            Dataset motionsense network cnn_transformer lr 0.001 lr_optimizer 0.000125 Reshape False 
root        : INFO             Network_User:    Train:    epoch 9/15 batch 78/791 itera 7198 elapsed time 0.5290253162384033 best itera 7119
root        : INFO             Network_User:    Train:    loss 0.05638277903199196
root        : INFO             Network_User:    Train:    acc 0.94, f1_weighted 0.9388644099235535, f1_mean 0.9355922341346741
root        : INFO             Network_User:    Train:    Allocated 0.0 GB Cached 0.3 GB
root        : INFO     

--------------------------
root        : INFO             Network_User:            Dataset motionsense network cnn_transformer lr 0.001 lr_optimizer 0.000125 Reshape False 
root        : INFO             Network_User:    Train:    epoch 9/15 batch 117/791 itera 7237 elapsed time 0.6788985729217529 best itera 7119
root        : INFO             Network_User:    Train:    loss 0.07779693603515625
root        : INFO             Network_User:    Train:    acc 0.9, f1_weighted 0.8925651907920837, f1_mean 0.8244202733039856
root        : INFO             Network_User:    Train:    Allocated 0.0 GB Cached 0.3 GB
root        : INFO     

--------------------------
root        : INFO             Network_User:            Dataset motionsense network cnn_transformer lr 0.001 lr_optimizer 0.000125 Reshape False 
root        : INFO             Network_User:    Train:    epoch 9/15 batch 156/791 itera 7276 elapsed time 0.3360025882720947 best itera 7119
root        : INFO             Network_User:    Train:    loss 0.07782292366027832
root        : INFO             Network_User:    Train:    acc 0.92, f1_weighted 0.9170811772346497, f1_mean 0.9103133082389832
root        : INFO             Network_User:    Train:    Allocated 0.0 GB Cached 0.3 GB
root        : INFO     

--------------------------
root        : INFO             Network_User:            Dataset motionsense network cnn_transformer lr 0.001 lr_optimizer 0.000125 Reshape False 
root        : INFO             Network_User:    Train:    epoch 9/15 batch 195/791 itera 7315 elapsed time 0.8110456466674805 best itera 7119
root        : INFO             Network_User:    Train:    loss 0.07312039285898209
root        : INFO             Network_User:    Train:    acc 0.92, f1_weighted 0.918603241443634, f1_mean 0.8902665972709656
root        : INFO             Network_User:    Train:    Allocated 0.0 GB Cached 0.3 GB
root        : INFO     

--------------------------
root        : INFO             Network_User:            Dataset motionsense network cnn_transformer lr 0.001 lr_optimizer 0.000125 Reshape False 
root        : INFO             Network_User:    Train:    epoch 9/15 batch 234/791 itera 7354 elapsed time 0.6380481719970703 best itera 7119
root        : INFO             Network_User:    Train:    loss 0.09534239768981934
root        : INFO             Network_User:    Train:    acc 0.9, f1_weighted 0.90077805519104, f1_mean 0.867908239364624
root        : INFO             Network_User:    Train:    Allocated 0.0 GB Cached 0.3 GB
root        : INFO     

--------------------------
root        : INFO             Network_User:            Dataset motionsense network cnn_transformer lr 0.001 lr_optimizer 0.000125 Reshape False 
root        : INFO             Network_User:    Train:    epoch 9/15 batch 273/791 itera 7393 elapsed time 0.6062040328979492 best itera 7119
root        : INFO             Network_User:    Train:    loss 0.04509277641773224
root        : INFO             Network_User:    Train:    acc 0.92, f1_weighted 0.9162222146987915, f1_mean 0.8537037372589111
root        : INFO             Network_User:    Train:    Allocated 0.0 GB Cached 0.3 GB
root        : INFO     

--------------------------
root        : INFO             Network_User:            Dataset motionsense network cnn_transformer lr 0.001 lr_optimizer 0.000125 Reshape False 
root        : INFO             Network_User:    Train:    epoch 9/15 batch 312/791 itera 7432 elapsed time 0.21267485618591309 best itera 7119
root        : INFO             Network_User:    Train:    loss 0.0672287568449974
root        : INFO             Network_User:    Train:    acc 0.92, f1_weighted 0.9202940464019775, f1_mean 0.9202451109886169
root        : INFO             Network_User:    Train:    Allocated 0.0 GB Cached 0.3 GB
root        : INFO     

--------------------------
root        : INFO             Network_User:            Dataset motionsense network cnn_transformer lr 0.001 lr_optimizer 0.000125 Reshape False 
root        : INFO             Network_User:    Train:    epoch 9/15 batch 351/791 itera 7471 elapsed time 0.4508950710296631 best itera 7119
root        : INFO             Network_User:    Train:    loss 0.06508995592594147
root        : INFO             Network_User:    Train:    acc 0.9, f1_weighted 0.8995804786682129, f1_mean 0.8952506184577942
root        : INFO             Network_User:    Train:    Allocated 0.0 GB Cached 0.3 GB
root        : INFO     

--------------------------
root        : INFO             Network_User:            Dataset motionsense network cnn_transformer lr 0.001 lr_optimizer 0.000125 Reshape False 
root        : INFO             Network_User:    Train:    epoch 9/15 batch 390/791 itera 7510 elapsed time 0.5509610176086426 best itera 7119
root        : INFO             Network_User:    Train:    loss 0.08156974613666534
root        : INFO             Network_User:    Train:    acc 0.88, f1_weighted 0.8790426850318909, f1_mean 0.8681725859642029
root        : INFO             Network_User:    Train:    Allocated 0.0 GB Cached 0.3 GB
root        : INFO     

--------------------------
root        : INFO             Network_User:            Dataset motionsense network cnn_transformer lr 0.001 lr_optimizer 0.000125 Reshape False 
root        : INFO             Network_User:    Train:    epoch 9/15 batch 429/791 itera 7549 elapsed time 0.990307092666626 best itera 7119
root        : INFO             Network_User:    Train:    loss 0.07646220922470093
root        : INFO             Network_User:    Train:    acc 0.94, f1_weighted 0.9419947266578674, f1_mean 0.8957366943359375
root        : INFO             Network_User:    Train:    Allocated 0.0 GB Cached 0.3 GB
root        : INFO     

--------------------------
root        : INFO             Network_User:            Dataset motionsense network cnn_transformer lr 0.001 lr_optimizer 0.000125 Reshape False 
root        : INFO             Network_User:    Train:    epoch 9/15 batch 468/791 itera 7588 elapsed time 0.3425731658935547 best itera 7119
root        : INFO             Network_User:    Train:    loss 0.12951911985874176
root        : INFO             Network_User:    Train:    acc 0.8, f1_weighted 0.8025113344192505, f1_mean 0.768329918384552
root        : INFO             Network_User:    Train:    Allocated 0.0 GB Cached 0.3 GB
root        : INFO     

--------------------------
root        : INFO             Network_User:            Dataset motionsense network cnn_transformer lr 0.001 lr_optimizer 0.000125 Reshape False 
root        : INFO             Network_User:    Train:    epoch 9/15 batch 507/791 itera 7627 elapsed time 0.41377711296081543 best itera 7119
root        : INFO             Network_User:    Train:    loss 0.020972825586795807
root        : INFO             Network_User:    Train:    acc 1.0, f1_weighted 1.0, f1_mean 1.0
root        : INFO             Network_User:    Train:    Allocated 0.0 GB Cached 0.3 GB
root        : INFO     

--------------------------
root        : INFO             Network_User:            Dataset motionsense network cnn_transformer lr 0.001 lr_optimizer 0.000125 Reshape False 
root        : INFO             Network_User:    Train:    epoch 9/15 batch 546/791 itera 7666 elapsed time 0.7151997089385986 best itera 7119
root        : INFO             Network_User:    Train:    loss 0.045527320355176926
root        : INFO             Network_User:    Train:    acc 0.9, f1_weighted 0.8982856869697571, f1_mean 0.7269842028617859
root        : INFO             Network_User:    Train:    Allocated 0.0 GB Cached 0.3 GB
root        : INFO     

--------------------------
root        : INFO             Network_User:            Dataset motionsense network cnn_transformer lr 0.001 lr_optimizer 0.000125 Reshape False 
root        : INFO             Network_User:    Train:    epoch 9/15 batch 585/791 itera 7705 elapsed time 0.4029855728149414 best itera 7119
root        : INFO             Network_User:    Train:    loss 0.03214820846915245
root        : INFO             Network_User:    Train:    acc 0.96, f1_weighted 0.9572795033454895, f1_mean 0.9453423023223877
root        : INFO             Network_User:    Train:    Allocated 0.0 GB Cached 0.3 GB
root        : INFO     

--------------------------
root        : INFO             Network_User:            Dataset motionsense network cnn_transformer lr 0.001 lr_optimizer 0.000125 Reshape False 
root        : INFO             Network_User:    Train:    epoch 9/15 batch 624/791 itera 7744 elapsed time 0.3714625835418701 best itera 7119
root        : INFO             Network_User:    Train:    loss 0.07119595259428024
root        : INFO             Network_User:    Train:    acc 0.92, f1_weighted 0.9033939838409424, f1_mean 0.8904040455818176
root        : INFO             Network_User:    Train:    Allocated 0.0 GB Cached 0.3 GB
root        : INFO     

--------------------------
root        : INFO             Network_User:            Dataset motionsense network cnn_transformer lr 0.001 lr_optimizer 0.000125 Reshape False 
root        : INFO             Network_User:    Train:    epoch 9/15 batch 663/791 itera 7783 elapsed time 0.5664677619934082 best itera 7119
root        : INFO             Network_User:    Train:    loss 0.08013980835676193
root        : INFO             Network_User:    Train:    acc 0.9, f1_weighted 0.8900284767150879, f1_mean 0.9050332903862
root        : INFO             Network_User:    Train:    Allocated 0.0 GB Cached 0.3 GB
root        : INFO     

--------------------------
root        : INFO             Network_User:            Dataset motionsense network cnn_transformer lr 0.001 lr_optimizer 0.000125 Reshape False 
root        : INFO             Network_User:    Train:    epoch 9/15 batch 702/791 itera 7822 elapsed time 0.7051005363464355 best itera 7119
root        : INFO             Network_User:    Train:    loss 0.030163433402776718
root        : INFO             Network_User:    Train:    acc 0.96, f1_weighted 0.9600000381469727, f1_mean 0.9416666626930237
root        : INFO             Network_User:    Train:    Allocated 0.0 GB Cached 0.3 GB
root        : INFO     

--------------------------
root        : INFO             Network_User:            Dataset motionsense network cnn_transformer lr 0.001 lr_optimizer 0.000125 Reshape False 
root        : INFO             Network_User:    Train:    epoch 9/15 batch 741/791 itera 7861 elapsed time 0.24692082405090332 best itera 7119
root        : INFO             Network_User:    Train:    loss 0.1233343705534935
root        : INFO             Network_User:    Train:    acc 0.82, f1_weighted 0.8107253313064575, f1_mean 0.75018310546875
root        : INFO             Network_User:    Train:    Allocated 0.0 GB Cached 0.3 GB
root        : INFO     

--------------------------
root        : INFO             Network_User:            Dataset motionsense network cnn_transformer lr 0.001 lr_optimizer 0.000125 Reshape False 
root        : INFO             Network_User:    Train:    epoch 9/15 batch 780/791 itera 7900 elapsed time 0.6964237689971924 best itera 7119
root        : INFO             Network_User:    Train:    loss 0.0634586438536644
root        : INFO             Network_User:    Train:    acc 0.94, f1_weighted 0.9376963376998901, f1_mean 0.9066049456596375
root        : INFO             Network_User:    Train:    Allocated 0.0 GB Cached 0.3 GB
root        : INFO     

--------------------------
root        : INFO     

root        : INFO             Network_User:        Validating
root        : INFO                 Metrics: Constructor
root        : INFO     

root        : INFO             Network_User:        Validating:    epoch 9 batch 790 itera 7910 elapsed time 93.52453279495239, best itera 7119
root        : INFO             Network_User:        Validating:    acc 0.9291533829259653, f1_weighted 0.9289880394935608, f1_mean 0.9127240180969238
root        : INFO             Network_User:            Saving the network
root        : INFO     
        Network_User:    Train:    Training epoch 10
root        : INFO             Network_User:            Dataset motionsense network cnn_transformer lr 0.001 lr_optimizer 6.25e-05 Reshape False 
root        : INFO             Network_User:    Train:    epoch 10/15 batch 0/791 itera 7911 elapsed time 0.2396411895751953 best itera 7910
root        : INFO             Network_User:    Train:    loss 0.03302770480513573
root        : INFO             Network_User:    Train:    acc 0.96, f1_weighted 0.9597979784011841, f1_mean 0.9565260410308838
root        : INFO             Network_User:    Train:    Allocated 0.0 GB Cached 0.3 GB
root        : INFO     

--------------------------
root        : INFO             Network_User:            Dataset motionsense network cnn_transformer lr 0.001 lr_optimizer 6.25e-05 Reshape False 
root        : INFO             Network_User:    Train:    epoch 10/15 batch 39/791 itera 7950 elapsed time 0.39256882667541504 best itera 7910
root        : INFO             Network_User:    Train:    loss 0.05445030704140663
root        : INFO             Network_User:    Train:    acc 0.96, f1_weighted 0.9600000381469727, f1_mean 0.800000011920929
root        : INFO             Network_User:    Train:    Allocated 0.0 GB Cached 0.3 GB
root        : INFO     

--------------------------
root        : INFO             Network_User:            Dataset motionsense network cnn_transformer lr 0.001 lr_optimizer 6.25e-05 Reshape False 
root        : INFO             Network_User:    Train:    epoch 10/15 batch 78/791 itera 7989 elapsed time 0.5766336917877197 best itera 7910
root        : INFO             Network_User:    Train:    loss 0.08443472534418106
root        : INFO             Network_User:    Train:    acc 0.82, f1_weighted 0.8220000267028809, f1_mean 0.7560606002807617
root        : INFO             Network_User:    Train:    Allocated 0.0 GB Cached 0.3 GB
root        : INFO     

--------------------------
root        : INFO             Network_User:            Dataset motionsense network cnn_transformer lr 0.001 lr_optimizer 6.25e-05 Reshape False 
root        : INFO             Network_User:    Train:    epoch 10/15 batch 117/791 itera 8028 elapsed time 0.37543559074401855 best itera 7910
root        : INFO             Network_User:    Train:    loss 0.08048582077026367
root        : INFO             Network_User:    Train:    acc 0.86, f1_weighted 0.8426080942153931, f1_mean 0.8599511981010437
root        : INFO             Network_User:    Train:    Allocated 0.0 GB Cached 0.3 GB
root        : INFO     

--------------------------
root        : INFO             Network_User:            Dataset motionsense network cnn_transformer lr 0.001 lr_optimizer 6.25e-05 Reshape False 
root        : INFO             Network_User:    Train:    epoch 10/15 batch 156/791 itera 8067 elapsed time 0.18863725662231445 best itera 7910
root        : INFO             Network_User:    Train:    loss 0.12194699048995972
root        : INFO             Network_User:    Train:    acc 0.84, f1_weighted 0.8428778052330017, f1_mean 0.6859964728355408
root        : INFO             Network_User:    Train:    Allocated 0.0 GB Cached 0.3 GB
root        : INFO     

--------------------------
root        : INFO             Network_User:            Dataset motionsense network cnn_transformer lr 0.001 lr_optimizer 6.25e-05 Reshape False 
root        : INFO             Network_User:    Train:    epoch 10/15 batch 195/791 itera 8106 elapsed time 0.5180130004882812 best itera 7910
root        : INFO             Network_User:    Train:    loss 0.034990888088941574
root        : INFO             Network_User:    Train:    acc 0.96, f1_weighted 0.9556190967559814, f1_mean 0.9063491821289062
root        : INFO             Network_User:    Train:    Allocated 0.0 GB Cached 0.3 GB
root        : INFO     

--------------------------
root        : INFO             Network_User:            Dataset motionsense network cnn_transformer lr 0.001 lr_optimizer 6.25e-05 Reshape False 
root        : INFO             Network_User:    Train:    epoch 10/15 batch 234/791 itera 8145 elapsed time 0.3785073757171631 best itera 7910
root        : INFO             Network_User:    Train:    loss 0.035583361983299255
root        : INFO             Network_User:    Train:    acc 0.96, f1_weighted 0.9600000381469727, f1_mean 0.9585859179496765
root        : INFO             Network_User:    Train:    Allocated 0.0 GB Cached 0.3 GB
root        : INFO     

--------------------------
root        : INFO             Network_User:            Dataset motionsense network cnn_transformer lr 0.001 lr_optimizer 6.25e-05 Reshape False 
root        : INFO             Network_User:    Train:    epoch 10/15 batch 273/791 itera 8184 elapsed time 0.4833338260650635 best itera 7910
root        : INFO             Network_User:    Train:    loss 0.0379616804420948
root        : INFO             Network_User:    Train:    acc 0.96, f1_weighted 0.9585263133049011, f1_mean 0.9427432417869568
root        : INFO             Network_User:    Train:    Allocated 0.0 GB Cached 0.3 GB
root        : INFO     

--------------------------
root        : INFO             Network_User:            Dataset motionsense network cnn_transformer lr 0.001 lr_optimizer 6.25e-05 Reshape False 
root        : INFO             Network_User:    Train:    epoch 10/15 batch 312/791 itera 8223 elapsed time 0.33849382400512695 best itera 7910
root        : INFO             Network_User:    Train:    loss 0.04121766239404678
root        : INFO             Network_User:    Train:    acc 0.94, f1_weighted 0.94129878282547, f1_mean 0.9122174382209778
root        : INFO             Network_User:    Train:    Allocated 0.0 GB Cached 0.3 GB
root        : INFO     

--------------------------
root        : INFO             Network_User:            Dataset motionsense network cnn_transformer lr 0.001 lr_optimizer 6.25e-05 Reshape False 
root        : INFO             Network_User:    Train:    epoch 10/15 batch 351/791 itera 8262 elapsed time 0.790318489074707 best itera 7910
root        : INFO             Network_User:    Train:    loss 0.08530177921056747
root        : INFO             Network_User:    Train:    acc 0.88, f1_weighted 0.8859555125236511, f1_mean 0.8451852202415466
root        : INFO             Network_User:    Train:    Allocated 0.0 GB Cached 0.3 GB
root        : INFO     

--------------------------
root        : INFO             Network_User:            Dataset motionsense network cnn_transformer lr 0.001 lr_optimizer 6.25e-05 Reshape False 
root        : INFO             Network_User:    Train:    epoch 10/15 batch 390/791 itera 8301 elapsed time 0.5080583095550537 best itera 7910
root        : INFO             Network_User:    Train:    loss 0.06839770078659058
root        : INFO             Network_User:    Train:    acc 0.9, f1_weighted 0.8854111433029175, f1_mean 0.860963761806488
root        : INFO             Network_User:    Train:    Allocated 0.0 GB Cached 0.3 GB
root        : INFO     

--------------------------
root        : INFO             Network_User:            Dataset motionsense network cnn_transformer lr 0.001 lr_optimizer 6.25e-05 Reshape False 
root        : INFO             Network_User:    Train:    epoch 10/15 batch 429/791 itera 8340 elapsed time 0.32732343673706055 best itera 7910
root        : INFO             Network_User:    Train:    loss 0.04675151780247688
root        : INFO             Network_User:    Train:    acc 0.96, f1_weighted 0.9608963131904602, f1_mean 0.933779239654541
root        : INFO             Network_User:    Train:    Allocated 0.0 GB Cached 0.3 GB
root        : INFO     

--------------------------
root        : INFO             Network_User:            Dataset motionsense network cnn_transformer lr 0.001 lr_optimizer 6.25e-05 Reshape False 
root        : INFO             Network_User:    Train:    epoch 10/15 batch 468/791 itera 8379 elapsed time 0.6228439807891846 best itera 7910
root        : INFO             Network_User:    Train:    loss 0.05559612438082695
root        : INFO             Network_User:    Train:    acc 0.92, f1_weighted 0.9103391170501709, f1_mean 0.9154949188232422
root        : INFO             Network_User:    Train:    Allocated 0.0 GB Cached 0.3 GB
root        : INFO     

--------------------------
root        : INFO             Network_User:            Dataset motionsense network cnn_transformer lr 0.001 lr_optimizer 6.25e-05 Reshape False 
root        : INFO             Network_User:    Train:    epoch 10/15 batch 507/791 itera 8418 elapsed time 0.34691286087036133 best itera 7910
root        : INFO             Network_User:    Train:    loss 0.04412670060992241
root        : INFO             Network_User:    Train:    acc 0.92, f1_weighted 0.9199999570846558, f1_mean 0.886363685131073
root        : INFO             Network_User:    Train:    Allocated 0.0 GB Cached 0.3 GB
root        : INFO     

--------------------------
root        : INFO             Network_User:            Dataset motionsense network cnn_transformer lr 0.001 lr_optimizer 6.25e-05 Reshape False 
root        : INFO             Network_User:    Train:    epoch 10/15 batch 546/791 itera 8457 elapsed time 0.6936240196228027 best itera 7910
root        : INFO             Network_User:    Train:    loss 0.0448392815887928
root        : INFO             Network_User:    Train:    acc 0.92, f1_weighted 0.9199120402336121, f1_mean 0.89670330286026
root        : INFO             Network_User:    Train:    Allocated 0.0 GB Cached 0.3 GB
root        : INFO     

--------------------------
root        : INFO             Network_User:            Dataset motionsense network cnn_transformer lr 0.001 lr_optimizer 6.25e-05 Reshape False 
root        : INFO             Network_User:    Train:    epoch 10/15 batch 585/791 itera 8496 elapsed time 0.6554274559020996 best itera 7910
root        : INFO             Network_User:    Train:    loss 0.02276219055056572
root        : INFO             Network_User:    Train:    acc 1.0, f1_weighted 0.9999999403953552, f1_mean 1.0
root        : INFO             Network_User:    Train:    Allocated 0.0 GB Cached 0.3 GB
root        : INFO     

--------------------------
root        : INFO             Network_User:            Dataset motionsense network cnn_transformer lr 0.001 lr_optimizer 6.25e-05 Reshape False 
root        : INFO             Network_User:    Train:    epoch 10/15 batch 624/791 itera 8535 elapsed time 0.31989002227783203 best itera 7910
root        : INFO             Network_User:    Train:    loss 0.03744807466864586
root        : INFO             Network_User:    Train:    acc 0.98, f1_weighted 0.9816552400588989, f1_mean 0.9609195590019226
root        : INFO             Network_User:    Train:    Allocated 0.0 GB Cached 0.3 GB
root        : INFO     

--------------------------
root        : INFO             Network_User:            Dataset motionsense network cnn_transformer lr 0.001 lr_optimizer 6.25e-05 Reshape False 
root        : INFO             Network_User:    Train:    epoch 10/15 batch 663/791 itera 8574 elapsed time 0.6165223121643066 best itera 7910
root        : INFO             Network_User:    Train:    loss 0.08678280562162399
root        : INFO             Network_User:    Train:    acc 0.88, f1_weighted 0.8820605278015137, f1_mean 0.8243867754936218
root        : INFO             Network_User:    Train:    Allocated 0.0 GB Cached 0.3 GB
root        : INFO     

--------------------------
root        : INFO             Network_User:            Dataset motionsense network cnn_transformer lr 0.001 lr_optimizer 6.25e-05 Reshape False 
root        : INFO             Network_User:    Train:    epoch 10/15 batch 702/791 itera 8613 elapsed time 0.11445093154907227 best itera 7910
root        : INFO             Network_User:    Train:    loss 0.07475464046001434
root        : INFO             Network_User:    Train:    acc 0.9, f1_weighted 0.8980952501296997, f1_mean 0.8690476417541504
root        : INFO             Network_User:    Train:    Allocated 0.0 GB Cached 0.3 GB
root        : INFO     

--------------------------
root        : INFO             Network_User:            Dataset motionsense network cnn_transformer lr 0.001 lr_optimizer 6.25e-05 Reshape False 
root        : INFO             Network_User:    Train:    epoch 10/15 batch 741/791 itera 8652 elapsed time 0.3088982105255127 best itera 7910
root        : INFO             Network_User:    Train:    loss 0.06281469017267227
root        : INFO             Network_User:    Train:    acc 0.9, f1_weighted 0.8993434906005859, f1_mean 0.8640572428703308
root        : INFO             Network_User:    Train:    Allocated 0.0 GB Cached 0.3 GB
root        : INFO     

--------------------------
root        : INFO             Network_User:            Dataset motionsense network cnn_transformer lr 0.001 lr_optimizer 6.25e-05 Reshape False 
root        : INFO             Network_User:    Train:    epoch 10/15 batch 780/791 itera 8691 elapsed time 0.3928821086883545 best itera 7910
root        : INFO             Network_User:    Train:    loss 0.06129604950547218
root        : INFO             Network_User:    Train:    acc 0.9, f1_weighted 0.8980560302734375, f1_mean 0.8911207318305969
root        : INFO             Network_User:    Train:    Allocated 0.0 GB Cached 0.3 GB
root        : INFO     

--------------------------
root        : INFO     

root        : INFO             Network_User:        Validating
root        : INFO                 Metrics: Constructor
root        : INFO     

root        : INFO             Network_User:        Validating:    epoch 10 batch 790 itera 8701 elapsed time 93.2292811870575, best itera 7910
root        : INFO             Network_User:        Validating:    acc 0.9303341598771993, f1_weighted 0.9298489093780518, f1_mean 0.9136014580726624
root        : INFO             Network_User:            Saving the network
root        : INFO     
        Network_User:    Train:    Training epoch 11
root        : INFO             Network_User:            Dataset motionsense network cnn_transformer lr 0.001 lr_optimizer 6.25e-05 Reshape False 
root        : INFO             Network_User:    Train:    epoch 11/15 batch 0/791 itera 8702 elapsed time 0.1389002799987793 best itera 8701
root        : INFO             Network_User:    Train:    loss 0.03533218055963516
root        : INFO             Network_User:    Train:    acc 0.98, f1_weighted 0.9796581268310547, f1_mean 0.9686610102653503
root        : INFO             Network_User:    Train:    Allocated 0.0 GB Cached 0.3 GB
root        : INFO     

--------------------------
root        : INFO             Network_User:            Dataset motionsense network cnn_transformer lr 0.001 lr_optimizer 6.25e-05 Reshape False 
root        : INFO             Network_User:    Train:    epoch 11/15 batch 39/791 itera 8741 elapsed time 0.3799624443054199 best itera 8701
root        : INFO             Network_User:    Train:    loss 0.04453611373901367
root        : INFO             Network_User:    Train:    acc 0.94, f1_weighted 0.93790203332901, f1_mean 0.9265734553337097
root        : INFO             Network_User:    Train:    Allocated 0.0 GB Cached 0.3 GB
root        : INFO     

--------------------------
root        : INFO             Network_User:            Dataset motionsense network cnn_transformer lr 0.001 lr_optimizer 6.25e-05 Reshape False 
root        : INFO             Network_User:    Train:    epoch 11/15 batch 78/791 itera 8780 elapsed time 0.3588144779205322 best itera 8701
root        : INFO             Network_User:    Train:    loss 0.03471247851848602
root        : INFO             Network_User:    Train:    acc 0.96, f1_weighted 0.957777738571167, f1_mean 0.9148147702217102
root        : INFO             Network_User:    Train:    Allocated 0.0 GB Cached 0.3 GB
root        : INFO     

--------------------------
root        : INFO             Network_User:            Dataset motionsense network cnn_transformer lr 0.001 lr_optimizer 6.25e-05 Reshape False 
root        : INFO             Network_User:    Train:    epoch 11/15 batch 117/791 itera 8819 elapsed time 0.471585750579834 best itera 8701
root        : INFO             Network_User:    Train:    loss 0.09335143119096756
root        : INFO             Network_User:    Train:    acc 0.86, f1_weighted 0.8564254641532898, f1_mean 0.8412169814109802
root        : INFO             Network_User:    Train:    Allocated 0.0 GB Cached 0.3 GB
root        : INFO     

--------------------------
root        : INFO             Network_User:            Dataset motionsense network cnn_transformer lr 0.001 lr_optimizer 6.25e-05 Reshape False 
root        : INFO             Network_User:    Train:    epoch 11/15 batch 156/791 itera 8858 elapsed time 0.6034219264984131 best itera 8701
root        : INFO             Network_User:    Train:    loss 0.059827715158462524
root        : INFO             Network_User:    Train:    acc 0.9, f1_weighted 0.8940540552139282, f1_mean 0.8663663864135742
root        : INFO             Network_User:    Train:    Allocated 0.0 GB Cached 0.3 GB
root        : INFO     

--------------------------
root        : INFO             Network_User:            Dataset motionsense network cnn_transformer lr 0.001 lr_optimizer 6.25e-05 Reshape False 
root        : INFO             Network_User:    Train:    epoch 11/15 batch 195/791 itera 8897 elapsed time 0.44541096687316895 best itera 8701
root        : INFO             Network_User:    Train:    loss 0.04882856830954552
root        : INFO             Network_User:    Train:    acc 0.94, f1_weighted 0.9410033226013184, f1_mean 0.9397993087768555
root        : INFO             Network_User:    Train:    Allocated 0.0 GB Cached 0.3 GB
root        : INFO     

--------------------------
root        : INFO             Network_User:            Dataset motionsense network cnn_transformer lr 0.001 lr_optimizer 6.25e-05 Reshape False 
root        : INFO             Network_User:    Train:    epoch 11/15 batch 234/791 itera 8936 elapsed time 0.4785637855529785 best itera 8701
root        : INFO             Network_User:    Train:    loss 0.1381985992193222
root        : INFO             Network_User:    Train:    acc 0.84, f1_weighted 0.8422766923904419, f1_mean 0.8125664591789246
root        : INFO             Network_User:    Train:    Allocated 0.0 GB Cached 0.3 GB
root        : INFO     

--------------------------
root        : INFO             Network_User:            Dataset motionsense network cnn_transformer lr 0.001 lr_optimizer 6.25e-05 Reshape False 
root        : INFO             Network_User:    Train:    epoch 11/15 batch 273/791 itera 8975 elapsed time 0.3484768867492676 best itera 8701
root        : INFO             Network_User:    Train:    loss 0.039630092680454254
root        : INFO             Network_User:    Train:    acc 0.96, f1_weighted 0.9605847001075745, f1_mean 0.9518762230873108
root        : INFO             Network_User:    Train:    Allocated 0.0 GB Cached 0.3 GB
root        : INFO     

--------------------------
root        : INFO             Network_User:            Dataset motionsense network cnn_transformer lr 0.001 lr_optimizer 6.25e-05 Reshape False 
root        : INFO             Network_User:    Train:    epoch 11/15 batch 312/791 itera 9014 elapsed time 0.5376136302947998 best itera 8701
root        : INFO             Network_User:    Train:    loss 0.05979032814502716
root        : INFO             Network_User:    Train:    acc 0.94, f1_weighted 0.9453732967376709, f1_mean 0.878444254398346
root        : INFO             Network_User:    Train:    Allocated 0.0 GB Cached 0.3 GB
root        : INFO     

--------------------------
root        : INFO             Network_User:            Dataset motionsense network cnn_transformer lr 0.001 lr_optimizer 6.25e-05 Reshape False 
root        : INFO             Network_User:    Train:    epoch 11/15 batch 351/791 itera 9053 elapsed time 0.23686957359313965 best itera 8701
root        : INFO             Network_User:    Train:    loss 0.06282013654708862
root        : INFO             Network_User:    Train:    acc 0.9, f1_weighted 0.8978666663169861, f1_mean 0.8768253922462463
root        : INFO             Network_User:    Train:    Allocated 0.0 GB Cached 0.3 GB
root        : INFO     

--------------------------
root        : INFO             Network_User:            Dataset motionsense network cnn_transformer lr 0.001 lr_optimizer 6.25e-05 Reshape False 
root        : INFO             Network_User:    Train:    epoch 11/15 batch 390/791 itera 9092 elapsed time 0.6114199161529541 best itera 8701
root        : INFO             Network_User:    Train:    loss 0.060378942638635635
root        : INFO             Network_User:    Train:    acc 0.94, f1_weighted 0.9377142190933228, f1_mean 0.882417619228363
root        : INFO             Network_User:    Train:    Allocated 0.0 GB Cached 0.3 GB
root        : INFO     

--------------------------
root        : INFO             Network_User:            Dataset motionsense network cnn_transformer lr 0.001 lr_optimizer 6.25e-05 Reshape False 
root        : INFO             Network_User:    Train:    epoch 11/15 batch 429/791 itera 9131 elapsed time 0.3262062072753906 best itera 8701
root        : INFO             Network_User:    Train:    loss 0.0757472813129425
root        : INFO             Network_User:    Train:    acc 0.92, f1_weighted 0.9219048023223877, f1_mean 0.8998015522956848
root        : INFO             Network_User:    Train:    Allocated 0.0 GB Cached 0.3 GB
root        : INFO     

--------------------------
root        : INFO             Network_User:            Dataset motionsense network cnn_transformer lr 0.001 lr_optimizer 6.25e-05 Reshape False 
root        : INFO             Network_User:    Train:    epoch 11/15 batch 468/791 itera 9170 elapsed time 0.3917832374572754 best itera 8701
root        : INFO             Network_User:    Train:    loss 0.043959565460681915
root        : INFO             Network_User:    Train:    acc 0.96, f1_weighted 0.958961009979248, f1_mean 0.9610390067100525
root        : INFO             Network_User:    Train:    Allocated 0.0 GB Cached 0.3 GB
root        : INFO     

--------------------------
root        : INFO             Network_User:            Dataset motionsense network cnn_transformer lr 0.001 lr_optimizer 6.25e-05 Reshape False 
root        : INFO             Network_User:    Train:    epoch 11/15 batch 507/791 itera 9209 elapsed time 0.39084863662719727 best itera 8701
root        : INFO             Network_User:    Train:    loss 0.026385290548205376
root        : INFO             Network_User:    Train:    acc 1.0, f1_weighted 1.0, f1_mean 1.0
root        : INFO             Network_User:    Train:    Allocated 0.0 GB Cached 0.3 GB
root        : INFO     

--------------------------
root        : INFO             Network_User:            Dataset motionsense network cnn_transformer lr 0.001 lr_optimizer 6.25e-05 Reshape False 
root        : INFO             Network_User:    Train:    epoch 11/15 batch 546/791 itera 9248 elapsed time 0.19795775413513184 best itera 8701
root        : INFO             Network_User:    Train:    loss 0.027033058926463127
root        : INFO             Network_User:    Train:    acc 0.96, f1_weighted 0.9512500166893005, f1_mean 0.90625
root        : INFO             Network_User:    Train:    Allocated 0.0 GB Cached 0.3 GB
root        : INFO     

--------------------------
root        : INFO             Network_User:            Dataset motionsense network cnn_transformer lr 0.001 lr_optimizer 6.25e-05 Reshape False 
root        : INFO             Network_User:    Train:    epoch 11/15 batch 585/791 itera 9287 elapsed time 0.1701946258544922 best itera 8701
root        : INFO             Network_User:    Train:    loss 0.05319627374410629
root        : INFO             Network_User:    Train:    acc 0.92, f1_weighted 0.9200000166893005, f1_mean 0.9076922535896301
root        : INFO             Network_User:    Train:    Allocated 0.0 GB Cached 0.3 GB
root        : INFO     

--------------------------
root        : INFO             Network_User:            Dataset motionsense network cnn_transformer lr 0.001 lr_optimizer 6.25e-05 Reshape False 
root        : INFO             Network_User:    Train:    epoch 11/15 batch 624/791 itera 9326 elapsed time 0.562333345413208 best itera 8701
root        : INFO             Network_User:    Train:    loss 0.047840096056461334
root        : INFO             Network_User:    Train:    acc 0.92, f1_weighted 0.9136724472045898, f1_mean 0.8877171874046326
root        : INFO             Network_User:    Train:    Allocated 0.0 GB Cached 0.3 GB
root        : INFO     

--------------------------
root        : INFO             Network_User:            Dataset motionsense network cnn_transformer lr 0.001 lr_optimizer 6.25e-05 Reshape False 
root        : INFO             Network_User:    Train:    epoch 11/15 batch 663/791 itera 9365 elapsed time 0.31591010093688965 best itera 8701
root        : INFO             Network_User:    Train:    loss 0.021341457962989807
root        : INFO             Network_User:    Train:    acc 0.98, f1_weighted 0.9803174734115601, f1_mean 0.9576719403266907
root        : INFO             Network_User:    Train:    Allocated 0.0 GB Cached 0.3 GB
root        : INFO     

--------------------------
root        : INFO             Network_User:            Dataset motionsense network cnn_transformer lr 0.001 lr_optimizer 6.25e-05 Reshape False 
root        : INFO             Network_User:    Train:    epoch 11/15 batch 702/791 itera 9404 elapsed time 0.5229682922363281 best itera 8701
root        : INFO             Network_User:    Train:    loss 0.054756976664066315
root        : INFO             Network_User:    Train:    acc 0.96, f1_weighted 0.9596222639083862, f1_mean 0.9644982218742371
root        : INFO             Network_User:    Train:    Allocated 0.0 GB Cached 0.3 GB
root        : INFO     

--------------------------
root        : INFO             Network_User:            Dataset motionsense network cnn_transformer lr 0.001 lr_optimizer 6.25e-05 Reshape False 
root        : INFO             Network_User:    Train:    epoch 11/15 batch 741/791 itera 9443 elapsed time 0.29647278785705566 best itera 8701
root        : INFO             Network_User:    Train:    loss 0.05655854567885399
root        : INFO             Network_User:    Train:    acc 0.96, f1_weighted 0.9635714292526245, f1_mean 0.9464285969734192
root        : INFO             Network_User:    Train:    Allocated 0.0 GB Cached 0.3 GB
root        : INFO     

--------------------------
root        : INFO             Network_User:            Dataset motionsense network cnn_transformer lr 0.001 lr_optimizer 6.25e-05 Reshape False 
root        : INFO             Network_User:    Train:    epoch 11/15 batch 780/791 itera 9482 elapsed time 0.4212319850921631 best itera 8701
root        : INFO             Network_User:    Train:    loss 0.08902423828840256
root        : INFO             Network_User:    Train:    acc 0.86, f1_weighted 0.8531428575515747, f1_mean 0.8634920716285706
root        : INFO             Network_User:    Train:    Allocated 0.0 GB Cached 0.3 GB
root        : INFO     

--------------------------
root        : INFO     

root        : INFO             Network_User:        Validating
root        : INFO                 Metrics: Constructor
root        : INFO     

root        : INFO             Network_User:        Validating:    epoch 11 batch 790 itera 9492 elapsed time 102.08673882484436, best itera 8701
root        : INFO             Network_User:        Validating:    acc 0.9243121974259062, f1_weighted 0.9250805377960205, f1_mean 0.9096115231513977
root        : INFO     
        Network_User:    Train:    Training epoch 12
root        : INFO             Network_User:            Dataset motionsense network cnn_transformer lr 0.001 lr_optimizer 6.25e-05 Reshape False 
root        : INFO             Network_User:    Train:    epoch 12/15 batch 0/791 itera 9493 elapsed time 0.282271146774292 best itera 8701
root        : INFO             Network_User:    Train:    loss 0.04257426783442497
root        : INFO             Network_User:    Train:    acc 0.96, f1_weighted 0.9612308144569397, f1_mean 0.9399572014808655
root        : INFO             Network_User:    Train:    Allocated 0.0 GB Cached 0.3 GB
root        : INFO     

--------------------------
root        : INFO             Network_User:            Dataset motionsense network cnn_transformer lr 0.001 lr_optimizer 6.25e-05 Reshape False 
root        : INFO             Network_User:    Train:    epoch 12/15 batch 39/791 itera 9532 elapsed time 0.4194800853729248 best itera 8701
root        : INFO             Network_User:    Train:    loss 0.02899540401995182
root        : INFO             Network_User:    Train:    acc 0.98, f1_weighted 0.9815652370452881, f1_mean 0.959420382976532
root        : INFO             Network_User:    Train:    Allocated 0.0 GB Cached 0.3 GB
root        : INFO     

--------------------------
root        : INFO             Network_User:            Dataset motionsense network cnn_transformer lr 0.001 lr_optimizer 6.25e-05 Reshape False 
root        : INFO             Network_User:    Train:    epoch 12/15 batch 78/791 itera 9571 elapsed time 0.5354280471801758 best itera 8701
root        : INFO             Network_User:    Train:    loss 0.08648327738046646
root        : INFO             Network_User:    Train:    acc 0.92, f1_weighted 0.9184272885322571, f1_mean 0.9019944071769714
root        : INFO             Network_User:    Train:    Allocated 0.0 GB Cached 0.3 GB
root        : INFO     

--------------------------
root        : INFO             Network_User:            Dataset motionsense network cnn_transformer lr 0.001 lr_optimizer 6.25e-05 Reshape False 
root        : INFO             Network_User:    Train:    epoch 12/15 batch 117/791 itera 9610 elapsed time 0.6274588108062744 best itera 8701
root        : INFO             Network_User:    Train:    loss 0.09093670547008514
root        : INFO             Network_User:    Train:    acc 0.9, f1_weighted 0.8974141478538513, f1_mean 0.8178451657295227
root        : INFO             Network_User:    Train:    Allocated 0.0 GB Cached 0.3 GB
root        : INFO     

--------------------------
root        : INFO             Network_User:            Dataset motionsense network cnn_transformer lr 0.001 lr_optimizer 6.25e-05 Reshape False 
root        : INFO             Network_User:    Train:    epoch 12/15 batch 156/791 itera 9649 elapsed time 0.5353319644927979 best itera 8701
root        : INFO             Network_User:    Train:    loss 0.047914743423461914
root        : INFO             Network_User:    Train:    acc 0.96, f1_weighted 0.9602020382881165, f1_mean 0.9478114247322083
root        : INFO             Network_User:    Train:    Allocated 0.0 GB Cached 0.3 GB
root        : INFO     

--------------------------
root        : INFO             Network_User:            Dataset motionsense network cnn_transformer lr 0.001 lr_optimizer 6.25e-05 Reshape False 
root        : INFO             Network_User:    Train:    epoch 12/15 batch 195/791 itera 9688 elapsed time 0.3204307556152344 best itera 8701
root        : INFO             Network_User:    Train:    loss 0.07760211825370789
root        : INFO             Network_User:    Train:    acc 0.92, f1_weighted 0.923214316368103, f1_mean 0.8839285373687744
root        : INFO             Network_User:    Train:    Allocated 0.0 GB Cached 0.3 GB
root        : INFO     

--------------------------
root        : INFO             Network_User:            Dataset motionsense network cnn_transformer lr 0.001 lr_optimizer 6.25e-05 Reshape False 
root        : INFO             Network_User:    Train:    epoch 12/15 batch 234/791 itera 9727 elapsed time 0.6262047290802002 best itera 8701
root        : INFO             Network_User:    Train:    loss 0.06298328191041946
root        : INFO             Network_User:    Train:    acc 0.92, f1_weighted 0.9200000166893005, f1_mean 0.9474747180938721
root        : INFO             Network_User:    Train:    Allocated 0.0 GB Cached 0.3 GB
root        : INFO     

--------------------------
root        : INFO             Network_User:            Dataset motionsense network cnn_transformer lr 0.001 lr_optimizer 6.25e-05 Reshape False 
root        : INFO             Network_User:    Train:    epoch 12/15 batch 273/791 itera 9766 elapsed time 0.6467790603637695 best itera 8701
root        : INFO             Network_User:    Train:    loss 0.05600237473845482
root        : INFO             Network_User:    Train:    acc 0.94, f1_weighted 0.9381413459777832, f1_mean 0.9322836995124817
root        : INFO             Network_User:    Train:    Allocated 0.0 GB Cached 0.3 GB
root        : INFO     

--------------------------
root        : INFO             Network_User:            Dataset motionsense network cnn_transformer lr 0.001 lr_optimizer 6.25e-05 Reshape False 
root        : INFO             Network_User:    Train:    epoch 12/15 batch 312/791 itera 9805 elapsed time 0.5957350730895996 best itera 8701
root        : INFO             Network_User:    Train:    loss 0.024660944938659668
root        : INFO             Network_User:    Train:    acc 0.98, f1_weighted 0.9815652370452881, f1_mean 0.9594202637672424
root        : INFO             Network_User:    Train:    Allocated 0.0 GB Cached 0.3 GB
root        : INFO     

--------------------------
root        : INFO             Network_User:            Dataset motionsense network cnn_transformer lr 0.001 lr_optimizer 6.25e-05 Reshape False 
root        : INFO             Network_User:    Train:    epoch 12/15 batch 351/791 itera 9844 elapsed time 0.2870979309082031 best itera 8701
root        : INFO             Network_User:    Train:    loss 0.10960466414690018
root        : INFO             Network_User:    Train:    acc 0.84, f1_weighted 0.8384829163551331, f1_mean 0.8091282248497009
root        : INFO             Network_User:    Train:    Allocated 0.0 GB Cached 0.3 GB
root        : INFO     

--------------------------
root        : INFO             Network_User:            Dataset motionsense network cnn_transformer lr 0.001 lr_optimizer 6.25e-05 Reshape False 
root        : INFO             Network_User:    Train:    epoch 12/15 batch 390/791 itera 9883 elapsed time 0.43700098991394043 best itera 8701
root        : INFO             Network_User:    Train:    loss 0.06774713844060898
root        : INFO             Network_User:    Train:    acc 0.92, f1_weighted 0.9235165119171143, f1_mean 0.8935286998748779
root        : INFO             Network_User:    Train:    Allocated 0.0 GB Cached 0.3 GB
root        : INFO     

--------------------------
root        : INFO             Network_User:            Dataset motionsense network cnn_transformer lr 0.001 lr_optimizer 6.25e-05 Reshape False 
root        : INFO             Network_User:    Train:    epoch 12/15 batch 429/791 itera 9922 elapsed time 0.5986077785491943 best itera 8701
root        : INFO             Network_User:    Train:    loss 0.07062619924545288
root        : INFO             Network_User:    Train:    acc 0.92, f1_weighted 0.9192113280296326, f1_mean 0.9211376309394836
root        : INFO             Network_User:    Train:    Allocated 0.0 GB Cached 0.3 GB
root        : INFO     

--------------------------
root        : INFO             Network_User:            Dataset motionsense network cnn_transformer lr 0.001 lr_optimizer 6.25e-05 Reshape False 
root        : INFO             Network_User:    Train:    epoch 12/15 batch 468/791 itera 9961 elapsed time 0.5284297466278076 best itera 8701
root        : INFO             Network_User:    Train:    loss 0.03218236565589905
root        : INFO             Network_User:    Train:    acc 0.98, f1_weighted 0.9797333478927612, f1_mean 0.9822222590446472
root        : INFO             Network_User:    Train:    Allocated 0.0 GB Cached 0.3 GB
root        : INFO     

--------------------------
root        : INFO             Network_User:            Dataset motionsense network cnn_transformer lr 0.001 lr_optimizer 6.25e-05 Reshape False 
root        : INFO             Network_User:    Train:    epoch 12/15 batch 507/791 itera 10000 elapsed time 0.5719757080078125 best itera 8701
root        : INFO             Network_User:    Train:    loss 0.04939615726470947
root        : INFO             Network_User:    Train:    acc 0.92, f1_weighted 0.9178682565689087, f1_mean 0.9043698310852051
root        : INFO             Network_User:    Train:    Allocated 0.0 GB Cached 0.3 GB
root        : INFO     

--------------------------
root        : INFO             Network_User:            Dataset motionsense network cnn_transformer lr 0.001 lr_optimizer 6.25e-05 Reshape False 
root        : INFO             Network_User:    Train:    epoch 12/15 batch 546/791 itera 10039 elapsed time 0.26967430114746094 best itera 8701
root        : INFO             Network_User:    Train:    loss 0.036670539528131485
root        : INFO             Network_User:    Train:    acc 0.96, f1_weighted 0.9569999575614929, f1_mean 0.9416666626930237
root        : INFO             Network_User:    Train:    Allocated 0.0 GB Cached 0.3 GB
root        : INFO     

--------------------------
root        : INFO             Network_User:            Dataset motionsense network cnn_transformer lr 0.001 lr_optimizer 6.25e-05 Reshape False 
root        : INFO             Network_User:    Train:    epoch 12/15 batch 585/791 itera 10078 elapsed time 0.5334258079528809 best itera 8701
root        : INFO             Network_User:    Train:    loss 0.05264456570148468
root        : INFO             Network_User:    Train:    acc 0.9, f1_weighted 0.8915056586265564, f1_mean 0.8558576107025146
root        : INFO             Network_User:    Train:    Allocated 0.0 GB Cached 0.3 GB
root        : INFO     

--------------------------
root        : INFO             Network_User:            Dataset motionsense network cnn_transformer lr 0.001 lr_optimizer 6.25e-05 Reshape False 
root        : INFO             Network_User:    Train:    epoch 12/15 batch 624/791 itera 10117 elapsed time 0.3957192897796631 best itera 8701
root        : INFO             Network_User:    Train:    loss 0.042872264981269836
root        : INFO             Network_User:    Train:    acc 0.96, f1_weighted 0.9591666460037231, f1_mean 0.9652777314186096
root        : INFO             Network_User:    Train:    Allocated 0.0 GB Cached 0.3 GB
root        : INFO     

--------------------------
root        : INFO             Network_User:            Dataset motionsense network cnn_transformer lr 0.001 lr_optimizer 6.25e-05 Reshape False 
root        : INFO             Network_User:    Train:    epoch 12/15 batch 663/791 itera 10156 elapsed time 0.2290785312652588 best itera 8701
root        : INFO             Network_User:    Train:    loss 0.08981969952583313
root        : INFO             Network_User:    Train:    acc 0.92, f1_weighted 0.917320191860199, f1_mean 0.9021186828613281
root        : INFO             Network_User:    Train:    Allocated 0.0 GB Cached 0.3 GB
root        : INFO     

--------------------------
root        : INFO             Network_User:            Dataset motionsense network cnn_transformer lr 0.001 lr_optimizer 6.25e-05 Reshape False 
root        : INFO             Network_User:    Train:    epoch 12/15 batch 702/791 itera 10195 elapsed time 0.529932975769043 best itera 8701
root        : INFO             Network_User:    Train:    loss 0.04062511771917343
root        : INFO             Network_User:    Train:    acc 0.96, f1_weighted 0.9594771862030029, f1_mean 0.9618735909461975
root        : INFO             Network_User:    Train:    Allocated 0.0 GB Cached 0.3 GB
root        : INFO     

--------------------------
root        : INFO             Network_User:            Dataset motionsense network cnn_transformer lr 0.001 lr_optimizer 6.25e-05 Reshape False 
root        : INFO             Network_User:    Train:    epoch 12/15 batch 741/791 itera 10234 elapsed time 0.461773157119751 best itera 8701
root        : INFO             Network_User:    Train:    loss 0.07740724831819534
root        : INFO             Network_User:    Train:    acc 0.92, f1_weighted 0.9106666445732117, f1_mean 0.8777777552604675
root        : INFO             Network_User:    Train:    Allocated 0.0 GB Cached 0.3 GB
root        : INFO     

--------------------------
root        : INFO             Network_User:            Dataset motionsense network cnn_transformer lr 0.001 lr_optimizer 6.25e-05 Reshape False 
root        : INFO             Network_User:    Train:    epoch 12/15 batch 780/791 itera 10273 elapsed time 0.465256929397583 best itera 8701
root        : INFO             Network_User:    Train:    loss 0.04403603449463844
root        : INFO             Network_User:    Train:    acc 0.94, f1_weighted 0.9428301453590393, f1_mean 0.9299339652061462
root        : INFO             Network_User:    Train:    Allocated 0.0 GB Cached 0.3 GB
root        : INFO     

--------------------------
root        : INFO     

root        : INFO             Network_User:        Validating
root        : INFO                 Metrics: Constructor
root        : INFO     

root        : INFO             Network_User:        Validating:    epoch 12 batch 790 itera 10283 elapsed time 98.22731733322144, best itera 8701
root        : INFO             Network_User:        Validating:    acc 0.9322234029991735, f1_weighted 0.9319509863853455, f1_mean 0.9162362217903137
root        : INFO             Network_User:            Saving the network
root        : INFO     
        Network_User:    Train:    Training epoch 13
root        : INFO             Network_User:            Dataset motionsense network cnn_transformer lr 0.001 lr_optimizer 3.125e-05 Reshape False 
root        : INFO             Network_User:    Train:    epoch 13/15 batch 0/791 itera 10284 elapsed time 0.5054576396942139 best itera 10283
root        : INFO             Network_User:    Train:    loss 0.013837247155606747
root        : INFO             Network_User:    Train:    acc 1.0, f1_weighted 1.0, f1_mean 1.0
root        : INFO             Network_User:    Train:    Allocated 0.0 GB Cached 0.3 GB
root        : INFO     

--------------------------
root        : INFO             Network_User:            Dataset motionsense network cnn_transformer lr 0.001 lr_optimizer 3.125e-05 Reshape False 
root        : INFO             Network_User:    Train:    epoch 13/15 batch 39/791 itera 10323 elapsed time 0.5116357803344727 best itera 10283
root        : INFO             Network_User:    Train:    loss 0.0476749986410141
root        : INFO             Network_User:    Train:    acc 0.94, f1_weighted 0.9386667013168335, f1_mean 0.894444465637207
root        : INFO             Network_User:    Train:    Allocated 0.0 GB Cached 0.3 GB
root        : INFO     

--------------------------
root        : INFO             Network_User:            Dataset motionsense network cnn_transformer lr 0.001 lr_optimizer 3.125e-05 Reshape False 
root        : INFO             Network_User:    Train:    epoch 13/15 batch 78/791 itera 10362 elapsed time 0.32827234268188477 best itera 10283
root        : INFO             Network_User:    Train:    loss 0.05079033225774765
root        : INFO             Network_User:    Train:    acc 0.94, f1_weighted 0.9428888559341431, f1_mean 0.9157407283782959
root        : INFO             Network_User:    Train:    Allocated 0.0 GB Cached 0.3 GB
root        : INFO     

--------------------------
root        : INFO             Network_User:            Dataset motionsense network cnn_transformer lr 0.001 lr_optimizer 3.125e-05 Reshape False 
root        : INFO             Network_User:    Train:    epoch 13/15 batch 117/791 itera 10401 elapsed time 0.6306025981903076 best itera 10283
root        : INFO             Network_User:    Train:    loss 0.04229273647069931
root        : INFO             Network_User:    Train:    acc 0.94, f1_weighted 0.9424497485160828, f1_mean 0.9263359904289246
root        : INFO             Network_User:    Train:    Allocated 0.0 GB Cached 0.3 GB
root        : INFO     

--------------------------
root        : INFO             Network_User:            Dataset motionsense network cnn_transformer lr 0.001 lr_optimizer 3.125e-05 Reshape False 
root        : INFO             Network_User:    Train:    epoch 13/15 batch 156/791 itera 10440 elapsed time 0.6098451614379883 best itera 10283
root        : INFO             Network_User:    Train:    loss 0.06777498871088028
root        : INFO             Network_User:    Train:    acc 0.9, f1_weighted 0.8991515040397644, f1_mean 0.8656566143035889
root        : INFO             Network_User:    Train:    Allocated 0.0 GB Cached 0.3 GB
root        : INFO     

--------------------------
root        : INFO             Network_User:            Dataset motionsense network cnn_transformer lr 0.001 lr_optimizer 3.125e-05 Reshape False 
root        : INFO             Network_User:    Train:    epoch 13/15 batch 195/791 itera 10479 elapsed time 0.2246253490447998 best itera 10283
root        : INFO             Network_User:    Train:    loss 0.04063664376735687
root        : INFO             Network_User:    Train:    acc 0.96, f1_weighted 0.9630302786827087, f1_mean 0.883838415145874
root        : INFO             Network_User:    Train:    Allocated 0.0 GB Cached 0.3 GB
root        : INFO     

--------------------------
root        : INFO             Network_User:            Dataset motionsense network cnn_transformer lr 0.001 lr_optimizer 3.125e-05 Reshape False 
root        : INFO             Network_User:    Train:    epoch 13/15 batch 234/791 itera 10518 elapsed time 0.5718786716461182 best itera 10283
root        : INFO             Network_User:    Train:    loss 0.06281337887048721
root        : INFO             Network_User:    Train:    acc 0.94, f1_weighted 0.9386600255966187, f1_mean 0.9454094767570496
root        : INFO             Network_User:    Train:    Allocated 0.0 GB Cached 0.3 GB
root        : INFO     

--------------------------
root        : INFO             Network_User:            Dataset motionsense network cnn_transformer lr 0.001 lr_optimizer 3.125e-05 Reshape False 
root        : INFO             Network_User:    Train:    epoch 13/15 batch 273/791 itera 10557 elapsed time 0.523951530456543 best itera 10283
root        : INFO             Network_User:    Train:    loss 0.0527997650206089
root        : INFO             Network_User:    Train:    acc 0.92, f1_weighted 0.9196950197219849, f1_mean 0.9050831198692322
root        : INFO             Network_User:    Train:    Allocated 0.0 GB Cached 0.3 GB
root        : INFO     

--------------------------
root        : INFO             Network_User:            Dataset motionsense network cnn_transformer lr 0.001 lr_optimizer 3.125e-05 Reshape False 
root        : INFO             Network_User:    Train:    epoch 13/15 batch 312/791 itera 10596 elapsed time 0.41408228874206543 best itera 10283
root        : INFO             Network_User:    Train:    loss 0.03851127251982689
root        : INFO             Network_User:    Train:    acc 0.96, f1_weighted 0.9625640511512756, f1_mean 0.9164724349975586
root        : INFO             Network_User:    Train:    Allocated 0.0 GB Cached 0.3 GB
root        : INFO     

--------------------------
root        : INFO             Network_User:            Dataset motionsense network cnn_transformer lr 0.001 lr_optimizer 3.125e-05 Reshape False 
root        : INFO             Network_User:    Train:    epoch 13/15 batch 351/791 itera 10635 elapsed time 0.7303826808929443 best itera 10283
root        : INFO             Network_User:    Train:    loss 0.03376112878322601
root        : INFO             Network_User:    Train:    acc 0.98, f1_weighted 0.9807663559913635, f1_mean 0.975734293460846
root        : INFO             Network_User:    Train:    Allocated 0.0 GB Cached 0.3 GB
root        : INFO     

--------------------------
root        : INFO             Network_User:            Dataset motionsense network cnn_transformer lr 0.001 lr_optimizer 3.125e-05 Reshape False 
root        : INFO             Network_User:    Train:    epoch 13/15 batch 390/791 itera 10674 elapsed time 0.7321174144744873 best itera 10283
root        : INFO             Network_User:    Train:    loss 0.057900771498680115
root        : INFO             Network_User:    Train:    acc 0.92, f1_weighted 0.9172275066375732, f1_mean 0.9007055163383484
root        : INFO             Network_User:    Train:    Allocated 0.0 GB Cached 0.3 GB
root        : INFO     

--------------------------
root        : INFO             Network_User:            Dataset motionsense network cnn_transformer lr 0.001 lr_optimizer 3.125e-05 Reshape False 
root        : INFO             Network_User:    Train:    epoch 13/15 batch 429/791 itera 10713 elapsed time 0.6019723415374756 best itera 10283
root        : INFO             Network_User:    Train:    loss 0.046368394047021866
root        : INFO             Network_User:    Train:    acc 0.9, f1_weighted 0.8906666040420532, f1_mean 0.8277776837348938
root        : INFO             Network_User:    Train:    Allocated 0.0 GB Cached 0.3 GB
root        : INFO     

--------------------------
root        : INFO             Network_User:            Dataset motionsense network cnn_transformer lr 0.001 lr_optimizer 3.125e-05 Reshape False 
root        : INFO             Network_User:    Train:    epoch 13/15 batch 468/791 itera 10752 elapsed time 0.474470853805542 best itera 10283
root        : INFO             Network_User:    Train:    loss 0.07751559466123581
root        : INFO             Network_User:    Train:    acc 0.9, f1_weighted 0.9107987880706787, f1_mean 0.8239887356758118
root        : INFO             Network_User:    Train:    Allocated 0.0 GB Cached 0.3 GB
root        : INFO     

--------------------------
root        : INFO             Network_User:            Dataset motionsense network cnn_transformer lr 0.001 lr_optimizer 3.125e-05 Reshape False 
root        : INFO             Network_User:    Train:    epoch 13/15 batch 507/791 itera 10791 elapsed time 0.7275500297546387 best itera 10283
root        : INFO             Network_User:    Train:    loss 0.014084095135331154
root        : INFO             Network_User:    Train:    acc 1.0, f1_weighted 1.0, f1_mean 1.0
root        : INFO             Network_User:    Train:    Allocated 0.0 GB Cached 0.3 GB
root        : INFO     

--------------------------
root        : INFO             Network_User:            Dataset motionsense network cnn_transformer lr 0.001 lr_optimizer 3.125e-05 Reshape False 
root        : INFO             Network_User:    Train:    epoch 13/15 batch 546/791 itera 10830 elapsed time 0.4409027099609375 best itera 10283
root        : INFO             Network_User:    Train:    loss 0.02074013464152813
root        : INFO             Network_User:    Train:    acc 0.98, f1_weighted 0.9792115092277527, f1_mean 0.9761051535606384
root        : INFO             Network_User:    Train:    Allocated 0.0 GB Cached 0.3 GB
root        : INFO     

--------------------------
root        : INFO             Network_User:            Dataset motionsense network cnn_transformer lr 0.001 lr_optimizer 3.125e-05 Reshape False 
root        : INFO             Network_User:    Train:    epoch 13/15 batch 585/791 itera 10869 elapsed time 0.4726426601409912 best itera 10283
root        : INFO             Network_User:    Train:    loss 0.03407565504312515
root        : INFO             Network_User:    Train:    acc 0.96, f1_weighted 0.9577778577804565, f1_mean 0.9166666865348816
root        : INFO             Network_User:    Train:    Allocated 0.0 GB Cached 0.3 GB
root        : INFO     

--------------------------
root        : INFO             Network_User:            Dataset motionsense network cnn_transformer lr 0.001 lr_optimizer 3.125e-05 Reshape False 
root        : INFO             Network_User:    Train:    epoch 13/15 batch 624/791 itera 10908 elapsed time 0.40429234504699707 best itera 10283
root        : INFO             Network_User:    Train:    loss 0.030830299481749535
root        : INFO             Network_User:    Train:    acc 0.96, f1_weighted 0.9539999961853027, f1_mean 0.8833333849906921
root        : INFO             Network_User:    Train:    Allocated 0.0 GB Cached 0.3 GB
root        : INFO     

--------------------------
root        : INFO             Network_User:            Dataset motionsense network cnn_transformer lr 0.001 lr_optimizer 3.125e-05 Reshape False 
root        : INFO             Network_User:    Train:    epoch 13/15 batch 663/791 itera 10947 elapsed time 0.5553262233734131 best itera 10283
root        : INFO             Network_User:    Train:    loss 0.031025376170873642
root        : INFO             Network_User:    Train:    acc 0.98, f1_weighted 0.9793938994407654, f1_mean 0.9797980189323425
root        : INFO             Network_User:    Train:    Allocated 0.0 GB Cached 0.3 GB
root        : INFO     

--------------------------
root        : INFO             Network_User:            Dataset motionsense network cnn_transformer lr 0.001 lr_optimizer 3.125e-05 Reshape False 
root        : INFO             Network_User:    Train:    epoch 13/15 batch 702/791 itera 10986 elapsed time 0.4853811264038086 best itera 10283
root        : INFO             Network_User:    Train:    loss 0.03589680790901184
root        : INFO             Network_User:    Train:    acc 0.94, f1_weighted 0.9411427974700928, f1_mean 0.932440459728241
root        : INFO             Network_User:    Train:    Allocated 0.0 GB Cached 0.3 GB
root        : INFO     

--------------------------
root        : INFO             Network_User:            Dataset motionsense network cnn_transformer lr 0.001 lr_optimizer 3.125e-05 Reshape False 
root        : INFO             Network_User:    Train:    epoch 13/15 batch 741/791 itera 11025 elapsed time 0.5730774402618408 best itera 10283
root        : INFO             Network_User:    Train:    loss 0.10132769495248795
root        : INFO             Network_User:    Train:    acc 0.92, f1_weighted 0.9206275343894958, f1_mean 0.8545238971710205
root        : INFO             Network_User:    Train:    Allocated 0.0 GB Cached 0.3 GB
root        : INFO     

--------------------------
root        : INFO             Network_User:            Dataset motionsense network cnn_transformer lr 0.001 lr_optimizer 3.125e-05 Reshape False 
root        : INFO             Network_User:    Train:    epoch 13/15 batch 780/791 itera 11064 elapsed time 0.3576667308807373 best itera 10283
root        : INFO             Network_User:    Train:    loss 0.06589943170547485
root        : INFO             Network_User:    Train:    acc 0.9, f1_weighted 0.9007238149642944, f1_mean 0.8530158996582031
root        : INFO             Network_User:    Train:    Allocated 0.0 GB Cached 0.3 GB
root        : INFO     

--------------------------
root        : INFO     

root        : INFO             Network_User:        Validating
root        : INFO                 Metrics: Constructor
root        : INFO     

root        : INFO             Network_User:        Validating:    epoch 13 batch 790 itera 11074 elapsed time 91.33911466598511, best itera 10283
root        : INFO             Network_User:        Validating:    acc 0.9321053253040501, f1_weighted 0.9319266080856323, f1_mean 0.9160401225090027
root        : INFO     
        Network_User:    Train:    Training epoch 14
root        : INFO             Network_User:            Dataset motionsense network cnn_transformer lr 0.001 lr_optimizer 3.125e-05 Reshape False 
root        : INFO             Network_User:    Train:    epoch 14/15 batch 0/791 itera 11075 elapsed time 0.5118329524993896 best itera 10283
root        : INFO             Network_User:    Train:    loss 0.05024523288011551
root        : INFO             Network_User:    Train:    acc 0.96, f1_weighted 0.9594999551773071, f1_mean 0.9625000357627869
root        : INFO             Network_User:    Train:    Allocated 0.0 GB Cached 0.3 GB
root        : INFO     

--------------------------
root        : INFO             Network_User:            Dataset motionsense network cnn_transformer lr 0.001 lr_optimizer 3.125e-05 Reshape False 
root        : INFO             Network_User:    Train:    epoch 14/15 batch 39/791 itera 11114 elapsed time 0.4163060188293457 best itera 10283
root        : INFO             Network_User:    Train:    loss 0.04547198861837387
root        : INFO             Network_User:    Train:    acc 0.96, f1_weighted 0.9565757513046265, f1_mean 0.9320707321166992
root        : INFO             Network_User:    Train:    Allocated 0.0 GB Cached 0.3 GB
root        : INFO     

--------------------------
root        : INFO             Network_User:            Dataset motionsense network cnn_transformer lr 0.001 lr_optimizer 3.125e-05 Reshape False 
root        : INFO             Network_User:    Train:    epoch 14/15 batch 78/791 itera 11153 elapsed time 0.48064661026000977 best itera 10283
root        : INFO             Network_User:    Train:    loss 0.030517274513840675
root        : INFO             Network_User:    Train:    acc 0.98, f1_weighted 0.9808081388473511, f1_mean 0.9764309525489807
root        : INFO             Network_User:    Train:    Allocated 0.0 GB Cached 0.3 GB
root        : INFO     

--------------------------
root        : INFO             Network_User:            Dataset motionsense network cnn_transformer lr 0.001 lr_optimizer 3.125e-05 Reshape False 
root        : INFO             Network_User:    Train:    epoch 14/15 batch 117/791 itera 11192 elapsed time 0.25115966796875 best itera 10283
root        : INFO             Network_User:    Train:    loss 0.06888286769390106
root        : INFO             Network_User:    Train:    acc 0.92, f1_weighted 0.9182667136192322, f1_mean 0.9188888669013977
root        : INFO             Network_User:    Train:    Allocated 0.0 GB Cached 0.3 GB
root        : INFO     

--------------------------
root        : INFO             Network_User:            Dataset motionsense network cnn_transformer lr 0.001 lr_optimizer 3.125e-05 Reshape False 
root        : INFO             Network_User:    Train:    epoch 14/15 batch 156/791 itera 11231 elapsed time 0.3323838710784912 best itera 10283
root        : INFO             Network_User:    Train:    loss 0.056665997952222824
root        : INFO             Network_User:    Train:    acc 0.94, f1_weighted 0.9405430555343628, f1_mean 0.9321267008781433
root        : INFO             Network_User:    Train:    Allocated 0.0 GB Cached 0.3 GB
root        : INFO     

--------------------------
root        : INFO             Network_User:            Dataset motionsense network cnn_transformer lr 0.001 lr_optimizer 3.125e-05 Reshape False 
root        : INFO             Network_User:    Train:    epoch 14/15 batch 195/791 itera 11270 elapsed time 0.6875832080841064 best itera 10283
root        : INFO             Network_User:    Train:    loss 0.027503110468387604
root        : INFO             Network_User:    Train:    acc 0.96, f1_weighted 0.9595555663108826, f1_mean 0.8037037253379822
root        : INFO             Network_User:    Train:    Allocated 0.0 GB Cached 0.3 GB
root        : INFO     

--------------------------
root        : INFO             Network_User:            Dataset motionsense network cnn_transformer lr 0.001 lr_optimizer 3.125e-05 Reshape False 
root        : INFO             Network_User:    Train:    epoch 14/15 batch 234/791 itera 11309 elapsed time 0.734990119934082 best itera 10283
root        : INFO             Network_User:    Train:    loss 0.0637829527258873
root        : INFO             Network_User:    Train:    acc 0.9, f1_weighted 0.8931034803390503, f1_mean 0.882758617401123
root        : INFO             Network_User:    Train:    Allocated 0.0 GB Cached 0.3 GB
root        : INFO     

--------------------------
root        : INFO             Network_User:            Dataset motionsense network cnn_transformer lr 0.001 lr_optimizer 3.125e-05 Reshape False 
root        : INFO             Network_User:    Train:    epoch 14/15 batch 273/791 itera 11348 elapsed time 0.2434840202331543 best itera 10283
root        : INFO             Network_User:    Train:    loss 0.052616823464632034
root        : INFO             Network_User:    Train:    acc 0.94, f1_weighted 0.9319631457328796, f1_mean 0.7757856845855713
root        : INFO             Network_User:    Train:    Allocated 0.0 GB Cached 0.3 GB
root        : INFO     

--------------------------
root        : INFO             Network_User:            Dataset motionsense network cnn_transformer lr 0.001 lr_optimizer 3.125e-05 Reshape False 
root        : INFO             Network_User:    Train:    epoch 14/15 batch 312/791 itera 11387 elapsed time 0.6239233016967773 best itera 10283
root        : INFO             Network_User:    Train:    loss 0.08288377523422241
root        : INFO             Network_User:    Train:    acc 0.9, f1_weighted 0.9008020758628845, f1_mean 0.9131683707237244
root        : INFO             Network_User:    Train:    Allocated 0.0 GB Cached 0.3 GB
root        : INFO     

--------------------------
root        : INFO             Network_User:            Dataset motionsense network cnn_transformer lr 0.001 lr_optimizer 3.125e-05 Reshape False 
root        : INFO             Network_User:    Train:    epoch 14/15 batch 351/791 itera 11426 elapsed time 0.5623378753662109 best itera 10283
root        : INFO             Network_User:    Train:    loss 0.07536085695028305
root        : INFO             Network_User:    Train:    acc 0.88, f1_weighted 0.8866838812828064, f1_mean 0.83059161901474
root        : INFO             Network_User:    Train:    Allocated 0.0 GB Cached 0.3 GB
root        : INFO     

--------------------------
root        : INFO             Network_User:            Dataset motionsense network cnn_transformer lr 0.001 lr_optimizer 3.125e-05 Reshape False 
root        : INFO             Network_User:    Train:    epoch 14/15 batch 390/791 itera 11465 elapsed time 0.31037068367004395 best itera 10283
root        : INFO             Network_User:    Train:    loss 0.07191997766494751
root        : INFO             Network_User:    Train:    acc 0.9, f1_weighted 0.8989696502685547, f1_mean 0.853030264377594
root        : INFO             Network_User:    Train:    Allocated 0.0 GB Cached 0.3 GB
root        : INFO     

--------------------------
root        : INFO             Network_User:            Dataset motionsense network cnn_transformer lr 0.001 lr_optimizer 3.125e-05 Reshape False 
root        : INFO             Network_User:    Train:    epoch 14/15 batch 429/791 itera 11504 elapsed time 0.6718418598175049 best itera 10283
root        : INFO             Network_User:    Train:    loss 0.059151601046323776
root        : INFO             Network_User:    Train:    acc 0.94, f1_weighted 0.940055251121521, f1_mean 0.927401065826416
root        : INFO             Network_User:    Train:    Allocated 0.0 GB Cached 0.3 GB
root        : INFO     

--------------------------
root        : INFO             Network_User:            Dataset motionsense network cnn_transformer lr 0.001 lr_optimizer 3.125e-05 Reshape False 
root        : INFO             Network_User:    Train:    epoch 14/15 batch 468/791 itera 11543 elapsed time 0.28043556213378906 best itera 10283
root        : INFO             Network_User:    Train:    loss 0.062191251665353775
root        : INFO             Network_User:    Train:    acc 0.9, f1_weighted 0.8966348171234131, f1_mean 0.8701719641685486
root        : INFO             Network_User:    Train:    Allocated 0.0 GB Cached 0.3 GB
root        : INFO     

--------------------------
root        : INFO             Network_User:            Dataset motionsense network cnn_transformer lr 0.001 lr_optimizer 3.125e-05 Reshape False 
root        : INFO             Network_User:    Train:    epoch 14/15 batch 507/791 itera 11582 elapsed time 0.33092689514160156 best itera 10283
root        : INFO             Network_User:    Train:    loss 0.07909143716096878
root        : INFO             Network_User:    Train:    acc 0.9, f1_weighted 0.8931329250335693, f1_mean 0.8922291398048401
root        : INFO             Network_User:    Train:    Allocated 0.0 GB Cached 0.3 GB
root        : INFO     

--------------------------
root        : INFO             Network_User:            Dataset motionsense network cnn_transformer lr 0.001 lr_optimizer 3.125e-05 Reshape False 
root        : INFO             Network_User:    Train:    epoch 14/15 batch 546/791 itera 11621 elapsed time 0.13076400756835938 best itera 10283
root        : INFO             Network_User:    Train:    loss 0.04872531071305275
root        : INFO             Network_User:    Train:    acc 0.94, f1_weighted 0.9359307289123535, f1_mean 0.9004328846931458
root        : INFO             Network_User:    Train:    Allocated 0.0 GB Cached 0.3 GB
root        : INFO     

--------------------------
root        : INFO             Network_User:            Dataset motionsense network cnn_transformer lr 0.001 lr_optimizer 3.125e-05 Reshape False 
root        : INFO             Network_User:    Train:    epoch 14/15 batch 585/791 itera 11660 elapsed time 0.4436664581298828 best itera 10283
root        : INFO             Network_User:    Train:    loss 0.05183473229408264
root        : INFO             Network_User:    Train:    acc 0.96, f1_weighted 0.9595755934715271, f1_mean 0.968099057674408
root        : INFO             Network_User:    Train:    Allocated 0.0 GB Cached 0.3 GB
root        : INFO     

--------------------------
root        : INFO             Network_User:            Dataset motionsense network cnn_transformer lr 0.001 lr_optimizer 3.125e-05 Reshape False 
root        : INFO             Network_User:    Train:    epoch 14/15 batch 624/791 itera 11699 elapsed time 0.6479816436767578 best itera 10283
root        : INFO             Network_User:    Train:    loss 0.05563858151435852
root        : INFO             Network_User:    Train:    acc 0.94, f1_weighted 0.9384848475456238, f1_mean 0.8737373948097229
root        : INFO             Network_User:    Train:    Allocated 0.0 GB Cached 0.3 GB
root        : INFO     

--------------------------
root        : INFO             Network_User:            Dataset motionsense network cnn_transformer lr 0.001 lr_optimizer 3.125e-05 Reshape False 
root        : INFO             Network_User:    Train:    epoch 14/15 batch 663/791 itera 11738 elapsed time 0.5518040657043457 best itera 10283
root        : INFO             Network_User:    Train:    loss 0.06021104007959366
root        : INFO             Network_User:    Train:    acc 0.94, f1_weighted 0.9418486952781677, f1_mean 0.9369747638702393
root        : INFO             Network_User:    Train:    Allocated 0.0 GB Cached 0.3 GB
root        : INFO     

--------------------------
root        : INFO             Network_User:            Dataset motionsense network cnn_transformer lr 0.001 lr_optimizer 3.125e-05 Reshape False 
root        : INFO             Network_User:    Train:    epoch 14/15 batch 702/791 itera 11777 elapsed time 0.5389354228973389 best itera 10283
root        : INFO             Network_User:    Train:    loss 0.057075876742601395
root        : INFO             Network_User:    Train:    acc 0.9, f1_weighted 0.8987969756126404, f1_mean 0.8767752647399902
root        : INFO             Network_User:    Train:    Allocated 0.0 GB Cached 0.3 GB
root        : INFO     

--------------------------
root        : INFO             Network_User:            Dataset motionsense network cnn_transformer lr 0.001 lr_optimizer 3.125e-05 Reshape False 
root        : INFO             Network_User:    Train:    epoch 14/15 batch 741/791 itera 11816 elapsed time 0.4243607521057129 best itera 10283
root        : INFO             Network_User:    Train:    loss 0.0778621956706047
root        : INFO             Network_User:    Train:    acc 0.88, f1_weighted 0.8695738911628723, f1_mean 0.8351433873176575
root        : INFO             Network_User:    Train:    Allocated 0.0 GB Cached 0.3 GB
root        : INFO     

--------------------------
root        : INFO             Network_User:            Dataset motionsense network cnn_transformer lr 0.001 lr_optimizer 3.125e-05 Reshape False 
root        : INFO             Network_User:    Train:    epoch 14/15 batch 780/791 itera 11855 elapsed time 0.5025753974914551 best itera 10283
root        : INFO             Network_User:    Train:    loss 0.03037639893591404
root        : INFO             Network_User:    Train:    acc 0.96, f1_weighted 0.9595481753349304, f1_mean 0.9567561745643616
root        : INFO             Network_User:    Train:    Allocated 0.0 GB Cached 0.3 GB
root        : INFO     

--------------------------
root        : INFO     

root        : INFO             Network_User:        Validating
root        : INFO                 Metrics: Constructor
root        : INFO     

root        : INFO             Network_User:        Validating:    epoch 14 batch 790 itera 11865 elapsed time 95.51414847373962, best itera 10283
root        : INFO             Network_User:        Validating:    acc 0.9317510922186799, f1_weighted 0.9317197799682617, f1_mean 0.9158620834350586
root        : INFO     

root        : INFO             Network_User:    Train:    epoch 14 batch 790 itera 11865 Total training time 636.1319069862366
root        : INFO         Network_selecter:    Train: elapsed time 10193.638698101044 acc 0.9317510922186799, f1_weighted 0.9317197799682617, f1_mean 0.9158620834350586
root        : INFO             Network_User: Evolution evaluation iter 0
root        : INFO             Network_User: Testing
root        : INFO             Network_User:    Test ---->
root        : INFO             Network_User:     Creating Dataloader---->
root        : INFO             Network_User:    Test:    creating network
root        : INFO                 Network: Constructor
root        : INFO                 Network: Wx 196.0 and Hx 9.0
root        : INFO                 Network: Wx 192.0 and Hx 9.0
root        : INFO                 Network: Wx 188.0 and Hx 9.0
root        : INFO                 Network: Wx 184.0 and Hx 9.0
root        : INFO     N_head = 8
root        : INFO             Network_User:    Test:    setting device
root        : INFO             Network_User:    Test:    setting criterion optimizer Softmax
root        : INFO                 Metrics: Constructor
root        : INFO             Network_User:    Testing
root        : INFO                 Train:    type targets vector: torch.cuda.FloatTensor
root        : INFO             Network_User:        Testing:    elapsed time 82.20423340797424 acc 0.8803822106877434, f1_weighted 0.8831895589828491, f1_mean 0.8627462387084961
root        : INFO             Network_User:        Testing:    Confusion matrix 
[[ 545   71  173    0    0    0]
 [  53  799   92    1    0    0]
 [  25  433 1573   32    0    0]
 [  19    2   19  766    0    0]
 [   0   15    1    0 1801   23]
 [   6   31    0    0   18 1979]]

root        : INFO             Network_User:        Validating:    percentage Pred 
[0.69074778 0.84550265 0.76248182 0.95037221 0.97880435 0.97295969]

root        : INFO         Network_selecter:    Train: elapsed time 103.03760623931885 acc 0.8803822106877434, f1_weighted 0.8831895589828491, f1_mean 0.8627462387084961
root        : INFO         Network_selecter:    Train iter 0
root        : INFO             Network_User: Evolution evaluation iter 1
root        : INFO             Network_User: Training
root        : INFO             Network_User: Train---->
root        : INFO             Network_User:     Creating Dataloader---->
root        : INFO             Network_User:    Train:    creating network
root        : INFO                 Network: Constructor
root        : INFO                 Network: Wx 196.0 and Hx 9.0
root        : INFO                 Network: Wx 192.0 and Hx 9.0
root        : INFO                 Network: Wx 188.0 and Hx 9.0
root        : INFO                 Network: Wx 184.0 and Hx 9.0
root        : INFO     N_head = 8
root        : INFO             Network_User:    Train:    network layers
root        : INFO             Network_User:    Train:    cls_token : (1, 64)
root        : INFO             Network_User:    Train:    position_embed : (201, 1, 64)
root        : INFO             Network_User:    Train:    input_proj.0.0.weight : (64, 9, 1)
root        : INFO             Network_User:    Train:    input_proj.0.0.bias : (64,)
root        : INFO             Network_User:    Train:    input_proj.1.0.weight : (64, 64, 1)
root        : INFO             Network_User:    Train:    input_proj.1.0.bias : (64,)
root        : INFO             Network_User:    Train:    input_proj.2.0.weight : (64, 64, 1)
root        : INFO             Network_User:    Train:    input_proj.2.0.bias : (64,)
root        : INFO             Network_User:    Train:    input_proj.3.0.weight : (64, 64, 1)
root        : INFO             Network_User:    Train:    input_proj.3.0.bias : (64,)
root        : INFO             Network_User:    Train:    transformer_encoder.layers.0.self_attn.in_proj_weight : (192, 64)
root        : INFO             Network_User:    Train:    transformer_encoder.layers.0.self_attn.in_proj_bias : (192,)
root        : INFO             Network_User:    Train:    transformer_encoder.layers.0.self_attn.out_proj.weight : (64, 64)
root        : INFO             Network_User:    Train:    transformer_encoder.layers.0.self_attn.out_proj.bias : (64,)
root        : INFO             Network_User:    Train:    transformer_encoder.layers.0.linear1.weight : (128, 64)
root        : INFO             Network_User:    Train:    transformer_encoder.layers.0.linear1.bias : (128,)
root        : INFO             Network_User:    Train:    transformer_encoder.layers.0.linear2.weight : (64, 128)
root        : INFO             Network_User:    Train:    transformer_encoder.layers.0.linear2.bias : (64,)
root        : INFO             Network_User:    Train:    transformer_encoder.layers.0.norm1.weight : (64,)
root        : INFO             Network_User:    Train:    transformer_encoder.layers.0.norm1.bias : (64,)
root        : INFO             Network_User:    Train:    transformer_encoder.layers.0.norm2.weight : (64,)
root        : INFO             Network_User:    Train:    transformer_encoder.layers.0.norm2.bias : (64,)
root        : INFO             Network_User:    Train:    transformer_encoder.layers.1.self_attn.in_proj_weight : (192, 64)
root        : INFO             Network_User:    Train:    transformer_encoder.layers.1.self_attn.in_proj_bias : (192,)
root        : INFO             Network_User:    Train:    transformer_encoder.layers.1.self_attn.out_proj.weight : (64, 64)
root        : INFO             Network_User:    Train:    transformer_encoder.layers.1.self_attn.out_proj.bias : (64,)
root        : INFO             Network_User:    Train:    transformer_encoder.layers.1.linear1.weight : (128, 64)
root        : INFO             Network_User:    Train:    transformer_encoder.layers.1.linear1.bias : (128,)
root        : INFO             Network_User:    Train:    transformer_encoder.layers.1.linear2.weight : (64, 128)
root        : INFO             Network_User:    Train:    transformer_encoder.layers.1.linear2.bias : (64,)
root        : INFO             Network_User:    Train:    transformer_encoder.layers.1.norm1.weight : (64,)
root        : INFO             Network_User:    Train:    transformer_encoder.layers.1.norm1.bias : (64,)
root        : INFO             Network_User:    Train:    transformer_encoder.layers.1.norm2.weight : (64,)
root        : INFO             Network_User:    Train:    transformer_encoder.layers.1.norm2.bias : (64,)
root        : INFO             Network_User:    Train:    transformer_encoder.layers.2.self_attn.in_proj_weight : (192, 64)
root        : INFO             Network_User:    Train:    transformer_encoder.layers.2.self_attn.in_proj_bias : (192,)
root        : INFO             Network_User:    Train:    transformer_encoder.layers.2.self_attn.out_proj.weight : (64, 64)
root        : INFO             Network_User:    Train:    transformer_encoder.layers.2.self_attn.out_proj.bias : (64,)
root        : INFO             Network_User:    Train:    transformer_encoder.layers.2.linear1.weight : (128, 64)
root        : INFO             Network_User:    Train:    transformer_encoder.layers.2.linear1.bias : (128,)
root        : INFO             Network_User:    Train:    transformer_encoder.layers.2.linear2.weight : (64, 128)
root        : INFO             Network_User:    Train:    transformer_encoder.layers.2.linear2.bias : (64,)
root        : INFO             Network_User:    Train:    transformer_encoder.layers.2.norm1.weight : (64,)
root        : INFO             Network_User:    Train:    transformer_encoder.layers.2.norm1.bias : (64,)
root        : INFO             Network_User:    Train:    transformer_encoder.layers.2.norm2.weight : (64,)
root        : INFO             Network_User:    Train:    transformer_encoder.layers.2.norm2.bias : (64,)
root        : INFO             Network_User:    Train:    transformer_encoder.layers.3.self_attn.in_proj_weight : (192, 64)
root        : INFO             Network_User:    Train:    transformer_encoder.layers.3.self_attn.in_proj_bias : (192,)
root        : INFO             Network_User:    Train:    transformer_encoder.layers.3.self_attn.out_proj.weight : (64, 64)
root        : INFO             Network_User:    Train:    transformer_encoder.layers.3.self_attn.out_proj.bias : (64,)
root        : INFO             Network_User:    Train:    transformer_encoder.layers.3.linear1.weight : (128, 64)
root        : INFO             Network_User:    Train:    transformer_encoder.layers.3.linear1.bias : (128,)
root        : INFO             Network_User:    Train:    transformer_encoder.layers.3.linear2.weight : (64, 128)
root        : INFO             Network_User:    Train:    transformer_encoder.layers.3.linear2.bias : (64,)
root        : INFO             Network_User:    Train:    transformer_encoder.layers.3.norm1.weight : (64,)
root        : INFO             Network_User:    Train:    transformer_encoder.layers.3.norm1.bias : (64,)
root        : INFO             Network_User:    Train:    transformer_encoder.layers.3.norm2.weight : (64,)
root        : INFO             Network_User:    Train:    transformer_encoder.layers.3.norm2.bias : (64,)
root        : INFO             Network_User:    Train:    transformer_encoder.layers.4.self_attn.in_proj_weight : (192, 64)
root        : INFO             Network_User:    Train:    transformer_encoder.layers.4.self_attn.in_proj_bias : (192,)
root        : INFO             Network_User:    Train:    transformer_encoder.layers.4.self_attn.out_proj.weight : (64, 64)
root        : INFO             Network_User:    Train:    transformer_encoder.layers.4.self_attn.out_proj.bias : (64,)
root        : INFO             Network_User:    Train:    transformer_encoder.layers.4.linear1.weight : (128, 64)
root        : INFO             Network_User:    Train:    transformer_encoder.layers.4.linear1.bias : (128,)
root        : INFO             Network_User:    Train:    transformer_encoder.layers.4.linear2.weight : (64, 128)
root        : INFO             Network_User:    Train:    transformer_encoder.layers.4.linear2.bias : (64,)
root        : INFO             Network_User:    Train:    transformer_encoder.layers.4.norm1.weight : (64,)
root        : INFO             Network_User:    Train:    transformer_encoder.layers.4.norm1.bias : (64,)
root        : INFO             Network_User:    Train:    transformer_encoder.layers.4.norm2.weight : (64,)
root        : INFO             Network_User:    Train:    transformer_encoder.layers.4.norm2.bias : (64,)
root        : INFO             Network_User:    Train:    transformer_encoder.layers.5.self_attn.in_proj_weight : (192, 64)
root        : INFO             Network_User:    Train:    transformer_encoder.layers.5.self_attn.in_proj_bias : (192,)
root        : INFO             Network_User:    Train:    transformer_encoder.layers.5.self_attn.out_proj.weight : (64, 64)
root        : INFO             Network_User:    Train:    transformer_encoder.layers.5.self_attn.out_proj.bias : (64,)
root        : INFO             Network_User:    Train:    transformer_encoder.layers.5.linear1.weight : (128, 64)
root        : INFO             Network_User:    Train:    transformer_encoder.layers.5.linear1.bias : (128,)
root        : INFO             Network_User:    Train:    transformer_encoder.layers.5.linear2.weight : (64, 128)
root        : INFO             Network_User:    Train:    transformer_encoder.layers.5.linear2.bias : (64,)
root        : INFO             Network_User:    Train:    transformer_encoder.layers.5.norm1.weight : (64,)
root        : INFO             Network_User:    Train:    transformer_encoder.layers.5.norm1.bias : (64,)
root        : INFO             Network_User:    Train:    transformer_encoder.layers.5.norm2.weight : (64,)
root        : INFO             Network_User:    Train:    transformer_encoder.layers.5.norm2.bias : (64,)
root        : INFO             Network_User:    Train:    transformer_encoder.norm.weight : (64,)
root        : INFO             Network_User:    Train:    transformer_encoder.norm.bias : (64,)
root        : INFO             Network_User:    Train:    imu_head.0.weight : (64,)
root        : INFO             Network_User:    Train:    imu_head.0.bias : (64,)
root        : INFO             Network_User:    Train:    imu_head.1.weight : (16, 64)
root        : INFO             Network_User:    Train:    imu_head.1.bias : (16,)
root        : INFO             Network_User:    Train:    imu_head.4.weight : (6, 16)
root        : INFO             Network_User:    Train:    imu_head.4.bias : (6,)
root        : INFO             Network_User:    Train:    setting device
root        : INFO             Network_User:    Train:    setting criterion optimizer Softmax
root        : INFO                 Metrics: Constructor
root        : INFO     
        Network_User:    Train:    Training epoch 0
root        : INFO             Network_User:            Dataset motionsense network cnn_transformer lr 0.001 lr_optimizer 0.001 Reshape False 
root        : INFO             Network_User:    Train:    epoch 0/15 batch 0/791 itera 1 elapsed time 0.49541759490966797 best itera 0
root        : INFO             Network_User:    Train:    loss 0.4407620131969452
root        : INFO             Network_User:    Train:    acc 0.18, f1_weighted 0.12093636393547058, f1_mean 0.09295455366373062
root        : INFO             Network_User:    Train:    Allocated 0.0 GB Cached 0.3 GB
root        : INFO     

--------------------------
root        : INFO             Network_User:            Dataset motionsense network cnn_transformer lr 0.001 lr_optimizer 0.001 Reshape False 
root        : INFO             Network_User:    Train:    epoch 0/15 batch 39/791 itera 40 elapsed time 0.21563410758972168 best itera 0
root        : INFO             Network_User:    Train:    loss 0.43564289808273315
root        : INFO             Network_User:    Train:    acc 0.3, f1_weighted 0.2144455462694168, f1_mean 0.1508491486310959
root        : INFO             Network_User:    Train:    Allocated 0.0 GB Cached 0.3 GB
root        : INFO     

--------------------------
root        : INFO             Network_User:            Dataset motionsense network cnn_transformer lr 0.001 lr_optimizer 0.001 Reshape False 
root        : INFO             Network_User:    Train:    epoch 0/15 batch 78/791 itera 79 elapsed time 0.5004689693450928 best itera 0
root        : INFO             Network_User:    Train:    loss 0.4442082941532135
root        : INFO             Network_User:    Train:    acc 0.24, f1_weighted 0.1349501758813858, f1_mean 0.10548173636198044
root        : INFO             Network_User:    Train:    Allocated 0.0 GB Cached 0.3 GB
root        : INFO     

--------------------------
root        : INFO             Network_User:            Dataset motionsense network cnn_transformer lr 0.001 lr_optimizer 0.001 Reshape False 
root        : INFO             Network_User:    Train:    epoch 0/15 batch 117/791 itera 118 elapsed time 0.17677569389343262 best itera 0
root        : INFO             Network_User:    Train:    loss 0.4190842807292938
root        : INFO             Network_User:    Train:    acc 0.22, f1_weighted 0.12256410717964172, f1_mean 0.08943834155797958
root        : INFO             Network_User:    Train:    Allocated 0.0 GB Cached 0.3 GB
root        : INFO     

--------------------------
root        : INFO             Network_User:            Dataset motionsense network cnn_transformer lr 0.001 lr_optimizer 0.001 Reshape False 
root        : INFO             Network_User:    Train:    epoch 0/15 batch 156/791 itera 157 elapsed time 0.37549304962158203 best itera 0
root        : INFO             Network_User:    Train:    loss 0.42908358573913574
root        : INFO             Network_User:    Train:    acc 0.28, f1_weighted 0.16048425436019897, f1_mean 0.11541566252708435
root        : INFO             Network_User:    Train:    Allocated 0.0 GB Cached 0.3 GB
root        : INFO     

--------------------------
root        : INFO             Network_User:            Dataset motionsense network cnn_transformer lr 0.001 lr_optimizer 0.001 Reshape False 
root        : INFO             Network_User:    Train:    epoch 0/15 batch 195/791 itera 196 elapsed time 0.23928213119506836 best itera 0
root        : INFO             Network_User:    Train:    loss 0.37438613176345825
root        : INFO             Network_User:    Train:    acc 0.42, f1_weighted 0.3211752474308014, f1_mean 0.20815527439117432
root        : INFO             Network_User:    Train:    Allocated 0.0 GB Cached 0.3 GB
root        : INFO     

--------------------------
root        : INFO             Network_User:            Dataset motionsense network cnn_transformer lr 0.001 lr_optimizer 0.001 Reshape False 
root        : INFO             Network_User:    Train:    epoch 0/15 batch 234/791 itera 235 elapsed time 0.3658161163330078 best itera 0
root        : INFO             Network_User:    Train:    loss 0.3615373969078064
root        : INFO             Network_User:    Train:    acc 0.5, f1_weighted 0.4123745858669281, f1_mean 0.32997027039527893
root        : INFO             Network_User:    Train:    Allocated 0.0 GB Cached 0.3 GB
root        : INFO     

--------------------------
root        : INFO             Network_User:            Dataset motionsense network cnn_transformer lr 0.001 lr_optimizer 0.001 Reshape False 
root        : INFO             Network_User:    Train:    epoch 0/15 batch 273/791 itera 274 elapsed time 0.13474798202514648 best itera 0
root        : INFO             Network_User:    Train:    loss 0.3605673313140869
root        : INFO             Network_User:    Train:    acc 0.5, f1_weighted 0.37479478120803833, f1_mean 0.3270995616912842
root        : INFO             Network_User:    Train:    Allocated 0.0 GB Cached 0.3 GB
root        : INFO     

--------------------------
root        : INFO             Network_User:            Dataset motionsense network cnn_transformer lr 0.001 lr_optimizer 0.001 Reshape False 
root        : INFO             Network_User:    Train:    epoch 0/15 batch 312/791 itera 313 elapsed time 0.46776795387268066 best itera 0
root        : INFO             Network_User:    Train:    loss 0.32029205560684204
root        : INFO             Network_User:    Train:    acc 0.52, f1_weighted 0.4213322401046753, f1_mean 0.2783130705356598
root        : INFO             Network_User:    Train:    Allocated 0.0 GB Cached 0.3 GB
root        : INFO     

--------------------------
root        : INFO             Network_User:            Dataset motionsense network cnn_transformer lr 0.001 lr_optimizer 0.001 Reshape False 
root        : INFO             Network_User:    Train:    epoch 0/15 batch 351/791 itera 352 elapsed time 0.5518743991851807 best itera 0
root        : INFO             Network_User:    Train:    loss 0.30388233065605164
root        : INFO             Network_User:    Train:    acc 0.54, f1_weighted 0.44029930233955383, f1_mean 0.27235981822013855
root        : INFO             Network_User:    Train:    Allocated 0.0 GB Cached 0.3 GB
root        : INFO     

--------------------------
root        : INFO             Network_User:            Dataset motionsense network cnn_transformer lr 0.001 lr_optimizer 0.001 Reshape False 
root        : INFO             Network_User:    Train:    epoch 0/15 batch 390/791 itera 391 elapsed time 0.26186084747314453 best itera 0
root        : INFO             Network_User:    Train:    loss 0.29891473054885864
root        : INFO             Network_User:    Train:    acc 0.64, f1_weighted 0.5561037063598633, f1_mean 0.3881509304046631
root        : INFO             Network_User:    Train:    Allocated 0.0 GB Cached 0.3 GB
root        : INFO     

--------------------------
root        : INFO             Network_User:            Dataset motionsense network cnn_transformer lr 0.001 lr_optimizer 0.001 Reshape False 
root        : INFO             Network_User:    Train:    epoch 0/15 batch 429/791 itera 430 elapsed time 0.3509693145751953 best itera 0
root        : INFO             Network_User:    Train:    loss 0.3907751441001892
root        : INFO             Network_User:    Train:    acc 0.36, f1_weighted 0.27616262435913086, f1_mean 0.22655828297138214
root        : INFO             Network_User:    Train:    Allocated 0.0 GB Cached 0.3 GB
root        : INFO     

--------------------------
root        : INFO             Network_User:            Dataset motionsense network cnn_transformer lr 0.001 lr_optimizer 0.001 Reshape False 
root        : INFO             Network_User:    Train:    epoch 0/15 batch 468/791 itera 469 elapsed time 0.4943971633911133 best itera 0
root        : INFO             Network_User:    Train:    loss 0.2776109278202057
root        : INFO             Network_User:    Train:    acc 0.6, f1_weighted 0.5245285630226135, f1_mean 0.35226190090179443
root        : INFO             Network_User:    Train:    Allocated 0.0 GB Cached 0.3 GB
root        : INFO     

--------------------------
root        : INFO             Network_User:            Dataset motionsense network cnn_transformer lr 0.001 lr_optimizer 0.001 Reshape False 
root        : INFO             Network_User:    Train:    epoch 0/15 batch 507/791 itera 508 elapsed time 0.3372330665588379 best itera 0
root        : INFO             Network_User:    Train:    loss 0.3475660979747772
root        : INFO             Network_User:    Train:    acc 0.36, f1_weighted 0.27076923847198486, f1_mean 0.28111889958381653
root        : INFO             Network_User:    Train:    Allocated 0.0 GB Cached 0.3 GB
root        : INFO     

--------------------------
root        : INFO             Network_User:            Dataset motionsense network cnn_transformer lr 0.001 lr_optimizer 0.001 Reshape False 
root        : INFO             Network_User:    Train:    epoch 0/15 batch 546/791 itera 547 elapsed time 0.21567535400390625 best itera 0
root        : INFO             Network_User:    Train:    loss 0.24909716844558716
root        : INFO             Network_User:    Train:    acc 0.64, f1_weighted 0.5610036253929138, f1_mean 0.37614497542381287
root        : INFO             Network_User:    Train:    Allocated 0.0 GB Cached 0.3 GB
root        : INFO     

--------------------------
root        : INFO             Network_User:            Dataset motionsense network cnn_transformer lr 0.001 lr_optimizer 0.001 Reshape False 
root        : INFO             Network_User:    Train:    epoch 0/15 batch 585/791 itera 586 elapsed time 0.15527796745300293 best itera 0
root        : INFO             Network_User:    Train:    loss 0.3117220103740692
root        : INFO             Network_User:    Train:    acc 0.54, f1_weighted 0.39858925342559814, f1_mean 0.3613870143890381
root        : INFO             Network_User:    Train:    Allocated 0.0 GB Cached 0.3 GB
root        : INFO     

--------------------------
root        : INFO             Network_User:            Dataset motionsense network cnn_transformer lr 0.001 lr_optimizer 0.001 Reshape False 
root        : INFO             Network_User:    Train:    epoch 0/15 batch 624/791 itera 625 elapsed time 0.27556920051574707 best itera 0
root        : INFO             Network_User:    Train:    loss 0.31635546684265137
root        : INFO             Network_User:    Train:    acc 0.5, f1_weighted 0.42711710929870605, f1_mean 0.31702157855033875
root        : INFO             Network_User:    Train:    Allocated 0.0 GB Cached 0.3 GB
root        : INFO     

--------------------------
root        : INFO             Network_User:            Dataset motionsense network cnn_transformer lr 0.001 lr_optimizer 0.001 Reshape False 
root        : INFO             Network_User:    Train:    epoch 0/15 batch 663/791 itera 664 elapsed time 0.3354456424713135 best itera 0
root        : INFO             Network_User:    Train:    loss 0.31636929512023926
root        : INFO             Network_User:    Train:    acc 0.54, f1_weighted 0.48330438137054443, f1_mean 0.3116600811481476
root        : INFO             Network_User:    Train:    Allocated 0.0 GB Cached 0.3 GB
root        : INFO     

--------------------------
root        : INFO             Network_User:            Dataset motionsense network cnn_transformer lr 0.001 lr_optimizer 0.001 Reshape False 
root        : INFO             Network_User:    Train:    epoch 0/15 batch 702/791 itera 703 elapsed time 0.38875484466552734 best itera 0
root        : INFO             Network_User:    Train:    loss 0.2728767693042755
root        : INFO             Network_User:    Train:    acc 0.58, f1_weighted 0.5532307624816895, f1_mean 0.36068376898765564
root        : INFO             Network_User:    Train:    Allocated 0.0 GB Cached 0.3 GB
root        : INFO     

--------------------------
root        : INFO             Network_User:            Dataset motionsense network cnn_transformer lr 0.001 lr_optimizer 0.001 Reshape False 
root        : INFO             Network_User:    Train:    epoch 0/15 batch 741/791 itera 742 elapsed time 0.2794480323791504 best itera 0
root        : INFO             Network_User:    Train:    loss 0.2351018190383911
root        : INFO             Network_User:    Train:    acc 0.7, f1_weighted 0.6165217161178589, f1_mean 0.4012681245803833
root        : INFO             Network_User:    Train:    Allocated 0.0 GB Cached 0.3 GB
root        : INFO     

--------------------------
root        : INFO             Network_User:            Dataset motionsense network cnn_transformer lr 0.001 lr_optimizer 0.001 Reshape False 
root        : INFO             Network_User:    Train:    epoch 0/15 batch 780/791 itera 781 elapsed time 0.11179876327514648 best itera 0
root        : INFO             Network_User:    Train:    loss 0.2121967077255249
root        : INFO             Network_User:    Train:    acc 0.7, f1_weighted 0.6444210410118103, f1_mean 0.410526305437088
root        : INFO             Network_User:    Train:    Allocated 0.0 GB Cached 0.3 GB
root        : INFO     

--------------------------
root        : INFO     

root        : INFO             Network_User:        Validating
root        : INFO                 Metrics: Constructor
root        : INFO     

root        : INFO             Network_User:        Validating:    epoch 0 batch 790 itera 791 elapsed time 62.84526777267456, best itera 0
root        : INFO             Network_User:        Validating:    acc 0.6151847915928681, f1_weighted 0.5204620361328125, f1_mean 0.3723934590816498
root        : INFO             Network_User:            Saving the network
root        : INFO     
        Network_User:    Train:    Training epoch 1
root        : INFO             Network_User:            Dataset motionsense network cnn_transformer lr 0.001 lr_optimizer 0.001 Reshape False 
root        : INFO             Network_User:    Train:    epoch 1/15 batch 0/791 itera 792 elapsed time 0.4341564178466797 best itera 791
root        : INFO             Network_User:    Train:    loss 0.2891455292701721
root        : INFO             Network_User:    Train:    acc 0.58, f1_weighted 0.4771243929862976, f1_mean 0.3683563470840454
root        : INFO             Network_User:    Train:    Allocated 0.0 GB Cached 0.3 GB
root        : INFO     

--------------------------
root        : INFO             Network_User:            Dataset motionsense network cnn_transformer lr 0.001 lr_optimizer 0.001 Reshape False 
root        : INFO             Network_User:    Train:    epoch 1/15 batch 39/791 itera 831 elapsed time 0.4530823230743408 best itera 791
root        : INFO             Network_User:    Train:    loss 0.23725265264511108
root        : INFO             Network_User:    Train:    acc 0.64, f1_weighted 0.553422212600708, f1_mean 0.392037034034729
root        : INFO             Network_User:    Train:    Allocated 0.0 GB Cached 0.3 GB
root        : INFO     

--------------------------
root        : INFO             Network_User:            Dataset motionsense network cnn_transformer lr 0.001 lr_optimizer 0.001 Reshape False 
root        : INFO             Network_User:    Train:    epoch 1/15 batch 78/791 itera 870 elapsed time 0.23396611213684082 best itera 791
root        : INFO             Network_User:    Train:    loss 0.2548709809780121
root        : INFO             Network_User:    Train:    acc 0.6, f1_weighted 0.4978916645050049, f1_mean 0.36069509387016296
root        : INFO             Network_User:    Train:    Allocated 0.0 GB Cached 0.3 GB
root        : INFO     

--------------------------
root        : INFO             Network_User:            Dataset motionsense network cnn_transformer lr 0.001 lr_optimizer 0.001 Reshape False 
root        : INFO             Network_User:    Train:    epoch 1/15 batch 117/791 itera 909 elapsed time 0.43407702445983887 best itera 791
root        : INFO             Network_User:    Train:    loss 0.26248860359191895
root        : INFO             Network_User:    Train:    acc 0.56, f1_weighted 0.4368152618408203, f1_mean 0.3516048491001129
root        : INFO             Network_User:    Train:    Allocated 0.0 GB Cached 0.3 GB
root        : INFO     

--------------------------
root        : INFO             Network_User:            Dataset motionsense network cnn_transformer lr 0.001 lr_optimizer 0.001 Reshape False 
root        : INFO             Network_User:    Train:    epoch 1/15 batch 156/791 itera 948 elapsed time 0.4187450408935547 best itera 791
root        : INFO             Network_User:    Train:    loss 0.2728879153728485
root        : INFO             Network_User:    Train:    acc 0.6, f1_weighted 0.5120061635971069, f1_mean 0.3872816264629364
root        : INFO             Network_User:    Train:    Allocated 0.0 GB Cached 0.3 GB
root        : INFO     

--------------------------
root        : INFO             Network_User:            Dataset motionsense network cnn_transformer lr 0.001 lr_optimizer 0.001 Reshape False 
root        : INFO             Network_User:    Train:    epoch 1/15 batch 195/791 itera 987 elapsed time 0.34819507598876953 best itera 791
root        : INFO             Network_User:    Train:    loss 0.24793632328510284
root        : INFO             Network_User:    Train:    acc 0.58, f1_weighted 0.49003174901008606, f1_mean 0.3661375939846039
root        : INFO             Network_User:    Train:    Allocated 0.0 GB Cached 0.3 GB
root        : INFO     

--------------------------
root        : INFO             Network_User:            Dataset motionsense network cnn_transformer lr 0.001 lr_optimizer 0.001 Reshape False 
root        : INFO             Network_User:    Train:    epoch 1/15 batch 234/791 itera 1026 elapsed time 0.34804844856262207 best itera 791
root        : INFO             Network_User:    Train:    loss 0.29709112644195557
root        : INFO             Network_User:    Train:    acc 0.46, f1_weighted 0.4117681086063385, f1_mean 0.32238325476646423
root        : INFO             Network_User:    Train:    Allocated 0.0 GB Cached 0.3 GB
root        : INFO     

--------------------------
root        : INFO             Network_User:            Dataset motionsense network cnn_transformer lr 0.001 lr_optimizer 0.001 Reshape False 
root        : INFO             Network_User:    Train:    epoch 1/15 batch 273/791 itera 1065 elapsed time 0.05498552322387695 best itera 791
root        : INFO             Network_User:    Train:    loss 0.21163581311702728
root        : INFO             Network_User:    Train:    acc 0.64, f1_weighted 0.5767547488212585, f1_mean 0.4004577696323395
root        : INFO             Network_User:    Train:    Allocated 0.0 GB Cached 0.3 GB
root        : INFO     

--------------------------
root        : INFO             Network_User:            Dataset motionsense network cnn_transformer lr 0.001 lr_optimizer 0.001 Reshape False 
root        : INFO             Network_User:    Train:    epoch 1/15 batch 312/791 itera 1104 elapsed time 0.2893531322479248 best itera 791
root        : INFO             Network_User:    Train:    loss 0.2426474690437317
root        : INFO             Network_User:    Train:    acc 0.66, f1_weighted 0.5463030338287354, f1_mean 0.39494946599006653
root        : INFO             Network_User:    Train:    Allocated 0.0 GB Cached 0.3 GB
root        : INFO     

--------------------------
root        : INFO             Network_User:            Dataset motionsense network cnn_transformer lr 0.001 lr_optimizer 0.001 Reshape False 
root        : INFO             Network_User:    Train:    epoch 1/15 batch 351/791 itera 1143 elapsed time 0.4338228702545166 best itera 791
root        : INFO             Network_User:    Train:    loss 0.24305494129657745
root        : INFO             Network_User:    Train:    acc 0.68, f1_weighted 0.5759440660476685, f1_mean 0.4009324014186859
root        : INFO             Network_User:    Train:    Allocated 0.0 GB Cached 0.3 GB
root        : INFO     

--------------------------
root        : INFO             Network_User:            Dataset motionsense network cnn_transformer lr 0.001 lr_optimizer 0.001 Reshape False 
root        : INFO             Network_User:    Train:    epoch 1/15 batch 390/791 itera 1182 elapsed time 0.37223219871520996 best itera 791
root        : INFO             Network_User:    Train:    loss 0.20806488394737244
root        : INFO             Network_User:    Train:    acc 0.64, f1_weighted 0.5567618608474731, f1_mean 0.38730156421661377
root        : INFO             Network_User:    Train:    Allocated 0.0 GB Cached 0.3 GB
root        : INFO     

--------------------------
root        : INFO             Network_User:            Dataset motionsense network cnn_transformer lr 0.001 lr_optimizer 0.001 Reshape False 
root        : INFO             Network_User:    Train:    epoch 1/15 batch 429/791 itera 1221 elapsed time 0.2341163158416748 best itera 791
root        : INFO             Network_User:    Train:    loss 0.18548350036144257
root        : INFO             Network_User:    Train:    acc 0.74, f1_weighted 0.6581395268440247, f1_mean 0.4573643207550049
root        : INFO             Network_User:    Train:    Allocated 0.0 GB Cached 0.3 GB
root        : INFO     

--------------------------
root        : INFO             Network_User:            Dataset motionsense network cnn_transformer lr 0.001 lr_optimizer 0.001 Reshape False 
root        : INFO             Network_User:    Train:    epoch 1/15 batch 468/791 itera 1260 elapsed time 0.1612868309020996 best itera 791
root        : INFO             Network_User:    Train:    loss 0.21885715425014496
root        : INFO             Network_User:    Train:    acc 0.62, f1_weighted 0.5583928823471069, f1_mean 0.4776785671710968
root        : INFO             Network_User:    Train:    Allocated 0.0 GB Cached 0.3 GB
root        : INFO     

--------------------------
root        : INFO             Network_User:            Dataset motionsense network cnn_transformer lr 0.001 lr_optimizer 0.001 Reshape False 
root        : INFO             Network_User:    Train:    epoch 1/15 batch 507/791 itera 1299 elapsed time 0.2467970848083496 best itera 791
root        : INFO             Network_User:    Train:    loss 0.14357437193393707
root        : INFO             Network_User:    Train:    acc 0.8, f1_weighted 0.7428571581840515, f1_mean 0.5619047284126282
root        : INFO             Network_User:    Train:    Allocated 0.0 GB Cached 0.3 GB
root        : INFO     

--------------------------
root        : INFO             Network_User:            Dataset motionsense network cnn_transformer lr 0.001 lr_optimizer 0.001 Reshape False 
root        : INFO             Network_User:    Train:    epoch 1/15 batch 546/791 itera 1338 elapsed time 0.4144017696380615 best itera 791
root        : INFO             Network_User:    Train:    loss 0.22388310730457306
root        : INFO             Network_User:    Train:    acc 0.6, f1_weighted 0.5686497688293457, f1_mean 0.5408868193626404
root        : INFO             Network_User:    Train:    Allocated 0.0 GB Cached 0.3 GB
root        : INFO     

--------------------------
root        : INFO             Network_User:            Dataset motionsense network cnn_transformer lr 0.001 lr_optimizer 0.001 Reshape False 
root        : INFO             Network_User:    Train:    epoch 1/15 batch 585/791 itera 1377 elapsed time 0.30270838737487793 best itera 791
root        : INFO             Network_User:    Train:    loss 0.18540224432945251
root        : INFO             Network_User:    Train:    acc 0.74, f1_weighted 0.6933333873748779, f1_mean 0.6388888955116272
root        : INFO             Network_User:    Train:    Allocated 0.0 GB Cached 0.3 GB
root        : INFO     

--------------------------
root        : INFO             Network_User:            Dataset motionsense network cnn_transformer lr 0.001 lr_optimizer 0.001 Reshape False 
root        : INFO             Network_User:    Train:    epoch 1/15 batch 624/791 itera 1416 elapsed time 0.13674688339233398 best itera 791
root        : INFO             Network_User:    Train:    loss 0.16377584636211395
root        : INFO             Network_User:    Train:    acc 0.74, f1_weighted 0.7288179993629456, f1_mean 0.6176315546035767
root        : INFO             Network_User:    Train:    Allocated 0.0 GB Cached 0.3 GB
root        : INFO     

--------------------------
root        : INFO             Network_User:            Dataset motionsense network cnn_transformer lr 0.001 lr_optimizer 0.001 Reshape False 
root        : INFO             Network_User:    Train:    epoch 1/15 batch 663/791 itera 1455 elapsed time 0.2804090976715088 best itera 791
root        : INFO             Network_User:    Train:    loss 0.15536245703697205
root        : INFO             Network_User:    Train:    acc 0.8, f1_weighted 0.7602406144142151, f1_mean 0.6769423484802246
root        : INFO             Network_User:    Train:    Allocated 0.0 GB Cached 0.3 GB
root        : INFO     

--------------------------
root        : INFO             Network_User:            Dataset motionsense network cnn_transformer lr 0.001 lr_optimizer 0.001 Reshape False 
root        : INFO             Network_User:    Train:    epoch 1/15 batch 702/791 itera 1494 elapsed time 0.35919809341430664 best itera 791
root        : INFO             Network_User:    Train:    loss 0.16741973161697388
root        : INFO             Network_User:    Train:    acc 0.74, f1_weighted 0.7245956063270569, f1_mean 0.6085143685340881
root        : INFO             Network_User:    Train:    Allocated 0.0 GB Cached 0.3 GB
root        : INFO     

--------------------------
root        : INFO             Network_User:            Dataset motionsense network cnn_transformer lr 0.001 lr_optimizer 0.001 Reshape False 
root        : INFO             Network_User:    Train:    epoch 1/15 batch 741/791 itera 1533 elapsed time 0.06418490409851074 best itera 791
root        : INFO             Network_User:    Train:    loss 0.20180369913578033
root        : INFO             Network_User:    Train:    acc 0.72, f1_weighted 0.6929213404655457, f1_mean 0.6352878212928772
root        : INFO             Network_User:    Train:    Allocated 0.0 GB Cached 0.3 GB
root        : INFO     

--------------------------
root        : INFO             Network_User:            Dataset motionsense network cnn_transformer lr 0.001 lr_optimizer 0.001 Reshape False 
root        : INFO             Network_User:    Train:    epoch 1/15 batch 780/791 itera 1572 elapsed time 0.3380258083343506 best itera 791
root        : INFO             Network_User:    Train:    loss 0.10806114971637726
root        : INFO             Network_User:    Train:    acc 0.8, f1_weighted 0.7985714673995972, f1_mean 0.7585978507995605
root        : INFO             Network_User:    Train:    Allocated 0.0 GB Cached 0.3 GB
root        : INFO     

--------------------------
root        : INFO     

root        : INFO             Network_User:        Validating
root        : INFO                 Metrics: Constructor
root        : INFO     

root        : INFO             Network_User:        Validating:    epoch 1 batch 790 itera 1582 elapsed time 57.22905135154724, best itera 791
root        : INFO             Network_User:        Validating:    acc 0.7773054669972842, f1_weighted 0.7645771503448486, f1_mean 0.7004170417785645
root        : INFO             Network_User:            Saving the network
root        : INFO     
        Network_User:    Train:    Training epoch 2
root        : INFO             Network_User:            Dataset motionsense network cnn_transformer lr 0.001 lr_optimizer 0.001 Reshape False 
root        : INFO             Network_User:    Train:    epoch 2/15 batch 0/791 itera 1583 elapsed time 0.46300601959228516 best itera 1582
root        : INFO             Network_User:    Train:    loss 0.1251140534877777
root        : INFO             Network_User:    Train:    acc 0.74, f1_weighted 0.7296128273010254, f1_mean 0.6053591370582581
root        : INFO             Network_User:    Train:    Allocated 0.0 GB Cached 0.3 GB
root        : INFO     

--------------------------
root        : INFO             Network_User:            Dataset motionsense network cnn_transformer lr 0.001 lr_optimizer 0.001 Reshape False 
root        : INFO             Network_User:    Train:    epoch 2/15 batch 39/791 itera 1622 elapsed time 0.1821613311767578 best itera 1582
root        : INFO             Network_User:    Train:    loss 0.18037661910057068
root        : INFO             Network_User:    Train:    acc 0.68, f1_weighted 0.6610667109489441, f1_mean 0.5470370650291443
root        : INFO             Network_User:    Train:    Allocated 0.0 GB Cached 0.3 GB
root        : INFO     

--------------------------
root        : INFO             Network_User:            Dataset motionsense network cnn_transformer lr 0.001 lr_optimizer 0.001 Reshape False 
root        : INFO             Network_User:    Train:    epoch 2/15 batch 78/791 itera 1661 elapsed time 0.3181924819946289 best itera 1582
root        : INFO             Network_User:    Train:    loss 0.10344894230365753
root        : INFO             Network_User:    Train:    acc 0.86, f1_weighted 0.8618181943893433, f1_mean 0.8239898681640625
root        : INFO             Network_User:    Train:    Allocated 0.0 GB Cached 0.3 GB
root        : INFO     

--------------------------
root        : INFO             Network_User:            Dataset motionsense network cnn_transformer lr 0.001 lr_optimizer 0.001 Reshape False 
root        : INFO             Network_User:    Train:    epoch 2/15 batch 117/791 itera 1700 elapsed time 0.15169024467468262 best itera 1582
root        : INFO             Network_User:    Train:    loss 0.09869159758090973
root        : INFO             Network_User:    Train:    acc 0.84, f1_weighted 0.8360651731491089, f1_mean 0.7520885467529297
root        : INFO             Network_User:    Train:    Allocated 0.0 GB Cached 0.3 GB
root        : INFO     

--------------------------
root        : INFO             Network_User:            Dataset motionsense network cnn_transformer lr 0.001 lr_optimizer 0.001 Reshape False 
root        : INFO             Network_User:    Train:    epoch 2/15 batch 156/791 itera 1739 elapsed time 0.13812756538391113 best itera 1582
root        : INFO             Network_User:    Train:    loss 0.13814111053943634
root        : INFO             Network_User:    Train:    acc 0.82, f1_weighted 0.7747513651847839, f1_mean 0.6668429970741272
root        : INFO             Network_User:    Train:    Allocated 0.0 GB Cached 0.3 GB
root        : INFO     

--------------------------
root        : INFO             Network_User:            Dataset motionsense network cnn_transformer lr 0.001 lr_optimizer 0.001 Reshape False 
root        : INFO             Network_User:    Train:    epoch 2/15 batch 195/791 itera 1778 elapsed time 0.25464558601379395 best itera 1582
root        : INFO             Network_User:    Train:    loss 0.16023185849189758
root        : INFO             Network_User:    Train:    acc 0.76, f1_weighted 0.7409999966621399, f1_mean 0.7194444537162781
root        : INFO             Network_User:    Train:    Allocated 0.0 GB Cached 0.3 GB
root        : INFO     

--------------------------
root        : INFO             Network_User:            Dataset motionsense network cnn_transformer lr 0.001 lr_optimizer 0.001 Reshape False 
root        : INFO             Network_User:    Train:    epoch 2/15 batch 234/791 itera 1817 elapsed time 0.4756903648376465 best itera 1582
root        : INFO             Network_User:    Train:    loss 0.08899173140525818
root        : INFO             Network_User:    Train:    acc 0.88, f1_weighted 0.8750909566879272, f1_mean 0.8265151977539062
root        : INFO             Network_User:    Train:    Allocated 0.0 GB Cached 0.3 GB
root        : INFO     

--------------------------
root        : INFO             Network_User:            Dataset motionsense network cnn_transformer lr 0.001 lr_optimizer 0.001 Reshape False 
root        : INFO             Network_User:    Train:    epoch 2/15 batch 273/791 itera 1856 elapsed time 0.3720240592956543 best itera 1582
root        : INFO             Network_User:    Train:    loss 0.11985526233911514
root        : INFO             Network_User:    Train:    acc 0.84, f1_weighted 0.8362104296684265, f1_mean 0.8211788535118103
root        : INFO             Network_User:    Train:    Allocated 0.0 GB Cached 0.3 GB
root        : INFO     

--------------------------
root        : INFO             Network_User:            Dataset motionsense network cnn_transformer lr 0.001 lr_optimizer 0.001 Reshape False 
root        : INFO             Network_User:    Train:    epoch 2/15 batch 312/791 itera 1895 elapsed time 0.3277127742767334 best itera 1582
root        : INFO             Network_User:    Train:    loss 0.08589544892311096
root        : INFO             Network_User:    Train:    acc 0.9, f1_weighted 0.9050166606903076, f1_mean 0.8996655344963074
root        : INFO             Network_User:    Train:    Allocated 0.0 GB Cached 0.3 GB
root        : INFO     

--------------------------
root        : INFO             Network_User:            Dataset motionsense network cnn_transformer lr 0.001 lr_optimizer 0.001 Reshape False 
root        : INFO             Network_User:    Train:    epoch 2/15 batch 351/791 itera 1934 elapsed time 0.07168912887573242 best itera 1582
root        : INFO             Network_User:    Train:    loss 0.0752723440527916
root        : INFO             Network_User:    Train:    acc 0.84, f1_weighted 0.8463203310966492, f1_mean 0.7720057368278503
root        : INFO             Network_User:    Train:    Allocated 0.0 GB Cached 0.3 GB
root        : INFO     

--------------------------
root        : INFO             Network_User:            Dataset motionsense network cnn_transformer lr 0.001 lr_optimizer 0.001 Reshape False 
root        : INFO             Network_User:    Train:    epoch 2/15 batch 390/791 itera 1973 elapsed time 0.3252558708190918 best itera 1582
root        : INFO             Network_User:    Train:    loss 0.11974542587995529
root        : INFO             Network_User:    Train:    acc 0.76, f1_weighted 0.7674359083175659, f1_mean 0.7286325097084045
root        : INFO             Network_User:    Train:    Allocated 0.0 GB Cached 0.3 GB
root        : INFO     

--------------------------
root        : INFO             Network_User:            Dataset motionsense network cnn_transformer lr 0.001 lr_optimizer 0.001 Reshape False 
root        : INFO             Network_User:    Train:    epoch 2/15 batch 429/791 itera 2012 elapsed time 0.35074305534362793 best itera 1582
root        : INFO             Network_User:    Train:    loss 0.05436013638973236
root        : INFO             Network_User:    Train:    acc 0.98, f1_weighted 0.9792888760566711, f1_mean 0.9748148322105408
root        : INFO             Network_User:    Train:    Allocated 0.0 GB Cached 0.3 GB
root        : INFO     

--------------------------
root        : INFO             Network_User:            Dataset motionsense network cnn_transformer lr 0.001 lr_optimizer 0.001 Reshape False 
root        : INFO             Network_User:    Train:    epoch 2/15 batch 468/791 itera 2051 elapsed time 0.3009014129638672 best itera 1582
root        : INFO             Network_User:    Train:    loss 0.12364494055509567
root        : INFO             Network_User:    Train:    acc 0.78, f1_weighted 0.7838603258132935, f1_mean 0.7863588333129883
root        : INFO             Network_User:    Train:    Allocated 0.0 GB Cached 0.3 GB
root        : INFO     

--------------------------
root        : INFO             Network_User:            Dataset motionsense network cnn_transformer lr 0.001 lr_optimizer 0.001 Reshape False 
root        : INFO             Network_User:    Train:    epoch 2/15 batch 507/791 itera 2090 elapsed time 0.2514345645904541 best itera 1582
root        : INFO             Network_User:    Train:    loss 0.12237269431352615
root        : INFO             Network_User:    Train:    acc 0.8, f1_weighted 0.7967544198036194, f1_mean 0.7644512057304382
root        : INFO             Network_User:    Train:    Allocated 0.0 GB Cached 0.3 GB
root        : INFO     

--------------------------
root        : INFO             Network_User:            Dataset motionsense network cnn_transformer lr 0.001 lr_optimizer 0.001 Reshape False 
root        : INFO             Network_User:    Train:    epoch 2/15 batch 546/791 itera 2129 elapsed time 0.2501857280731201 best itera 1582
root        : INFO             Network_User:    Train:    loss 0.08803874999284744
root        : INFO             Network_User:    Train:    acc 0.84, f1_weighted 0.8363361954689026, f1_mean 0.8241057395935059
root        : INFO             Network_User:    Train:    Allocated 0.0 GB Cached 0.3 GB
root        : INFO     

--------------------------
root        : INFO             Network_User:            Dataset motionsense network cnn_transformer lr 0.001 lr_optimizer 0.001 Reshape False 
root        : INFO             Network_User:    Train:    epoch 2/15 batch 585/791 itera 2168 elapsed time 0.3493494987487793 best itera 1582
root        : INFO             Network_User:    Train:    loss 0.07610204070806503
root        : INFO             Network_User:    Train:    acc 0.92, f1_weighted 0.9210744500160217, f1_mean 0.9135124087333679
root        : INFO             Network_User:    Train:    Allocated 0.0 GB Cached 0.3 GB
root        : INFO     

--------------------------
root        : INFO             Network_User:            Dataset motionsense network cnn_transformer lr 0.001 lr_optimizer 0.001 Reshape False 
root        : INFO             Network_User:    Train:    epoch 2/15 batch 624/791 itera 2207 elapsed time 0.23045635223388672 best itera 1582
root        : INFO             Network_User:    Train:    loss 0.16316795349121094
root        : INFO             Network_User:    Train:    acc 0.82, f1_weighted 0.7917582392692566, f1_mean 0.7240610122680664
root        : INFO             Network_User:    Train:    Allocated 0.0 GB Cached 0.3 GB
root        : INFO     

--------------------------
root        : INFO             Network_User:            Dataset motionsense network cnn_transformer lr 0.001 lr_optimizer 0.001 Reshape False 
root        : INFO             Network_User:    Train:    epoch 2/15 batch 663/791 itera 2246 elapsed time 0.1283411979675293 best itera 1582
root        : INFO             Network_User:    Train:    loss 0.06775494664907455
root        : INFO             Network_User:    Train:    acc 0.88, f1_weighted 0.8739615678787231, f1_mean 0.8713140487670898
root        : INFO             Network_User:    Train:    Allocated 0.0 GB Cached 0.3 GB
root        : INFO     

--------------------------
root        : INFO             Network_User:            Dataset motionsense network cnn_transformer lr 0.001 lr_optimizer 0.001 Reshape False 
root        : INFO             Network_User:    Train:    epoch 2/15 batch 702/791 itera 2285 elapsed time 0.33353185653686523 best itera 1582
root        : INFO             Network_User:    Train:    loss 0.055677060037851334
root        : INFO             Network_User:    Train:    acc 0.94, f1_weighted 0.9312000274658203, f1_mean 0.7895238399505615
root        : INFO             Network_User:    Train:    Allocated 0.0 GB Cached 0.3 GB
root        : INFO     

--------------------------
root        : INFO             Network_User:            Dataset motionsense network cnn_transformer lr 0.001 lr_optimizer 0.001 Reshape False 
root        : INFO             Network_User:    Train:    epoch 2/15 batch 741/791 itera 2324 elapsed time 0.26317620277404785 best itera 1582
root        : INFO             Network_User:    Train:    loss 0.09346883744001389
root        : INFO             Network_User:    Train:    acc 0.86, f1_weighted 0.8426332473754883, f1_mean 0.5989699959754944
root        : INFO             Network_User:    Train:    Allocated 0.0 GB Cached 0.3 GB
root        : INFO     

--------------------------
root        : INFO             Network_User:            Dataset motionsense network cnn_transformer lr 0.001 lr_optimizer 0.001 Reshape False 
root        : INFO             Network_User:    Train:    epoch 2/15 batch 780/791 itera 2363 elapsed time 0.08301401138305664 best itera 1582
root        : INFO             Network_User:    Train:    loss 0.11308539658784866
root        : INFO             Network_User:    Train:    acc 0.82, f1_weighted 0.8146428465843201, f1_mean 0.7782738208770752
root        : INFO             Network_User:    Train:    Allocated 0.0 GB Cached 0.3 GB
root        : INFO     

--------------------------
root        : INFO     

root        : INFO             Network_User:        Validating
root        : INFO                 Metrics: Constructor
root        : INFO     

root        : INFO             Network_User:        Validating:    epoch 2 batch 790 itera 2373 elapsed time 71.92358160018921, best itera 1582
root        : INFO             Network_User:        Validating:    acc 0.8766088085960562, f1_weighted 0.8767702579498291, f1_mean 0.8520520329475403
root        : INFO             Network_User:            Saving the network
root        : INFO     
        Network_User:    Train:    Training epoch 3
root        : INFO             Network_User:            Dataset motionsense network cnn_transformer lr 0.001 lr_optimizer 0.0005 Reshape False 
root        : INFO             Network_User:    Train:    epoch 3/15 batch 0/791 itera 2374 elapsed time 0.07183218002319336 best itera 2373
root        : INFO             Network_User:    Train:    loss 0.07699606567621231
root        : INFO             Network_User:    Train:    acc 0.84, f1_weighted 0.8362078070640564, f1_mean 0.7290043830871582
root        : INFO             Network_User:    Train:    Allocated 0.0 GB Cached 0.3 GB
root        : INFO     

--------------------------
root        : INFO             Network_User:            Dataset motionsense network cnn_transformer lr 0.001 lr_optimizer 0.0005 Reshape False 
root        : INFO             Network_User:    Train:    epoch 3/15 batch 39/791 itera 2413 elapsed time 0.4584197998046875 best itera 2373
root        : INFO             Network_User:    Train:    loss 0.0918072760105133
root        : INFO             Network_User:    Train:    acc 0.88, f1_weighted 0.879153847694397, f1_mean 0.8608974814414978
root        : INFO             Network_User:    Train:    Allocated 0.0 GB Cached 0.3 GB
root        : INFO     

--------------------------
root        : INFO             Network_User:            Dataset motionsense network cnn_transformer lr 0.001 lr_optimizer 0.0005 Reshape False 
root        : INFO             Network_User:    Train:    epoch 3/15 batch 78/791 itera 2452 elapsed time 0.3530914783477783 best itera 2373
root        : INFO             Network_User:    Train:    loss 0.0951053649187088
root        : INFO             Network_User:    Train:    acc 0.88, f1_weighted 0.8762050867080688, f1_mean 0.8512821197509766
root        : INFO             Network_User:    Train:    Allocated 0.0 GB Cached 0.3 GB
root        : INFO     

--------------------------
root        : INFO             Network_User:            Dataset motionsense network cnn_transformer lr 0.001 lr_optimizer 0.0005 Reshape False 
root        : INFO             Network_User:    Train:    epoch 3/15 batch 117/791 itera 2491 elapsed time 0.12076902389526367 best itera 2373
root        : INFO             Network_User:    Train:    loss 0.10115788131952286
root        : INFO             Network_User:    Train:    acc 0.88, f1_weighted 0.8810303211212158, f1_mean 0.8823232650756836
root        : INFO             Network_User:    Train:    Allocated 0.0 GB Cached 0.3 GB
root        : INFO     

--------------------------
root        : INFO             Network_User:            Dataset motionsense network cnn_transformer lr 0.001 lr_optimizer 0.0005 Reshape False 
root        : INFO             Network_User:    Train:    epoch 3/15 batch 156/791 itera 2530 elapsed time 0.4956333637237549 best itera 2373
root        : INFO             Network_User:    Train:    loss 0.07205817848443985
root        : INFO             Network_User:    Train:    acc 0.9, f1_weighted 0.8971278071403503, f1_mean 0.8627579808235168
root        : INFO             Network_User:    Train:    Allocated 0.0 GB Cached 0.3 GB
root        : INFO     

--------------------------
root        : INFO             Network_User:            Dataset motionsense network cnn_transformer lr 0.001 lr_optimizer 0.0005 Reshape False 
root        : INFO             Network_User:    Train:    epoch 3/15 batch 195/791 itera 2569 elapsed time 0.4687509536743164 best itera 2373
root        : INFO             Network_User:    Train:    loss 0.08052026480436325
root        : INFO             Network_User:    Train:    acc 0.88, f1_weighted 0.8790475726127625, f1_mean 0.8063492774963379
root        : INFO             Network_User:    Train:    Allocated 0.0 GB Cached 0.3 GB
root        : INFO     

--------------------------
root        : INFO             Network_User:            Dataset motionsense network cnn_transformer lr 0.001 lr_optimizer 0.0005 Reshape False 
root        : INFO             Network_User:    Train:    epoch 3/15 batch 234/791 itera 2608 elapsed time 0.32850122451782227 best itera 2373
root        : INFO             Network_User:    Train:    loss 0.061889976263046265
root        : INFO             Network_User:    Train:    acc 0.94, f1_weighted 0.9384999871253967, f1_mean 0.9125000834465027
root        : INFO             Network_User:    Train:    Allocated 0.0 GB Cached 0.3 GB
root        : INFO     

--------------------------
root        : INFO             Network_User:            Dataset motionsense network cnn_transformer lr 0.001 lr_optimizer 0.0005 Reshape False 
root        : INFO             Network_User:    Train:    epoch 3/15 batch 273/791 itera 2647 elapsed time 0.4420816898345947 best itera 2373
root        : INFO             Network_User:    Train:    loss 0.053443290293216705
root        : INFO             Network_User:    Train:    acc 0.92, f1_weighted 0.9166667461395264, f1_mean 0.8333333134651184
root        : INFO             Network_User:    Train:    Allocated 0.0 GB Cached 0.3 GB
root        : INFO     

--------------------------
root        : INFO             Network_User:            Dataset motionsense network cnn_transformer lr 0.001 lr_optimizer 0.0005 Reshape False 
root        : INFO             Network_User:    Train:    epoch 3/15 batch 312/791 itera 2686 elapsed time 0.47349047660827637 best itera 2373
root        : INFO             Network_User:    Train:    loss 0.06838225573301315
root        : INFO             Network_User:    Train:    acc 0.88, f1_weighted 0.8737499713897705, f1_mean 0.8020833134651184
root        : INFO             Network_User:    Train:    Allocated 0.0 GB Cached 0.3 GB
root        : INFO     

--------------------------
root        : INFO             Network_User:            Dataset motionsense network cnn_transformer lr 0.001 lr_optimizer 0.0005 Reshape False 
root        : INFO             Network_User:    Train:    epoch 3/15 batch 351/791 itera 2725 elapsed time 0.33022236824035645 best itera 2373
root        : INFO             Network_User:    Train:    loss 0.06341149657964706
root        : INFO             Network_User:    Train:    acc 0.92, f1_weighted 0.9116749167442322, f1_mean 0.8570972084999084
root        : INFO             Network_User:    Train:    Allocated 0.0 GB Cached 0.3 GB
root        : INFO     

--------------------------
root        : INFO             Network_User:            Dataset motionsense network cnn_transformer lr 0.001 lr_optimizer 0.0005 Reshape False 
root        : INFO             Network_User:    Train:    epoch 3/15 batch 390/791 itera 2764 elapsed time 0.3739628791809082 best itera 2373
root        : INFO             Network_User:    Train:    loss 0.06746146827936172
root        : INFO             Network_User:    Train:    acc 0.88, f1_weighted 0.8739432096481323, f1_mean 0.8451589941978455
root        : INFO             Network_User:    Train:    Allocated 0.0 GB Cached 0.3 GB
root        : INFO     

--------------------------
root        : INFO             Network_User:            Dataset motionsense network cnn_transformer lr 0.001 lr_optimizer 0.0005 Reshape False 
root        : INFO             Network_User:    Train:    epoch 3/15 batch 429/791 itera 2803 elapsed time 0.46770620346069336 best itera 2373
root        : INFO             Network_User:    Train:    loss 0.09902310371398926
root        : INFO             Network_User:    Train:    acc 0.84, f1_weighted 0.8430107831954956, f1_mean 0.82174152135849
root        : INFO             Network_User:    Train:    Allocated 0.0 GB Cached 0.3 GB
root        : INFO     

--------------------------
root        : INFO             Network_User:            Dataset motionsense network cnn_transformer lr 0.001 lr_optimizer 0.0005 Reshape False 
root        : INFO             Network_User:    Train:    epoch 3/15 batch 468/791 itera 2842 elapsed time 0.35204243659973145 best itera 2373
root        : INFO             Network_User:    Train:    loss 0.09784030169248581
root        : INFO             Network_User:    Train:    acc 0.86, f1_weighted 0.8484814763069153, f1_mean 0.8028795123100281
root        : INFO             Network_User:    Train:    Allocated 0.0 GB Cached 0.3 GB
root        : INFO     

--------------------------
root        : INFO             Network_User:            Dataset motionsense network cnn_transformer lr 0.001 lr_optimizer 0.0005 Reshape False 
root        : INFO             Network_User:    Train:    epoch 3/15 batch 507/791 itera 2881 elapsed time 0.48363447189331055 best itera 2373
root        : INFO             Network_User:    Train:    loss 0.05948334559798241
root        : INFO             Network_User:    Train:    acc 0.94, f1_weighted 0.9378609657287598, f1_mean 0.9239082336425781
root        : INFO             Network_User:    Train:    Allocated 0.0 GB Cached 0.3 GB
root        : INFO     

--------------------------
root        : INFO             Network_User:            Dataset motionsense network cnn_transformer lr 0.001 lr_optimizer 0.0005 Reshape False 
root        : INFO             Network_User:    Train:    epoch 3/15 batch 546/791 itera 2920 elapsed time 0.1576685905456543 best itera 2373
root        : INFO             Network_User:    Train:    loss 0.03843391314148903
root        : INFO             Network_User:    Train:    acc 0.96, f1_weighted 0.9595959782600403, f1_mean 0.9663299918174744
root        : INFO             Network_User:    Train:    Allocated 0.0 GB Cached 0.3 GB
root        : INFO     

--------------------------
root        : INFO             Network_User:            Dataset motionsense network cnn_transformer lr 0.001 lr_optimizer 0.0005 Reshape False 
root        : INFO             Network_User:    Train:    epoch 3/15 batch 585/791 itera 2959 elapsed time 0.4817991256713867 best itera 2373
root        : INFO             Network_User:    Train:    loss 0.03634975478053093
root        : INFO             Network_User:    Train:    acc 0.96, f1_weighted 0.9565784335136414, f1_mean 0.9156131148338318
root        : INFO             Network_User:    Train:    Allocated 0.0 GB Cached 0.3 GB
root        : INFO     

--------------------------
root        : INFO             Network_User:            Dataset motionsense network cnn_transformer lr 0.001 lr_optimizer 0.0005 Reshape False 
root        : INFO             Network_User:    Train:    epoch 3/15 batch 624/791 itera 2998 elapsed time 0.3131532669067383 best itera 2373
root        : INFO             Network_User:    Train:    loss 0.04766961932182312
root        : INFO             Network_User:    Train:    acc 0.96, f1_weighted 0.9569882750511169, f1_mean 0.9501960873603821
root        : INFO             Network_User:    Train:    Allocated 0.0 GB Cached 0.3 GB
root        : INFO     

--------------------------
root        : INFO             Network_User:            Dataset motionsense network cnn_transformer lr 0.001 lr_optimizer 0.0005 Reshape False 
root        : INFO             Network_User:    Train:    epoch 3/15 batch 663/791 itera 3037 elapsed time 0.40049123764038086 best itera 2373
root        : INFO             Network_User:    Train:    loss 0.08995134383440018
root        : INFO             Network_User:    Train:    acc 0.88, f1_weighted 0.890175461769104, f1_mean 0.8387636542320251
root        : INFO             Network_User:    Train:    Allocated 0.0 GB Cached 0.3 GB
root        : INFO     

--------------------------
root        : INFO             Network_User:            Dataset motionsense network cnn_transformer lr 0.001 lr_optimizer 0.0005 Reshape False 
root        : INFO             Network_User:    Train:    epoch 3/15 batch 702/791 itera 3076 elapsed time 0.4055008888244629 best itera 2373
root        : INFO             Network_User:    Train:    loss 0.060110531747341156
root        : INFO             Network_User:    Train:    acc 0.92, f1_weighted 0.9056000113487244, f1_mean 0.8561905026435852
root        : INFO             Network_User:    Train:    Allocated 0.0 GB Cached 0.3 GB
root        : INFO     

--------------------------
root        : INFO             Network_User:            Dataset motionsense network cnn_transformer lr 0.001 lr_optimizer 0.0005 Reshape False 
root        : INFO             Network_User:    Train:    epoch 3/15 batch 741/791 itera 3115 elapsed time 0.18711280822753906 best itera 2373
root        : INFO             Network_User:    Train:    loss 0.08001045137643814
root        : INFO             Network_User:    Train:    acc 0.88, f1_weighted 0.8721026182174683, f1_mean 0.8914530277252197
root        : INFO             Network_User:    Train:    Allocated 0.0 GB Cached 0.3 GB
root        : INFO     

--------------------------
root        : INFO             Network_User:            Dataset motionsense network cnn_transformer lr 0.001 lr_optimizer 0.0005 Reshape False 
root        : INFO             Network_User:    Train:    epoch 3/15 batch 780/791 itera 3154 elapsed time 0.36401891708374023 best itera 2373
root        : INFO             Network_User:    Train:    loss 0.08577828109264374
root        : INFO             Network_User:    Train:    acc 0.88, f1_weighted 0.8749172687530518, f1_mean 0.8760716915130615
root        : INFO             Network_User:    Train:    Allocated 0.0 GB Cached 0.3 GB
root        : INFO     

--------------------------
root        : INFO     

root        : INFO             Network_User:        Validating
root        : INFO                 Metrics: Constructor
root        : INFO     

root        : INFO             Network_User:        Validating:    epoch 3 batch 790 itera 3164 elapsed time 77.224360704422, best itera 2373
root        : INFO             Network_User:        Validating:    acc 0.9062463100720274, f1_weighted 0.9046609997749329, f1_mean 0.8826158046722412
root        : INFO             Network_User:            Saving the network
root        : INFO     
        Network_User:    Train:    Training epoch 4
root        : INFO             Network_User:            Dataset motionsense network cnn_transformer lr 0.001 lr_optimizer 0.0005 Reshape False 
root        : INFO             Network_User:    Train:    epoch 4/15 batch 0/791 itera 3165 elapsed time 0.6297082901000977 best itera 3164
root        : INFO             Network_User:    Train:    loss 0.04035930708050728
root        : INFO             Network_User:    Train:    acc 0.96, f1_weighted 0.9585714340209961, f1_mean 0.7817460894584656
root        : INFO             Network_User:    Train:    Allocated 0.0 GB Cached 0.3 GB
root        : INFO     

--------------------------
root        : INFO             Network_User:            Dataset motionsense network cnn_transformer lr 0.001 lr_optimizer 0.0005 Reshape False 
root        : INFO             Network_User:    Train:    epoch 4/15 batch 39/791 itera 3204 elapsed time 0.09068846702575684 best itera 3164
root        : INFO             Network_User:    Train:    loss 0.07694622874259949
root        : INFO             Network_User:    Train:    acc 0.88, f1_weighted 0.8800000548362732, f1_mean 0.867521345615387
root        : INFO             Network_User:    Train:    Allocated 0.0 GB Cached 0.3 GB
root        : INFO     

--------------------------
root        : INFO             Network_User:            Dataset motionsense network cnn_transformer lr 0.001 lr_optimizer 0.0005 Reshape False 
root        : INFO             Network_User:    Train:    epoch 4/15 batch 78/791 itera 3243 elapsed time 0.09374809265136719 best itera 3164
root        : INFO             Network_User:    Train:    loss 0.07587459683418274
root        : INFO             Network_User:    Train:    acc 0.88, f1_weighted 0.8860529661178589, f1_mean 0.8462535738945007
root        : INFO             Network_User:    Train:    Allocated 0.0 GB Cached 0.3 GB
root        : INFO     

--------------------------
root        : INFO             Network_User:            Dataset motionsense network cnn_transformer lr 0.001 lr_optimizer 0.0005 Reshape False 
root        : INFO             Network_User:    Train:    epoch 4/15 batch 117/791 itera 3282 elapsed time 0.2758300304412842 best itera 3164
root        : INFO             Network_User:    Train:    loss 0.07031038403511047
root        : INFO             Network_User:    Train:    acc 0.86, f1_weighted 0.8578894138336182, f1_mean 0.8138737678527832
root        : INFO             Network_User:    Train:    Allocated 0.0 GB Cached 0.3 GB
root        : INFO     

--------------------------
root        : INFO             Network_User:            Dataset motionsense network cnn_transformer lr 0.001 lr_optimizer 0.0005 Reshape False 
root        : INFO             Network_User:    Train:    epoch 4/15 batch 156/791 itera 3321 elapsed time 0.07499170303344727 best itera 3164
root        : INFO             Network_User:    Train:    loss 0.05415026843547821
root        : INFO             Network_User:    Train:    acc 0.94, f1_weighted 0.9402285814285278, f1_mean 0.9228572249412537
root        : INFO             Network_User:    Train:    Allocated 0.0 GB Cached 0.3 GB
root        : INFO     

--------------------------
root        : INFO             Network_User:            Dataset motionsense network cnn_transformer lr 0.001 lr_optimizer 0.0005 Reshape False 
root        : INFO             Network_User:    Train:    epoch 4/15 batch 195/791 itera 3360 elapsed time 0.4478108882904053 best itera 3164
root        : INFO             Network_User:    Train:    loss 0.09984952211380005
root        : INFO             Network_User:    Train:    acc 0.84, f1_weighted 0.8396326303482056, f1_mean 0.7830238342285156
root        : INFO             Network_User:    Train:    Allocated 0.0 GB Cached 0.3 GB
root        : INFO     

--------------------------
root        : INFO             Network_User:            Dataset motionsense network cnn_transformer lr 0.001 lr_optimizer 0.0005 Reshape False 
root        : INFO             Network_User:    Train:    epoch 4/15 batch 234/791 itera 3399 elapsed time 0.3254048824310303 best itera 3164
root        : INFO             Network_User:    Train:    loss 0.04440164938569069
root        : INFO             Network_User:    Train:    acc 0.94, f1_weighted 0.9378666281700134, f1_mean 0.8966667056083679
root        : INFO             Network_User:    Train:    Allocated 0.0 GB Cached 0.3 GB
root        : INFO     

--------------------------
root        : INFO             Network_User:            Dataset motionsense network cnn_transformer lr 0.001 lr_optimizer 0.0005 Reshape False 
root        : INFO             Network_User:    Train:    epoch 4/15 batch 273/791 itera 3438 elapsed time 0.4842047691345215 best itera 3164
root        : INFO             Network_User:    Train:    loss 0.09424493461847305
root        : INFO             Network_User:    Train:    acc 0.86, f1_weighted 0.8505746722221375, f1_mean 0.820881187915802
root        : INFO             Network_User:    Train:    Allocated 0.0 GB Cached 0.3 GB
root        : INFO     

--------------------------
root        : INFO             Network_User:            Dataset motionsense network cnn_transformer lr 0.001 lr_optimizer 0.0005 Reshape False 
root        : INFO             Network_User:    Train:    epoch 4/15 batch 312/791 itera 3477 elapsed time 0.4674844741821289 best itera 3164
root        : INFO             Network_User:    Train:    loss 0.12057270854711533
root        : INFO             Network_User:    Train:    acc 0.84, f1_weighted 0.817230761051178, f1_mean 0.8384615778923035
root        : INFO             Network_User:    Train:    Allocated 0.0 GB Cached 0.3 GB
root        : INFO     

--------------------------
root        : INFO             Network_User:            Dataset motionsense network cnn_transformer lr 0.001 lr_optimizer 0.0005 Reshape False 
root        : INFO             Network_User:    Train:    epoch 4/15 batch 351/791 itera 3516 elapsed time 0.34264230728149414 best itera 3164
root        : INFO             Network_User:    Train:    loss 0.06349243968725204
root        : INFO             Network_User:    Train:    acc 0.88, f1_weighted 0.8823809623718262, f1_mean 0.8690476417541504
root        : INFO             Network_User:    Train:    Allocated 0.0 GB Cached 0.3 GB
root        : INFO     

--------------------------
root        : INFO             Network_User:            Dataset motionsense network cnn_transformer lr 0.001 lr_optimizer 0.0005 Reshape False 
root        : INFO             Network_User:    Train:    epoch 4/15 batch 390/791 itera 3555 elapsed time 0.5061328411102295 best itera 3164
root        : INFO             Network_User:    Train:    loss 0.10774136334657669
root        : INFO             Network_User:    Train:    acc 0.8, f1_weighted 0.7847409844398499, f1_mean 0.7553837299346924
root        : INFO             Network_User:    Train:    Allocated 0.0 GB Cached 0.3 GB
root        : INFO     

--------------------------
root        : INFO             Network_User:            Dataset motionsense network cnn_transformer lr 0.001 lr_optimizer 0.0005 Reshape False 
root        : INFO             Network_User:    Train:    epoch 4/15 batch 429/791 itera 3594 elapsed time 0.4097721576690674 best itera 3164
root        : INFO             Network_User:    Train:    loss 0.10387420654296875
root        : INFO             Network_User:    Train:    acc 0.88, f1_weighted 0.8782338500022888, f1_mean 0.8669714331626892
root        : INFO             Network_User:    Train:    Allocated 0.0 GB Cached 0.3 GB
root        : INFO     

--------------------------
root        : INFO             Network_User:            Dataset motionsense network cnn_transformer lr 0.001 lr_optimizer 0.0005 Reshape False 
root        : INFO             Network_User:    Train:    epoch 4/15 batch 468/791 itera 3633 elapsed time 0.34105563163757324 best itera 3164
root        : INFO             Network_User:    Train:    loss 0.09213171154260635
root        : INFO             Network_User:    Train:    acc 0.9, f1_weighted 0.9010000228881836, f1_mean 0.9053921699523926
root        : INFO             Network_User:    Train:    Allocated 0.0 GB Cached 0.3 GB
root        : INFO     

--------------------------
root        : INFO             Network_User:            Dataset motionsense network cnn_transformer lr 0.001 lr_optimizer 0.0005 Reshape False 
root        : INFO             Network_User:    Train:    epoch 4/15 batch 507/791 itera 3672 elapsed time 0.14423871040344238 best itera 3164
root        : INFO             Network_User:    Train:    loss 0.057602409273386
root        : INFO             Network_User:    Train:    acc 0.94, f1_weighted 0.940201997756958, f1_mean 0.9187109470367432
root        : INFO             Network_User:    Train:    Allocated 0.0 GB Cached 0.3 GB
root        : INFO     

--------------------------
root        : INFO             Network_User:            Dataset motionsense network cnn_transformer lr 0.001 lr_optimizer 0.0005 Reshape False 
root        : INFO             Network_User:    Train:    epoch 4/15 batch 546/791 itera 3711 elapsed time 0.43885159492492676 best itera 3164
root        : INFO             Network_User:    Train:    loss 0.09239938110113144
root        : INFO             Network_User:    Train:    acc 0.88, f1_weighted 0.8768517971038818, f1_mean 0.8595678806304932
root        : INFO             Network_User:    Train:    Allocated 0.0 GB Cached 0.3 GB
root        : INFO     

--------------------------
root        : INFO             Network_User:            Dataset motionsense network cnn_transformer lr 0.001 lr_optimizer 0.0005 Reshape False 
root        : INFO             Network_User:    Train:    epoch 4/15 batch 585/791 itera 3750 elapsed time 0.3204069137573242 best itera 3164
root        : INFO             Network_User:    Train:    loss 0.06312752515077591
root        : INFO             Network_User:    Train:    acc 0.94, f1_weighted 0.9430015087127686, f1_mean 0.9239568114280701
root        : INFO             Network_User:    Train:    Allocated 0.0 GB Cached 0.3 GB
root        : INFO     

--------------------------
root        : INFO             Network_User:            Dataset motionsense network cnn_transformer lr 0.001 lr_optimizer 0.0005 Reshape False 
root        : INFO             Network_User:    Train:    epoch 4/15 batch 624/791 itera 3789 elapsed time 0.25771021842956543 best itera 3164
root        : INFO             Network_User:    Train:    loss 0.06169014051556587
root        : INFO             Network_User:    Train:    acc 0.94, f1_weighted 0.9409705996513367, f1_mean 0.9347231984138489
root        : INFO             Network_User:    Train:    Allocated 0.0 GB Cached 0.3 GB
root        : INFO     

--------------------------
root        : INFO             Network_User:            Dataset motionsense network cnn_transformer lr 0.001 lr_optimizer 0.0005 Reshape False 
root        : INFO             Network_User:    Train:    epoch 4/15 batch 663/791 itera 3828 elapsed time 0.457050085067749 best itera 3164
root        : INFO             Network_User:    Train:    loss 0.12655195593833923
root        : INFO             Network_User:    Train:    acc 0.86, f1_weighted 0.8624803423881531, f1_mean 0.8600108027458191
root        : INFO             Network_User:    Train:    Allocated 0.0 GB Cached 0.3 GB
root        : INFO     

--------------------------
root        : INFO             Network_User:            Dataset motionsense network cnn_transformer lr 0.001 lr_optimizer 0.0005 Reshape False 
root        : INFO             Network_User:    Train:    epoch 4/15 batch 702/791 itera 3867 elapsed time 0.4282393455505371 best itera 3164
root        : INFO             Network_User:    Train:    loss 0.07289093732833862
root        : INFO             Network_User:    Train:    acc 0.86, f1_weighted 0.8573766350746155, f1_mean 0.8072294592857361
root        : INFO             Network_User:    Train:    Allocated 0.0 GB Cached 0.3 GB
root        : INFO     

--------------------------
root        : INFO             Network_User:            Dataset motionsense network cnn_transformer lr 0.001 lr_optimizer 0.0005 Reshape False 
root        : INFO             Network_User:    Train:    epoch 4/15 batch 741/791 itera 3906 elapsed time 0.28449225425720215 best itera 3164
root        : INFO             Network_User:    Train:    loss 0.10271954536437988
root        : INFO             Network_User:    Train:    acc 0.86, f1_weighted 0.8516190052032471, f1_mean 0.8026455044746399
root        : INFO             Network_User:    Train:    Allocated 0.0 GB Cached 0.3 GB
root        : INFO     

--------------------------
root        : INFO             Network_User:            Dataset motionsense network cnn_transformer lr 0.001 lr_optimizer 0.0005 Reshape False 
root        : INFO             Network_User:    Train:    epoch 4/15 batch 780/791 itera 3945 elapsed time 0.34322619438171387 best itera 3164
root        : INFO             Network_User:    Train:    loss 0.08261885493993759
root        : INFO             Network_User:    Train:    acc 0.88, f1_weighted 0.8819943070411682, f1_mean 0.8812236785888672
root        : INFO             Network_User:    Train:    Allocated 0.0 GB Cached 0.3 GB
root        : INFO     

--------------------------
root        : INFO     

root        : INFO             Network_User:        Validating
root        : INFO                 Metrics: Constructor
root        : INFO     

root        : INFO             Network_User:        Validating:    epoch 4 batch 790 itera 3955 elapsed time 66.61960339546204, best itera 3164
root        : INFO             Network_User:        Validating:    acc 0.9132128940843075, f1_weighted 0.9120059609413147, f1_mean 0.8924210667610168
root        : INFO             Network_User:            Saving the network
root        : INFO     
        Network_User:    Train:    Training epoch 5
root        : INFO             Network_User:            Dataset motionsense network cnn_transformer lr 0.001 lr_optimizer 0.00025 Reshape False 
root        : INFO             Network_User:    Train:    epoch 5/15 batch 0/791 itera 3956 elapsed time 0.38854408264160156 best itera 3955
root        : INFO             Network_User:    Train:    loss 0.06120678037405014
root        : INFO             Network_User:    Train:    acc 0.88, f1_weighted 0.8759090900421143, f1_mean 0.8920454978942871
root        : INFO             Network_User:    Train:    Allocated 0.0 GB Cached 0.3 GB
root        : INFO     

--------------------------
root        : INFO             Network_User:            Dataset motionsense network cnn_transformer lr 0.001 lr_optimizer 0.00025 Reshape False 
root        : INFO             Network_User:    Train:    epoch 5/15 batch 39/791 itera 3995 elapsed time 0.47568845748901367 best itera 3955
root        : INFO             Network_User:    Train:    loss 0.029208816587924957
root        : INFO             Network_User:    Train:    acc 0.98, f1_weighted 0.9795555472373962, f1_mean 0.970370352268219
root        : INFO             Network_User:    Train:    Allocated 0.0 GB Cached 0.3 GB
root        : INFO     

--------------------------
root        : INFO             Network_User:            Dataset motionsense network cnn_transformer lr 0.001 lr_optimizer 0.00025 Reshape False 
root        : INFO             Network_User:    Train:    epoch 5/15 batch 78/791 itera 4034 elapsed time 0.301194429397583 best itera 3955
root        : INFO             Network_User:    Train:    loss 0.06843576580286026
root        : INFO             Network_User:    Train:    acc 0.9, f1_weighted 0.9015677571296692, f1_mean 0.8738705515861511
root        : INFO             Network_User:    Train:    Allocated 0.0 GB Cached 0.3 GB
root        : INFO     

--------------------------
root        : INFO             Network_User:            Dataset motionsense network cnn_transformer lr 0.001 lr_optimizer 0.00025 Reshape False 
root        : INFO             Network_User:    Train:    epoch 5/15 batch 117/791 itera 4073 elapsed time 0.49886465072631836 best itera 3955
root        : INFO             Network_User:    Train:    loss 0.03609471395611763
root        : INFO             Network_User:    Train:    acc 0.96, f1_weighted 0.9591110348701477, f1_mean 0.9377314448356628
root        : INFO             Network_User:    Train:    Allocated 0.0 GB Cached 0.3 GB
root        : INFO     

--------------------------
root        : INFO             Network_User:            Dataset motionsense network cnn_transformer lr 0.001 lr_optimizer 0.00025 Reshape False 
root        : INFO             Network_User:    Train:    epoch 5/15 batch 156/791 itera 4112 elapsed time 0.37725257873535156 best itera 3955
root        : INFO             Network_User:    Train:    loss 0.05190841853618622
root        : INFO             Network_User:    Train:    acc 0.92, f1_weighted 0.9188562035560608, f1_mean 0.9022331237792969
root        : INFO             Network_User:    Train:    Allocated 0.0 GB Cached 0.3 GB
root        : INFO     

--------------------------
root        : INFO             Network_User:            Dataset motionsense network cnn_transformer lr 0.001 lr_optimizer 0.00025 Reshape False 
root        : INFO             Network_User:    Train:    epoch 5/15 batch 195/791 itera 4151 elapsed time 0.06312704086303711 best itera 3955
root        : INFO             Network_User:    Train:    loss 0.03606954216957092
root        : INFO             Network_User:    Train:    acc 0.96, f1_weighted 0.9600000381469727, f1_mean 0.9574074745178223
root        : INFO             Network_User:    Train:    Allocated 0.0 GB Cached 0.3 GB
root        : INFO     

--------------------------
root        : INFO             Network_User:            Dataset motionsense network cnn_transformer lr 0.001 lr_optimizer 0.00025 Reshape False 
root        : INFO             Network_User:    Train:    epoch 5/15 batch 234/791 itera 4190 elapsed time 0.2565314769744873 best itera 3955
root        : INFO             Network_User:    Train:    loss 0.04738283529877663
root        : INFO             Network_User:    Train:    acc 0.94, f1_weighted 0.941398561000824, f1_mean 0.9318941235542297
root        : INFO             Network_User:    Train:    Allocated 0.0 GB Cached 0.3 GB
root        : INFO     

--------------------------
root        : INFO             Network_User:            Dataset motionsense network cnn_transformer lr 0.001 lr_optimizer 0.00025 Reshape False 
root        : INFO             Network_User:    Train:    epoch 5/15 batch 273/791 itera 4229 elapsed time 0.3611125946044922 best itera 3955
root        : INFO             Network_User:    Train:    loss 0.04856443032622337
root        : INFO             Network_User:    Train:    acc 0.92, f1_weighted 0.919580340385437, f1_mean 0.8827505707740784
root        : INFO             Network_User:    Train:    Allocated 0.0 GB Cached 0.3 GB
root        : INFO     

--------------------------
root        : INFO             Network_User:            Dataset motionsense network cnn_transformer lr 0.001 lr_optimizer 0.00025 Reshape False 
root        : INFO             Network_User:    Train:    epoch 5/15 batch 312/791 itera 4268 elapsed time 0.37771081924438477 best itera 3955
root        : INFO             Network_User:    Train:    loss 0.06748665124177933
root        : INFO             Network_User:    Train:    acc 0.9, f1_weighted 0.9018461108207703, f1_mean 0.8803418278694153
root        : INFO             Network_User:    Train:    Allocated 0.0 GB Cached 0.3 GB
root        : INFO     

--------------------------
root        : INFO             Network_User:            Dataset motionsense network cnn_transformer lr 0.001 lr_optimizer 0.00025 Reshape False 
root        : INFO             Network_User:    Train:    epoch 5/15 batch 351/791 itera 4307 elapsed time 0.27210140228271484 best itera 3955
root        : INFO             Network_User:    Train:    loss 0.02711198292672634
root        : INFO             Network_User:    Train:    acc 0.98, f1_weighted 0.9794613122940063, f1_mean 0.9786756634712219
root        : INFO             Network_User:    Train:    Allocated 0.0 GB Cached 0.3 GB
root        : INFO     

--------------------------
root        : INFO             Network_User:            Dataset motionsense network cnn_transformer lr 0.001 lr_optimizer 0.00025 Reshape False 
root        : INFO             Network_User:    Train:    epoch 5/15 batch 390/791 itera 4346 elapsed time 0.18781089782714844 best itera 3955
root        : INFO             Network_User:    Train:    loss 0.013631187379360199
root        : INFO             Network_User:    Train:    acc 1.0, f1_weighted 1.0, f1_mean 1.0
root        : INFO             Network_User:    Train:    Allocated 0.0 GB Cached 0.3 GB
root        : INFO     

--------------------------
root        : INFO             Network_User:            Dataset motionsense network cnn_transformer lr 0.001 lr_optimizer 0.00025 Reshape False 
root        : INFO             Network_User:    Train:    epoch 5/15 batch 429/791 itera 4385 elapsed time 0.44632768630981445 best itera 3955
root        : INFO             Network_User:    Train:    loss 0.06140076741576195
root        : INFO             Network_User:    Train:    acc 0.9, f1_weighted 0.8994805812835693, f1_mean 0.8777056336402893
root        : INFO             Network_User:    Train:    Allocated 0.0 GB Cached 0.3 GB
root        : INFO     

--------------------------
root        : INFO             Network_User:            Dataset motionsense network cnn_transformer lr 0.001 lr_optimizer 0.00025 Reshape False 
root        : INFO             Network_User:    Train:    epoch 5/15 batch 468/791 itera 4424 elapsed time 0.22522187232971191 best itera 3955
root        : INFO             Network_User:    Train:    loss 0.07418802380561829
root        : INFO             Network_User:    Train:    acc 0.9, f1_weighted 0.8985640406608582, f1_mean 0.8427350521087646
root        : INFO             Network_User:    Train:    Allocated 0.0 GB Cached 0.3 GB
root        : INFO     

--------------------------
root        : INFO             Network_User:            Dataset motionsense network cnn_transformer lr 0.001 lr_optimizer 0.00025 Reshape False 
root        : INFO             Network_User:    Train:    epoch 5/15 batch 507/791 itera 4463 elapsed time 0.16217994689941406 best itera 3955
root        : INFO             Network_User:    Train:    loss 0.09045948088169098
root        : INFO             Network_User:    Train:    acc 0.88, f1_weighted 0.8799999952316284, f1_mean 0.8499999642372131
root        : INFO             Network_User:    Train:    Allocated 0.0 GB Cached 0.3 GB
root        : INFO     

--------------------------
root        : INFO             Network_User:            Dataset motionsense network cnn_transformer lr 0.001 lr_optimizer 0.00025 Reshape False 
root        : INFO             Network_User:    Train:    epoch 5/15 batch 546/791 itera 4502 elapsed time 0.41817617416381836 best itera 3955
root        : INFO             Network_User:    Train:    loss 0.08229097723960876
root        : INFO             Network_User:    Train:    acc 0.88, f1_weighted 0.8756818771362305, f1_mean 0.855113685131073
root        : INFO             Network_User:    Train:    Allocated 0.0 GB Cached 0.3 GB
root        : INFO     

--------------------------
root        : INFO             Network_User:            Dataset motionsense network cnn_transformer lr 0.001 lr_optimizer 0.00025 Reshape False 
root        : INFO             Network_User:    Train:    epoch 5/15 batch 585/791 itera 4541 elapsed time 0.3175508975982666 best itera 3955
root        : INFO             Network_User:    Train:    loss 0.05086499825119972
root        : INFO             Network_User:    Train:    acc 0.94, f1_weighted 0.9402909278869629, f1_mean 0.9370706677436829
root        : INFO             Network_User:    Train:    Allocated 0.0 GB Cached 0.3 GB
root        : INFO     

--------------------------
root        : INFO             Network_User:            Dataset motionsense network cnn_transformer lr 0.001 lr_optimizer 0.00025 Reshape False 
root        : INFO             Network_User:    Train:    epoch 5/15 batch 624/791 itera 4580 elapsed time 0.22529315948486328 best itera 3955
root        : INFO             Network_User:    Train:    loss 0.08419057726860046
root        : INFO             Network_User:    Train:    acc 0.92, f1_weighted 0.9171509146690369, f1_mean 0.9107329845428467
root        : INFO             Network_User:    Train:    Allocated 0.0 GB Cached 0.3 GB
root        : INFO     

--------------------------
root        : INFO             Network_User:            Dataset motionsense network cnn_transformer lr 0.001 lr_optimizer 0.00025 Reshape False 
root        : INFO             Network_User:    Train:    epoch 5/15 batch 663/791 itera 4619 elapsed time 0.4300649166107178 best itera 3955
root        : INFO             Network_User:    Train:    loss 0.061889272183179855
root        : INFO             Network_User:    Train:    acc 0.9, f1_weighted 0.8892307281494141, f1_mean 0.7871794700622559
root        : INFO             Network_User:    Train:    Allocated 0.0 GB Cached 0.3 GB
root        : INFO     

--------------------------
root        : INFO             Network_User:            Dataset motionsense network cnn_transformer lr 0.001 lr_optimizer 0.00025 Reshape False 
root        : INFO             Network_User:    Train:    epoch 5/15 batch 702/791 itera 4658 elapsed time 0.24347329139709473 best itera 3955
root        : INFO             Network_User:    Train:    loss 0.06279376149177551
root        : INFO             Network_User:    Train:    acc 0.92, f1_weighted 0.925565242767334, f1_mean 0.832336962223053
root        : INFO             Network_User:    Train:    Allocated 0.0 GB Cached 0.3 GB
root        : INFO     

--------------------------
root        : INFO             Network_User:            Dataset motionsense network cnn_transformer lr 0.001 lr_optimizer 0.00025 Reshape False 
root        : INFO             Network_User:    Train:    epoch 5/15 batch 741/791 itera 4697 elapsed time 0.28516459465026855 best itera 3955
root        : INFO             Network_User:    Train:    loss 0.06851527094841003
root        : INFO             Network_User:    Train:    acc 0.92, f1_weighted 0.9179102778434753, f1_mean 0.8868589997291565
root        : INFO             Network_User:    Train:    Allocated 0.0 GB Cached 0.3 GB
root        : INFO     

--------------------------
root        : INFO             Network_User:            Dataset motionsense network cnn_transformer lr 0.001 lr_optimizer 0.00025 Reshape False 
root        : INFO             Network_User:    Train:    epoch 5/15 batch 780/791 itera 4736 elapsed time 0.2771179676055908 best itera 3955
root        : INFO             Network_User:    Train:    loss 0.03659761697053909
root        : INFO             Network_User:    Train:    acc 0.96, f1_weighted 0.9602428674697876, f1_mean 0.9481046199798584
root        : INFO             Network_User:    Train:    Allocated 0.0 GB Cached 0.3 GB
root        : INFO     

--------------------------
root        : INFO     

root        : INFO             Network_User:        Validating
root        : INFO                 Metrics: Constructor
root        : INFO     

root        : INFO             Network_User:        Validating:    epoch 5 batch 790 itera 4746 elapsed time 66.49026274681091, best itera 3955
root        : INFO             Network_User:        Validating:    acc 0.9223048766088086, f1_weighted 0.9223397374153137, f1_mean 0.9048952460289001
root        : INFO             Network_User:            Saving the network
root        : INFO     
        Network_User:    Train:    Training epoch 6
root        : INFO             Network_User:            Dataset motionsense network cnn_transformer lr 0.001 lr_optimizer 0.00025 Reshape False 
root        : INFO             Network_User:    Train:    epoch 6/15 batch 0/791 itera 4747 elapsed time 0.1280357837677002 best itera 4746
root        : INFO             Network_User:    Train:    loss 0.05320451408624649
root        : INFO             Network_User:    Train:    acc 0.94, f1_weighted 0.9408281445503235, f1_mean 0.9147688746452332
root        : INFO             Network_User:    Train:    Allocated 0.0 GB Cached 0.3 GB
root        : INFO     

--------------------------
root        : INFO             Network_User:            Dataset motionsense network cnn_transformer lr 0.001 lr_optimizer 0.00025 Reshape False 
root        : INFO             Network_User:    Train:    epoch 6/15 batch 39/791 itera 4786 elapsed time 0.25054049491882324 best itera 4746
root        : INFO             Network_User:    Train:    loss 0.032163556665182114
root        : INFO             Network_User:    Train:    acc 0.96, f1_weighted 0.9581099152565002, f1_mean 0.9300366044044495
root        : INFO             Network_User:    Train:    Allocated 0.0 GB Cached 0.3 GB
root        : INFO     

--------------------------
root        : INFO             Network_User:            Dataset motionsense network cnn_transformer lr 0.001 lr_optimizer 0.00025 Reshape False 
root        : INFO             Network_User:    Train:    epoch 6/15 batch 78/791 itera 4825 elapsed time 0.3522822856903076 best itera 4746
root        : INFO             Network_User:    Train:    loss 0.09621061384677887
root        : INFO             Network_User:    Train:    acc 0.9, f1_weighted 0.9080657362937927, f1_mean 0.7449365258216858
root        : INFO             Network_User:    Train:    Allocated 0.0 GB Cached 0.3 GB
root        : INFO     

--------------------------
root        : INFO             Network_User:            Dataset motionsense network cnn_transformer lr 0.001 lr_optimizer 0.00025 Reshape False 
root        : INFO             Network_User:    Train:    epoch 6/15 batch 117/791 itera 4864 elapsed time 0.3230264186859131 best itera 4746
root        : INFO             Network_User:    Train:    loss 0.07420316338539124
root        : INFO             Network_User:    Train:    acc 0.94, f1_weighted 0.936894416809082, f1_mean 0.9285786151885986
root        : INFO             Network_User:    Train:    Allocated 0.0 GB Cached 0.3 GB
root        : INFO     

--------------------------
root        : INFO             Network_User:            Dataset motionsense network cnn_transformer lr 0.001 lr_optimizer 0.00025 Reshape False 
root        : INFO             Network_User:    Train:    epoch 6/15 batch 156/791 itera 4903 elapsed time 0.45334506034851074 best itera 4746
root        : INFO             Network_User:    Train:    loss 0.03744100406765938
root        : INFO             Network_User:    Train:    acc 0.96, f1_weighted 0.9600000381469727, f1_mean 0.9277777671813965
root        : INFO             Network_User:    Train:    Allocated 0.0 GB Cached 0.3 GB
root        : INFO     

--------------------------
root        : INFO             Network_User:            Dataset motionsense network cnn_transformer lr 0.001 lr_optimizer 0.00025 Reshape False 
root        : INFO             Network_User:    Train:    epoch 6/15 batch 195/791 itera 4942 elapsed time 0.4458329677581787 best itera 4746
root        : INFO             Network_User:    Train:    loss 0.05269987881183624
root        : INFO             Network_User:    Train:    acc 0.94, f1_weighted 0.9349743723869324, f1_mean 0.8982906341552734
root        : INFO             Network_User:    Train:    Allocated 0.0 GB Cached 0.3 GB
root        : INFO     

--------------------------
root        : INFO             Network_User:            Dataset motionsense network cnn_transformer lr 0.001 lr_optimizer 0.00025 Reshape False 
root        : INFO             Network_User:    Train:    epoch 6/15 batch 234/791 itera 4981 elapsed time 0.41085004806518555 best itera 4746
root        : INFO             Network_User:    Train:    loss 0.06919670104980469
root        : INFO             Network_User:    Train:    acc 0.92, f1_weighted 0.9171428680419922, f1_mean 0.8714285492897034
root        : INFO             Network_User:    Train:    Allocated 0.0 GB Cached 0.3 GB
root        : INFO     

--------------------------
root        : INFO             Network_User:            Dataset motionsense network cnn_transformer lr 0.001 lr_optimizer 0.00025 Reshape False 
root        : INFO             Network_User:    Train:    epoch 6/15 batch 273/791 itera 5020 elapsed time 0.4141812324523926 best itera 4746
root        : INFO             Network_User:    Train:    loss 0.04203908145427704
root        : INFO             Network_User:    Train:    acc 0.92, f1_weighted 0.9130768775939941, f1_mean 0.8539885878562927
root        : INFO             Network_User:    Train:    Allocated 0.0 GB Cached 0.3 GB
root        : INFO     

--------------------------
root        : INFO             Network_User:            Dataset motionsense network cnn_transformer lr 0.001 lr_optimizer 0.00025 Reshape False 
root        : INFO             Network_User:    Train:    epoch 6/15 batch 312/791 itera 5059 elapsed time 0.4231693744659424 best itera 4746
root        : INFO             Network_User:    Train:    loss 0.039064835757017136
root        : INFO             Network_User:    Train:    acc 0.96, f1_weighted 0.9564285278320312, f1_mean 0.9464285969734192
root        : INFO             Network_User:    Train:    Allocated 0.0 GB Cached 0.3 GB
root        : INFO     

--------------------------
root        : INFO             Network_User:            Dataset motionsense network cnn_transformer lr 0.001 lr_optimizer 0.00025 Reshape False 
root        : INFO             Network_User:    Train:    epoch 6/15 batch 351/791 itera 5098 elapsed time 0.2177438735961914 best itera 4746
root        : INFO             Network_User:    Train:    loss 0.05721844360232353
root        : INFO             Network_User:    Train:    acc 0.92, f1_weighted 0.9062857031822205, f1_mean 0.8428571820259094
root        : INFO             Network_User:    Train:    Allocated 0.0 GB Cached 0.3 GB
root        : INFO     

--------------------------
root        : INFO             Network_User:            Dataset motionsense network cnn_transformer lr 0.001 lr_optimizer 0.00025 Reshape False 
root        : INFO             Network_User:    Train:    epoch 6/15 batch 390/791 itera 5137 elapsed time 0.06587529182434082 best itera 4746
root        : INFO             Network_User:    Train:    loss 0.08194530755281448
root        : INFO             Network_User:    Train:    acc 0.88, f1_weighted 0.8750931620597839, f1_mean 0.8090062141418457
root        : INFO             Network_User:    Train:    Allocated 0.0 GB Cached 0.3 GB
root        : INFO     

--------------------------
root        : INFO             Network_User:            Dataset motionsense network cnn_transformer lr 0.001 lr_optimizer 0.00025 Reshape False 
root        : INFO             Network_User:    Train:    epoch 6/15 batch 429/791 itera 5176 elapsed time 0.2634296417236328 best itera 4746
root        : INFO             Network_User:    Train:    loss 0.043192677199840546
root        : INFO             Network_User:    Train:    acc 0.96, f1_weighted 0.9566667079925537, f1_mean 0.9444444179534912
root        : INFO             Network_User:    Train:    Allocated 0.0 GB Cached 0.3 GB
root        : INFO     

--------------------------
root        : INFO             Network_User:            Dataset motionsense network cnn_transformer lr 0.001 lr_optimizer 0.00025 Reshape False 
root        : INFO             Network_User:    Train:    epoch 6/15 batch 468/791 itera 5215 elapsed time 0.06395077705383301 best itera 4746
root        : INFO             Network_User:    Train:    loss 0.10469064116477966
root        : INFO             Network_User:    Train:    acc 0.88, f1_weighted 0.873558521270752, f1_mean 0.8400552272796631
root        : INFO             Network_User:    Train:    Allocated 0.0 GB Cached 0.3 GB
root        : INFO     

--------------------------
root        : INFO             Network_User:            Dataset motionsense network cnn_transformer lr 0.001 lr_optimizer 0.00025 Reshape False 
root        : INFO             Network_User:    Train:    epoch 6/15 batch 507/791 itera 5254 elapsed time 0.25386905670166016 best itera 4746
root        : INFO             Network_User:    Train:    loss 0.0593656525015831
root        : INFO             Network_User:    Train:    acc 0.92, f1_weighted 0.9203678369522095, f1_mean 0.8605363965034485
root        : INFO             Network_User:    Train:    Allocated 0.0 GB Cached 0.3 GB
root        : INFO     

--------------------------
root        : INFO             Network_User:            Dataset motionsense network cnn_transformer lr 0.001 lr_optimizer 0.00025 Reshape False 
root        : INFO             Network_User:    Train:    epoch 6/15 batch 546/791 itera 5293 elapsed time 0.06948709487915039 best itera 4746
root        : INFO             Network_User:    Train:    loss 0.05594651401042938
root        : INFO             Network_User:    Train:    acc 0.96, f1_weighted 0.9580519199371338, f1_mean 0.9491342902183533
root        : INFO             Network_User:    Train:    Allocated 0.0 GB Cached 0.3 GB
root        : INFO     

--------------------------
root        : INFO             Network_User:            Dataset motionsense network cnn_transformer lr 0.001 lr_optimizer 0.00025 Reshape False 
root        : INFO             Network_User:    Train:    epoch 6/15 batch 585/791 itera 5332 elapsed time 0.39392995834350586 best itera 4746
root        : INFO             Network_User:    Train:    loss 0.05426425114274025
root        : INFO             Network_User:    Train:    acc 0.94, f1_weighted 0.9290595650672913, f1_mean 0.9070436358451843
root        : INFO             Network_User:    Train:    Allocated 0.0 GB Cached 0.3 GB
root        : INFO     

--------------------------
root        : INFO             Network_User:            Dataset motionsense network cnn_transformer lr 0.001 lr_optimizer 0.00025 Reshape False 
root        : INFO             Network_User:    Train:    epoch 6/15 batch 624/791 itera 5371 elapsed time 0.32608532905578613 best itera 4746
root        : INFO             Network_User:    Train:    loss 0.04537442699074745
root        : INFO             Network_User:    Train:    acc 0.92, f1_weighted 0.9139549732208252, f1_mean 0.8723128437995911
root        : INFO             Network_User:    Train:    Allocated 0.0 GB Cached 0.3 GB
root        : INFO     

--------------------------
root        : INFO             Network_User:            Dataset motionsense network cnn_transformer lr 0.001 lr_optimizer 0.00025 Reshape False 
root        : INFO             Network_User:    Train:    epoch 6/15 batch 663/791 itera 5410 elapsed time 0.21843504905700684 best itera 4746
root        : INFO             Network_User:    Train:    loss 0.056455712765455246
root        : INFO             Network_User:    Train:    acc 0.9, f1_weighted 0.8998888731002808, f1_mean 0.8731482028961182
root        : INFO             Network_User:    Train:    Allocated 0.0 GB Cached 0.3 GB
root        : INFO     

--------------------------
root        : INFO             Network_User:            Dataset motionsense network cnn_transformer lr 0.001 lr_optimizer 0.00025 Reshape False 
root        : INFO             Network_User:    Train:    epoch 6/15 batch 702/791 itera 5449 elapsed time 0.3524444103240967 best itera 4746
root        : INFO             Network_User:    Train:    loss 0.10409814864397049
root        : INFO             Network_User:    Train:    acc 0.84, f1_weighted 0.8380951881408691, f1_mean 0.804473340511322
root        : INFO             Network_User:    Train:    Allocated 0.0 GB Cached 0.3 GB
root        : INFO     

--------------------------
root        : INFO             Network_User:            Dataset motionsense network cnn_transformer lr 0.001 lr_optimizer 0.00025 Reshape False 
root        : INFO             Network_User:    Train:    epoch 6/15 batch 741/791 itera 5488 elapsed time 0.33079004287719727 best itera 4746
root        : INFO             Network_User:    Train:    loss 0.051042091101408005
root        : INFO             Network_User:    Train:    acc 0.94, f1_weighted 0.9378182291984558, f1_mean 0.8681817650794983
root        : INFO             Network_User:    Train:    Allocated 0.0 GB Cached 0.3 GB
root        : INFO     

--------------------------
root        : INFO             Network_User:            Dataset motionsense network cnn_transformer lr 0.001 lr_optimizer 0.00025 Reshape False 
root        : INFO             Network_User:    Train:    epoch 6/15 batch 780/791 itera 5527 elapsed time 0.26071906089782715 best itera 4746
root        : INFO             Network_User:    Train:    loss 0.052179764956235886
root        : INFO             Network_User:    Train:    acc 0.92, f1_weighted 0.9217777848243713, f1_mean 0.92037034034729
root        : INFO             Network_User:    Train:    Allocated 0.0 GB Cached 0.3 GB
root        : INFO     

--------------------------
root        : INFO     

root        : INFO             Network_User:        Validating
root        : INFO                 Metrics: Constructor
root        : INFO     

root        : INFO             Network_User:        Validating:    epoch 6 batch 790 itera 5537 elapsed time 51.78659915924072, best itera 4746
root        : INFO             Network_User:        Validating:    acc 0.927854528279608, f1_weighted 0.9267870187759399, f1_mean 0.9094429016113281
root        : INFO             Network_User:            Saving the network
root        : INFO     
        Network_User:    Train:    Training epoch 7
root        : INFO             Network_User:            Dataset motionsense network cnn_transformer lr 0.001 lr_optimizer 0.00025 Reshape False 
root        : INFO             Network_User:    Train:    epoch 7/15 batch 0/791 itera 5538 elapsed time 0.44571447372436523 best itera 5537
root        : INFO             Network_User:    Train:    loss 0.030468923971056938
root        : INFO             Network_User:    Train:    acc 0.98, f1_weighted 0.9794909358024597, f1_mean 0.9781818389892578
root        : INFO             Network_User:    Train:    Allocated 0.0 GB Cached 0.3 GB
root        : INFO     

--------------------------
root        : INFO             Network_User:            Dataset motionsense network cnn_transformer lr 0.001 lr_optimizer 0.00025 Reshape False 
root        : INFO             Network_User:    Train:    epoch 7/15 batch 39/791 itera 5577 elapsed time 0.2070019245147705 best itera 5537
root        : INFO             Network_User:    Train:    loss 0.03808267414569855
root        : INFO             Network_User:    Train:    acc 0.96, f1_weighted 0.9604040384292603, f1_mean 0.9511784911155701
root        : INFO             Network_User:    Train:    Allocated 0.0 GB Cached 0.3 GB
root        : INFO     

--------------------------
root        : INFO             Network_User:            Dataset motionsense network cnn_transformer lr 0.001 lr_optimizer 0.00025 Reshape False 
root        : INFO             Network_User:    Train:    epoch 7/15 batch 78/791 itera 5616 elapsed time 0.23222732543945312 best itera 5537
root        : INFO             Network_User:    Train:    loss 0.09871859848499298
root        : INFO             Network_User:    Train:    acc 0.9, f1_weighted 0.8991579413414001, f1_mean 0.890474796295166
root        : INFO             Network_User:    Train:    Allocated 0.0 GB Cached 0.3 GB
root        : INFO     

--------------------------
root        : INFO             Network_User:            Dataset motionsense network cnn_transformer lr 0.001 lr_optimizer 0.00025 Reshape False 
root        : INFO             Network_User:    Train:    epoch 7/15 batch 117/791 itera 5655 elapsed time 0.24689054489135742 best itera 5537
root        : INFO             Network_User:    Train:    loss 0.06376554816961288
root        : INFO             Network_User:    Train:    acc 0.92, f1_weighted 0.9208519458770752, f1_mean 0.9077056050300598
root        : INFO             Network_User:    Train:    Allocated 0.0 GB Cached 0.3 GB
root        : INFO     

--------------------------
root        : INFO             Network_User:            Dataset motionsense network cnn_transformer lr 0.001 lr_optimizer 0.00025 Reshape False 
root        : INFO             Network_User:    Train:    epoch 7/15 batch 156/791 itera 5694 elapsed time 0.233534574508667 best itera 5537
root        : INFO             Network_User:    Train:    loss 0.04470499977469444
root        : INFO             Network_User:    Train:    acc 0.94, f1_weighted 0.9428571462631226, f1_mean 0.9285714626312256
root        : INFO             Network_User:    Train:    Allocated 0.0 GB Cached 0.3 GB
root        : INFO     

--------------------------
root        : INFO             Network_User:            Dataset motionsense network cnn_transformer lr 0.001 lr_optimizer 0.00025 Reshape False 
root        : INFO             Network_User:    Train:    epoch 7/15 batch 195/791 itera 5733 elapsed time 0.2754945755004883 best itera 5537
root        : INFO             Network_User:    Train:    loss 0.11712217330932617
root        : INFO             Network_User:    Train:    acc 0.86, f1_weighted 0.8580952882766724, f1_mean 0.85317462682724
root        : INFO             Network_User:    Train:    Allocated 0.0 GB Cached 0.3 GB
root        : INFO     

--------------------------
root        : INFO             Network_User:            Dataset motionsense network cnn_transformer lr 0.001 lr_optimizer 0.00025 Reshape False 
root        : INFO             Network_User:    Train:    epoch 7/15 batch 234/791 itera 5772 elapsed time 0.05722308158874512 best itera 5537
root        : INFO             Network_User:    Train:    loss 0.08636344224214554
root        : INFO             Network_User:    Train:    acc 0.88, f1_weighted 0.882095217704773, f1_mean 0.8761904835700989
root        : INFO             Network_User:    Train:    Allocated 0.0 GB Cached 0.3 GB
root        : INFO     

--------------------------
root        : INFO             Network_User:            Dataset motionsense network cnn_transformer lr 0.001 lr_optimizer 0.00025 Reshape False 
root        : INFO             Network_User:    Train:    epoch 7/15 batch 273/791 itera 5811 elapsed time 0.29056859016418457 best itera 5537
root        : INFO             Network_User:    Train:    loss 0.02357642911374569
root        : INFO             Network_User:    Train:    acc 0.96, f1_weighted 0.9589090943336487, f1_mean 0.9396104216575623
root        : INFO             Network_User:    Train:    Allocated 0.0 GB Cached 0.3 GB
root        : INFO     

--------------------------
root        : INFO             Network_User:            Dataset motionsense network cnn_transformer lr 0.001 lr_optimizer 0.00025 Reshape False 
root        : INFO             Network_User:    Train:    epoch 7/15 batch 312/791 itera 5850 elapsed time 0.20331430435180664 best itera 5537
root        : INFO             Network_User:    Train:    loss 0.034525513648986816
root        : INFO             Network_User:    Train:    acc 0.96, f1_weighted 0.9624242782592773, f1_mean 0.9141414165496826
root        : INFO             Network_User:    Train:    Allocated 0.0 GB Cached 0.3 GB
root        : INFO     

--------------------------
root        : INFO             Network_User:            Dataset motionsense network cnn_transformer lr 0.001 lr_optimizer 0.00025 Reshape False 
root        : INFO             Network_User:    Train:    epoch 7/15 batch 351/791 itera 5889 elapsed time 0.1251840591430664 best itera 5537
root        : INFO             Network_User:    Train:    loss 0.10350465774536133
root        : INFO             Network_User:    Train:    acc 0.88, f1_weighted 0.883590042591095, f1_mean 0.8068323135375977
root        : INFO             Network_User:    Train:    Allocated 0.0 GB Cached 0.3 GB
root        : INFO     

--------------------------
root        : INFO             Network_User:            Dataset motionsense network cnn_transformer lr 0.001 lr_optimizer 0.00025 Reshape False 
root        : INFO             Network_User:    Train:    epoch 7/15 batch 390/791 itera 5928 elapsed time 0.12009501457214355 best itera 5537
root        : INFO             Network_User:    Train:    loss 0.08591114729642868
root        : INFO             Network_User:    Train:    acc 0.88, f1_weighted 0.8773332834243774, f1_mean 0.8777778148651123
root        : INFO             Network_User:    Train:    Allocated 0.0 GB Cached 0.3 GB
root        : INFO     

--------------------------
root        : INFO             Network_User:            Dataset motionsense network cnn_transformer lr 0.001 lr_optimizer 0.00025 Reshape False 
root        : INFO             Network_User:    Train:    epoch 7/15 batch 429/791 itera 5967 elapsed time 0.39516234397888184 best itera 5537
root        : INFO             Network_User:    Train:    loss 0.02028059959411621
root        : INFO             Network_User:    Train:    acc 1.0, f1_weighted 1.0, f1_mean 1.0
root        : INFO             Network_User:    Train:    Allocated 0.0 GB Cached 0.3 GB
root        : INFO     

--------------------------
root        : INFO             Network_User:            Dataset motionsense network cnn_transformer lr 0.001 lr_optimizer 0.00025 Reshape False 
root        : INFO             Network_User:    Train:    epoch 7/15 batch 468/791 itera 6006 elapsed time 0.06260561943054199 best itera 5537
root        : INFO             Network_User:    Train:    loss 0.07749493420124054
root        : INFO             Network_User:    Train:    acc 0.92, f1_weighted 0.9185715317726135, f1_mean 0.8743386268615723
root        : INFO             Network_User:    Train:    Allocated 0.0 GB Cached 0.3 GB
root        : INFO     

--------------------------
root        : INFO             Network_User:            Dataset motionsense network cnn_transformer lr 0.001 lr_optimizer 0.00025 Reshape False 
root        : INFO             Network_User:    Train:    epoch 7/15 batch 507/791 itera 6045 elapsed time 0.06318473815917969 best itera 5537
root        : INFO             Network_User:    Train:    loss 0.02604633755981922
root        : INFO             Network_User:    Train:    acc 0.98, f1_weighted 0.9800000190734863, f1_mean 0.9523809552192688
root        : INFO             Network_User:    Train:    Allocated 0.0 GB Cached 0.3 GB
root        : INFO     

--------------------------
root        : INFO             Network_User:            Dataset motionsense network cnn_transformer lr 0.001 lr_optimizer 0.00025 Reshape False 
root        : INFO             Network_User:    Train:    epoch 7/15 batch 546/791 itera 6084 elapsed time 0.22268414497375488 best itera 5537
root        : INFO             Network_User:    Train:    loss 0.050194889307022095
root        : INFO             Network_User:    Train:    acc 0.96, f1_weighted 0.9597980380058289, f1_mean 0.9511784911155701
root        : INFO             Network_User:    Train:    Allocated 0.0 GB Cached 0.3 GB
root        : INFO     

--------------------------
root        : INFO             Network_User:            Dataset motionsense network cnn_transformer lr 0.001 lr_optimizer 0.00025 Reshape False 
root        : INFO             Network_User:    Train:    epoch 7/15 batch 585/791 itera 6123 elapsed time 0.3183131217956543 best itera 5537
root        : INFO             Network_User:    Train:    loss 0.07874876260757446
root        : INFO             Network_User:    Train:    acc 0.86, f1_weighted 0.827087938785553, f1_mean 0.8127289414405823
root        : INFO             Network_User:    Train:    Allocated 0.0 GB Cached 0.3 GB
root        : INFO     

--------------------------
root        : INFO             Network_User:            Dataset motionsense network cnn_transformer lr 0.001 lr_optimizer 0.00025 Reshape False 
root        : INFO             Network_User:    Train:    epoch 7/15 batch 624/791 itera 6162 elapsed time 0.18108844757080078 best itera 5537
root        : INFO             Network_User:    Train:    loss 0.12567727267742157
root        : INFO             Network_User:    Train:    acc 0.82, f1_weighted 0.8246666193008423, f1_mean 0.7872222065925598
root        : INFO             Network_User:    Train:    Allocated 0.0 GB Cached 0.3 GB
root        : INFO     

--------------------------
root        : INFO             Network_User:            Dataset motionsense network cnn_transformer lr 0.001 lr_optimizer 0.00025 Reshape False 
root        : INFO             Network_User:    Train:    epoch 7/15 batch 663/791 itera 6201 elapsed time 0.15600895881652832 best itera 5537
root        : INFO             Network_User:    Train:    loss 0.056726474314928055
root        : INFO             Network_User:    Train:    acc 0.9, f1_weighted 0.9021872282028198, f1_mean 0.8880475163459778
root        : INFO             Network_User:    Train:    Allocated 0.0 GB Cached 0.3 GB
root        : INFO     

--------------------------
root        : INFO             Network_User:            Dataset motionsense network cnn_transformer lr 0.001 lr_optimizer 0.00025 Reshape False 
root        : INFO             Network_User:    Train:    epoch 7/15 batch 702/791 itera 6240 elapsed time 0.3445589542388916 best itera 5537
root        : INFO             Network_User:    Train:    loss 0.05913544073700905
root        : INFO             Network_User:    Train:    acc 0.96, f1_weighted 0.9592307806015015, f1_mean 0.9514651894569397
root        : INFO             Network_User:    Train:    Allocated 0.0 GB Cached 0.3 GB
root        : INFO     

--------------------------
root        : INFO             Network_User:            Dataset motionsense network cnn_transformer lr 0.001 lr_optimizer 0.00025 Reshape False 
root        : INFO             Network_User:    Train:    epoch 7/15 batch 741/791 itera 6279 elapsed time 0.24680566787719727 best itera 5537
root        : INFO             Network_User:    Train:    loss 0.041386090219020844
root        : INFO             Network_User:    Train:    acc 0.94, f1_weighted 0.9379704594612122, f1_mean 0.9429175853729248
root        : INFO             Network_User:    Train:    Allocated 0.0 GB Cached 0.3 GB
root        : INFO     

--------------------------
root        : INFO             Network_User:            Dataset motionsense network cnn_transformer lr 0.001 lr_optimizer 0.00025 Reshape False 
root        : INFO             Network_User:    Train:    epoch 7/15 batch 780/791 itera 6318 elapsed time 0.061899423599243164 best itera 5537
root        : INFO             Network_User:    Train:    loss 0.06731975078582764
root        : INFO             Network_User:    Train:    acc 0.9, f1_weighted 0.8998464345932007, f1_mean 0.8755760192871094
root        : INFO             Network_User:    Train:    Allocated 0.0 GB Cached 0.3 GB
root        : INFO     

--------------------------
root        : INFO     

root        : INFO             Network_User:        Validating
root        : INFO                 Metrics: Constructor
root        : INFO     

root        : INFO             Network_User:        Validating:    epoch 7 batch 790 itera 6328 elapsed time 45.30538582801819, best itera 5537
root        : INFO             Network_User:        Validating:    acc 0.9282087613649782, f1_weighted 0.9275093674659729, f1_mean 0.9103490710258484
root        : INFO             Network_User:            Saving the network
root        : INFO     
        Network_User:    Train:    Training epoch 8
root        : INFO             Network_User:            Dataset motionsense network cnn_transformer lr 0.001 lr_optimizer 0.000125 Reshape False 
root        : INFO             Network_User:    Train:    epoch 8/15 batch 0/791 itera 6329 elapsed time 0.06102347373962402 best itera 6328
root        : INFO             Network_User:    Train:    loss 0.07247140258550644
root        : INFO             Network_User:    Train:    acc 0.88, f1_weighted 0.8741014003753662, f1_mean 0.7429594993591309
root        : INFO             Network_User:    Train:    Allocated 0.0 GB Cached 0.3 GB
root        : INFO     

--------------------------
root        : INFO             Network_User:            Dataset motionsense network cnn_transformer lr 0.001 lr_optimizer 0.000125 Reshape False 
root        : INFO             Network_User:    Train:    epoch 8/15 batch 39/791 itera 6368 elapsed time 0.2772235870361328 best itera 6328
root        : INFO             Network_User:    Train:    loss 0.03972883149981499
root        : INFO             Network_User:    Train:    acc 0.96, f1_weighted 0.9581388235092163, f1_mean 0.9377315044403076
root        : INFO             Network_User:    Train:    Allocated 0.0 GB Cached 0.3 GB
root        : INFO     

--------------------------
root        : INFO             Network_User:            Dataset motionsense network cnn_transformer lr 0.001 lr_optimizer 0.000125 Reshape False 
root        : INFO             Network_User:    Train:    epoch 8/15 batch 78/791 itera 6407 elapsed time 0.20926856994628906 best itera 6328
root        : INFO             Network_User:    Train:    loss 0.04372190311551094
root        : INFO             Network_User:    Train:    acc 0.94, f1_weighted 0.9405211210250854, f1_mean 0.9197956919670105
root        : INFO             Network_User:    Train:    Allocated 0.0 GB Cached 0.3 GB
root        : INFO     

--------------------------
root        : INFO             Network_User:            Dataset motionsense network cnn_transformer lr 0.001 lr_optimizer 0.000125 Reshape False 
root        : INFO             Network_User:    Train:    epoch 8/15 batch 117/791 itera 6446 elapsed time 0.36350393295288086 best itera 6328
root        : INFO             Network_User:    Train:    loss 0.05639604479074478
root        : INFO             Network_User:    Train:    acc 0.92, f1_weighted 0.9190290570259094, f1_mean 0.9282602667808533
root        : INFO             Network_User:    Train:    Allocated 0.0 GB Cached 0.3 GB
root        : INFO     

--------------------------
root        : INFO             Network_User:            Dataset motionsense network cnn_transformer lr 0.001 lr_optimizer 0.000125 Reshape False 
root        : INFO             Network_User:    Train:    epoch 8/15 batch 156/791 itera 6485 elapsed time 0.21929240226745605 best itera 6328
root        : INFO             Network_User:    Train:    loss 0.03912051394581795
root        : INFO             Network_User:    Train:    acc 0.96, f1_weighted 0.9592298865318298, f1_mean 0.9559133052825928
root        : INFO             Network_User:    Train:    Allocated 0.0 GB Cached 0.3 GB
root        : INFO     

--------------------------
root        : INFO             Network_User:            Dataset motionsense network cnn_transformer lr 0.001 lr_optimizer 0.000125 Reshape False 
root        : INFO             Network_User:    Train:    epoch 8/15 batch 195/791 itera 6524 elapsed time 0.15152573585510254 best itera 6328
root        : INFO             Network_User:    Train:    loss 0.09912361204624176
root        : INFO             Network_User:    Train:    acc 0.92, f1_weighted 0.9269519448280334, f1_mean 0.8797547221183777
root        : INFO             Network_User:    Train:    Allocated 0.0 GB Cached 0.3 GB
root        : INFO     

--------------------------
root        : INFO             Network_User:            Dataset motionsense network cnn_transformer lr 0.001 lr_optimizer 0.000125 Reshape False 
root        : INFO             Network_User:    Train:    epoch 8/15 batch 234/791 itera 6563 elapsed time 0.05428624153137207 best itera 6328
root        : INFO             Network_User:    Train:    loss 0.10041393339633942
root        : INFO             Network_User:    Train:    acc 0.88, f1_weighted 0.8676440119743347, f1_mean 0.8284764289855957
root        : INFO             Network_User:    Train:    Allocated 0.0 GB Cached 0.3 GB
root        : INFO     

--------------------------
root        : INFO             Network_User:            Dataset motionsense network cnn_transformer lr 0.001 lr_optimizer 0.000125 Reshape False 
root        : INFO             Network_User:    Train:    epoch 8/15 batch 273/791 itera 6602 elapsed time 0.1048586368560791 best itera 6328
root        : INFO             Network_User:    Train:    loss 0.04690779745578766
root        : INFO             Network_User:    Train:    acc 0.9, f1_weighted 0.8971428871154785, f1_mean 0.738095223903656
root        : INFO             Network_User:    Train:    Allocated 0.0 GB Cached 0.3 GB
root        : INFO     

--------------------------
root        : INFO             Network_User:            Dataset motionsense network cnn_transformer lr 0.001 lr_optimizer 0.000125 Reshape False 
root        : INFO             Network_User:    Train:    epoch 8/15 batch 312/791 itera 6641 elapsed time 0.2335374355316162 best itera 6328
root        : INFO             Network_User:    Train:    loss 0.09549421072006226
root        : INFO             Network_User:    Train:    acc 0.86, f1_weighted 0.8591110706329346, f1_mean 0.8740741610527039
root        : INFO             Network_User:    Train:    Allocated 0.0 GB Cached 0.3 GB
root        : INFO     

--------------------------
root        : INFO             Network_User:            Dataset motionsense network cnn_transformer lr 0.001 lr_optimizer 0.000125 Reshape False 
root        : INFO             Network_User:    Train:    epoch 8/15 batch 351/791 itera 6680 elapsed time 0.054635047912597656 best itera 6328
root        : INFO             Network_User:    Train:    loss 0.06244780868291855
root        : INFO             Network_User:    Train:    acc 0.9, f1_weighted 0.8868387341499329, f1_mean 0.8397850394248962
root        : INFO             Network_User:    Train:    Allocated 0.0 GB Cached 0.3 GB
root        : INFO     

--------------------------
root        : INFO             Network_User:            Dataset motionsense network cnn_transformer lr 0.001 lr_optimizer 0.000125 Reshape False 
root        : INFO             Network_User:    Train:    epoch 8/15 batch 390/791 itera 6719 elapsed time 0.1673896312713623 best itera 6328
root        : INFO             Network_User:    Train:    loss 0.05194127932190895
root        : INFO             Network_User:    Train:    acc 0.94, f1_weighted 0.9399999976158142, f1_mean 0.910714328289032
root        : INFO             Network_User:    Train:    Allocated 0.0 GB Cached 0.3 GB
root        : INFO     

--------------------------
root        : INFO             Network_User:            Dataset motionsense network cnn_transformer lr 0.001 lr_optimizer 0.000125 Reshape False 
root        : INFO             Network_User:    Train:    epoch 8/15 batch 429/791 itera 6758 elapsed time 0.24384832382202148 best itera 6328
root        : INFO             Network_User:    Train:    loss 0.07372435927391052
root        : INFO             Network_User:    Train:    acc 0.9, f1_weighted 0.8982073664665222, f1_mean 0.8520999550819397
root        : INFO             Network_User:    Train:    Allocated 0.0 GB Cached 0.3 GB
root        : INFO     

--------------------------
root        : INFO             Network_User:            Dataset motionsense network cnn_transformer lr 0.001 lr_optimizer 0.000125 Reshape False 
root        : INFO             Network_User:    Train:    epoch 8/15 batch 468/791 itera 6797 elapsed time 0.23601365089416504 best itera 6328
root        : INFO             Network_User:    Train:    loss 0.027760932222008705
root        : INFO             Network_User:    Train:    acc 0.98, f1_weighted 0.9789162278175354, f1_mean 0.9704433083534241
root        : INFO             Network_User:    Train:    Allocated 0.0 GB Cached 0.3 GB
root        : INFO     

--------------------------
root        : INFO             Network_User:            Dataset motionsense network cnn_transformer lr 0.001 lr_optimizer 0.000125 Reshape False 
root        : INFO             Network_User:    Train:    epoch 8/15 batch 507/791 itera 6836 elapsed time 0.3309807777404785 best itera 6328
root        : INFO             Network_User:    Train:    loss 0.07442612946033478
root        : INFO             Network_User:    Train:    acc 0.88, f1_weighted 0.8867326974868774, f1_mean 0.873258650302887
root        : INFO             Network_User:    Train:    Allocated 0.0 GB Cached 0.3 GB
root        : INFO     

--------------------------
root        : INFO             Network_User:            Dataset motionsense network cnn_transformer lr 0.001 lr_optimizer 0.000125 Reshape False 
root        : INFO             Network_User:    Train:    epoch 8/15 batch 546/791 itera 6875 elapsed time 0.2843058109283447 best itera 6328
root        : INFO             Network_User:    Train:    loss 0.06803625077009201
root        : INFO             Network_User:    Train:    acc 0.9, f1_weighted 0.9039576053619385, f1_mean 0.831476628780365
root        : INFO             Network_User:    Train:    Allocated 0.0 GB Cached 0.3 GB
root        : INFO     

--------------------------
root        : INFO             Network_User:            Dataset motionsense network cnn_transformer lr 0.001 lr_optimizer 0.000125 Reshape False 
root        : INFO             Network_User:    Train:    epoch 8/15 batch 585/791 itera 6914 elapsed time 0.14766287803649902 best itera 6328
root        : INFO             Network_User:    Train:    loss 0.09659329056739807
root        : INFO             Network_User:    Train:    acc 0.88, f1_weighted 0.8819047808647156, f1_mean 0.8706348538398743
root        : INFO             Network_User:    Train:    Allocated 0.0 GB Cached 0.3 GB
root        : INFO     

--------------------------
root        : INFO             Network_User:            Dataset motionsense network cnn_transformer lr 0.001 lr_optimizer 0.000125 Reshape False 
root        : INFO             Network_User:    Train:    epoch 8/15 batch 624/791 itera 6953 elapsed time 0.21832919120788574 best itera 6328
root        : INFO             Network_User:    Train:    loss 0.06108951196074486
root        : INFO             Network_User:    Train:    acc 0.92, f1_weighted 0.9213714599609375, f1_mean 0.8811905384063721
root        : INFO             Network_User:    Train:    Allocated 0.0 GB Cached 0.3 GB
root        : INFO     

--------------------------
root        : INFO             Network_User:            Dataset motionsense network cnn_transformer lr 0.001 lr_optimizer 0.000125 Reshape False 
root        : INFO             Network_User:    Train:    epoch 8/15 batch 663/791 itera 6992 elapsed time 0.22508811950683594 best itera 6328
root        : INFO             Network_User:    Train:    loss 0.048832207918167114
root        : INFO             Network_User:    Train:    acc 0.96, f1_weighted 0.9596655368804932, f1_mean 0.9382664561271667
root        : INFO             Network_User:    Train:    Allocated 0.0 GB Cached 0.3 GB
root        : INFO     

--------------------------
root        : INFO             Network_User:            Dataset motionsense network cnn_transformer lr 0.001 lr_optimizer 0.000125 Reshape False 
root        : INFO             Network_User:    Train:    epoch 8/15 batch 702/791 itera 7031 elapsed time 0.0645148754119873 best itera 6328
root        : INFO             Network_User:    Train:    loss 0.03955772519111633
root        : INFO             Network_User:    Train:    acc 0.94, f1_weighted 0.9384242296218872, f1_mean 0.9144781231880188
root        : INFO             Network_User:    Train:    Allocated 0.0 GB Cached 0.3 GB
root        : INFO     

--------------------------
root        : INFO             Network_User:            Dataset motionsense network cnn_transformer lr 0.001 lr_optimizer 0.000125 Reshape False 
root        : INFO             Network_User:    Train:    epoch 8/15 batch 741/791 itera 7070 elapsed time 0.06237339973449707 best itera 6328
root        : INFO             Network_User:    Train:    loss 0.030092766508460045
root        : INFO             Network_User:    Train:    acc 0.98, f1_weighted 0.9805864691734314, f1_mean 0.9794721603393555
root        : INFO             Network_User:    Train:    Allocated 0.0 GB Cached 0.3 GB
root        : INFO     

--------------------------
root        : INFO             Network_User:            Dataset motionsense network cnn_transformer lr 0.001 lr_optimizer 0.000125 Reshape False 
root        : INFO             Network_User:    Train:    epoch 8/15 batch 780/791 itera 7109 elapsed time 0.16337847709655762 best itera 6328
root        : INFO             Network_User:    Train:    loss 0.022658541798591614
root        : INFO             Network_User:    Train:    acc 0.98, f1_weighted 0.9804444313049316, f1_mean 0.8037037253379822
root        : INFO             Network_User:    Train:    Allocated 0.0 GB Cached 0.3 GB
root        : INFO     

--------------------------
root        : INFO     

root        : INFO             Network_User:        Validating
root        : INFO                 Metrics: Constructor
root        : INFO     

root        : INFO             Network_User:        Validating:    epoch 8 batch 790 itera 7119 elapsed time 48.615368127822876, best itera 6328
root        : INFO             Network_User:        Validating:    acc 0.9331680245601606, f1_weighted 0.9323638677597046, f1_mean 0.9157924652099609
root        : INFO             Network_User:            Saving the network
root        : INFO     
        Network_User:    Train:    Training epoch 9
root        : INFO             Network_User:            Dataset motionsense network cnn_transformer lr 0.001 lr_optimizer 0.000125 Reshape False 
root        : INFO             Network_User:    Train:    epoch 9/15 batch 0/791 itera 7120 elapsed time 0.32805657386779785 best itera 7119
root        : INFO             Network_User:    Train:    loss 0.06385672837495804
root        : INFO             Network_User:    Train:    acc 0.92, f1_weighted 0.9198503494262695, f1_mean 0.8982468247413635
root        : INFO             Network_User:    Train:    Allocated 0.0 GB Cached 0.3 GB
root        : INFO     

--------------------------
root        : INFO             Network_User:            Dataset motionsense network cnn_transformer lr 0.001 lr_optimizer 0.000125 Reshape False 
root        : INFO             Network_User:    Train:    epoch 9/15 batch 39/791 itera 7159 elapsed time 0.0732884407043457 best itera 7119
root        : INFO             Network_User:    Train:    loss 0.0995374396443367
root        : INFO             Network_User:    Train:    acc 0.86, f1_weighted 0.8600000143051147, f1_mean 0.8708333969116211
root        : INFO             Network_User:    Train:    Allocated 0.0 GB Cached 0.3 GB
root        : INFO     

--------------------------
root        : INFO             Network_User:            Dataset motionsense network cnn_transformer lr 0.001 lr_optimizer 0.000125 Reshape False 
root        : INFO             Network_User:    Train:    epoch 9/15 batch 78/791 itera 7198 elapsed time 0.10210371017456055 best itera 7119
root        : INFO             Network_User:    Train:    loss 0.04699821397662163
root        : INFO             Network_User:    Train:    acc 0.92, f1_weighted 0.9197646975517273, f1_mean 0.9094770550727844
root        : INFO             Network_User:    Train:    Allocated 0.0 GB Cached 0.3 GB
root        : INFO     

--------------------------
root        : INFO             Network_User:            Dataset motionsense network cnn_transformer lr 0.001 lr_optimizer 0.000125 Reshape False 
root        : INFO             Network_User:    Train:    epoch 9/15 batch 117/791 itera 7237 elapsed time 0.16124534606933594 best itera 7119
root        : INFO             Network_User:    Train:    loss 0.07228732854127884
root        : INFO             Network_User:    Train:    acc 0.9, f1_weighted 0.8933332562446594, f1_mean 0.8492063879966736
root        : INFO             Network_User:    Train:    Allocated 0.0 GB Cached 0.3 GB
root        : INFO     

--------------------------
root        : INFO             Network_User:            Dataset motionsense network cnn_transformer lr 0.001 lr_optimizer 0.000125 Reshape False 
root        : INFO             Network_User:    Train:    epoch 9/15 batch 156/791 itera 7276 elapsed time 0.06418037414550781 best itera 7119
root        : INFO             Network_User:    Train:    loss 0.04289022833108902
root        : INFO             Network_User:    Train:    acc 0.96, f1_weighted 0.9574999809265137, f1_mean 0.9375
root        : INFO             Network_User:    Train:    Allocated 0.0 GB Cached 0.3 GB
root        : INFO     

--------------------------
root        : INFO             Network_User:            Dataset motionsense network cnn_transformer lr 0.001 lr_optimizer 0.000125 Reshape False 
root        : INFO             Network_User:    Train:    epoch 9/15 batch 195/791 itera 7315 elapsed time 0.16205406188964844 best itera 7119
root        : INFO             Network_User:    Train:    loss 0.02287968620657921
root        : INFO             Network_User:    Train:    acc 0.96, f1_weighted 0.9600000977516174, f1_mean 0.9530303478240967
root        : INFO             Network_User:    Train:    Allocated 0.0 GB Cached 0.3 GB
root        : INFO     

--------------------------
root        : INFO             Network_User:            Dataset motionsense network cnn_transformer lr 0.001 lr_optimizer 0.000125 Reshape False 
root        : INFO             Network_User:    Train:    epoch 9/15 batch 234/791 itera 7354 elapsed time 0.14595532417297363 best itera 7119
root        : INFO             Network_User:    Train:    loss 0.07994654029607773
root        : INFO             Network_User:    Train:    acc 0.88, f1_weighted 0.8758302927017212, f1_mean 0.8541397452354431
root        : INFO             Network_User:    Train:    Allocated 0.0 GB Cached 0.3 GB
root        : INFO     

--------------------------
root        : INFO             Network_User:            Dataset motionsense network cnn_transformer lr 0.001 lr_optimizer 0.000125 Reshape False 
root        : INFO             Network_User:    Train:    epoch 9/15 batch 273/791 itera 7393 elapsed time 0.055103302001953125 best itera 7119
root        : INFO             Network_User:    Train:    loss 0.07194803655147552
root        : INFO             Network_User:    Train:    acc 0.92, f1_weighted 0.9159640073776245, f1_mean 0.9244089126586914
root        : INFO             Network_User:    Train:    Allocated 0.0 GB Cached 0.3 GB
root        : INFO     

--------------------------
root        : INFO             Network_User:            Dataset motionsense network cnn_transformer lr 0.001 lr_optimizer 0.000125 Reshape False 
root        : INFO             Network_User:    Train:    epoch 9/15 batch 312/791 itera 7432 elapsed time 0.4590325355529785 best itera 7119
root        : INFO             Network_User:    Train:    loss 0.03963170200586319
root        : INFO             Network_User:    Train:    acc 0.96, f1_weighted 0.9572955965995789, f1_mean 0.9450742602348328
root        : INFO             Network_User:    Train:    Allocated 0.0 GB Cached 0.3 GB
root        : INFO     

--------------------------
root        : INFO             Network_User:            Dataset motionsense network cnn_transformer lr 0.001 lr_optimizer 0.000125 Reshape False 
root        : INFO             Network_User:    Train:    epoch 9/15 batch 351/791 itera 7471 elapsed time 0.22061872482299805 best itera 7119
root        : INFO             Network_User:    Train:    loss 0.05961425229907036
root        : INFO             Network_User:    Train:    acc 0.92, f1_weighted 0.9169333577156067, f1_mean 0.8966667056083679
root        : INFO             Network_User:    Train:    Allocated 0.0 GB Cached 0.3 GB
root        : INFO     

--------------------------
root        : INFO             Network_User:            Dataset motionsense network cnn_transformer lr 0.001 lr_optimizer 0.000125 Reshape False 
root        : INFO             Network_User:    Train:    epoch 9/15 batch 390/791 itera 7510 elapsed time 0.36009883880615234 best itera 7119
root        : INFO             Network_User:    Train:    loss 0.054709259420633316
root        : INFO             Network_User:    Train:    acc 0.94, f1_weighted 0.9408887028694153, f1_mean 0.9317479133605957
root        : INFO             Network_User:    Train:    Allocated 0.0 GB Cached 0.3 GB
root        : INFO     

--------------------------
root        : INFO             Network_User:            Dataset motionsense network cnn_transformer lr 0.001 lr_optimizer 0.000125 Reshape False 
root        : INFO             Network_User:    Train:    epoch 9/15 batch 429/791 itera 7549 elapsed time 0.21192550659179688 best itera 7119
root        : INFO             Network_User:    Train:    loss 0.056080225855112076
root        : INFO             Network_User:    Train:    acc 0.96, f1_weighted 0.9589388370513916, f1_mean 0.9577207565307617
root        : INFO             Network_User:    Train:    Allocated 0.0 GB Cached 0.3 GB
root        : INFO     

--------------------------
root        : INFO             Network_User:            Dataset motionsense network cnn_transformer lr 0.001 lr_optimizer 0.000125 Reshape False 
root        : INFO             Network_User:    Train:    epoch 9/15 batch 468/791 itera 7588 elapsed time 0.3445718288421631 best itera 7119
root        : INFO             Network_User:    Train:    loss 0.021083710715174675
root        : INFO             Network_User:    Train:    acc 0.98, f1_weighted 0.9796558022499084, f1_mean 0.9835125803947449
root        : INFO             Network_User:    Train:    Allocated 0.0 GB Cached 0.3 GB
root        : INFO     

--------------------------
root        : INFO             Network_User:            Dataset motionsense network cnn_transformer lr 0.001 lr_optimizer 0.000125 Reshape False 
root        : INFO             Network_User:    Train:    epoch 9/15 batch 507/791 itera 7627 elapsed time 0.2877376079559326 best itera 7119
root        : INFO             Network_User:    Train:    loss 0.0821009948849678
root        : INFO             Network_User:    Train:    acc 0.88, f1_weighted 0.8892982602119446, f1_mean 0.761695921421051
root        : INFO             Network_User:    Train:    Allocated 0.0 GB Cached 0.3 GB
root        : INFO     

--------------------------
root        : INFO             Network_User:            Dataset motionsense network cnn_transformer lr 0.001 lr_optimizer 0.000125 Reshape False 
root        : INFO             Network_User:    Train:    epoch 9/15 batch 546/791 itera 7666 elapsed time 0.31534838676452637 best itera 7119
root        : INFO             Network_User:    Train:    loss 0.055135007947683334
root        : INFO             Network_User:    Train:    acc 0.92, f1_weighted 0.9123809337615967, f1_mean 0.865079402923584
root        : INFO             Network_User:    Train:    Allocated 0.0 GB Cached 0.3 GB
root        : INFO     

--------------------------
root        : INFO             Network_User:            Dataset motionsense network cnn_transformer lr 0.001 lr_optimizer 0.000125 Reshape False 
root        : INFO             Network_User:    Train:    epoch 9/15 batch 585/791 itera 7705 elapsed time 0.12356996536254883 best itera 7119
root        : INFO             Network_User:    Train:    loss 0.08889445662498474
root        : INFO             Network_User:    Train:    acc 0.9, f1_weighted 0.8936000466346741, f1_mean 0.8688889145851135
root        : INFO             Network_User:    Train:    Allocated 0.0 GB Cached 0.3 GB
root        : INFO     

--------------------------
root        : INFO             Network_User:            Dataset motionsense network cnn_transformer lr 0.001 lr_optimizer 0.000125 Reshape False 
root        : INFO             Network_User:    Train:    epoch 9/15 batch 624/791 itera 7744 elapsed time 0.26168298721313477 best itera 7119
root        : INFO             Network_User:    Train:    loss 0.015609397552907467
root        : INFO             Network_User:    Train:    acc 1.0, f1_weighted 0.9999999403953552, f1_mean 1.0
root        : INFO             Network_User:    Train:    Allocated 0.0 GB Cached 0.3 GB
root        : INFO     

--------------------------
root        : INFO             Network_User:            Dataset motionsense network cnn_transformer lr 0.001 lr_optimizer 0.000125 Reshape False 
root        : INFO             Network_User:    Train:    epoch 9/15 batch 663/791 itera 7783 elapsed time 0.2736825942993164 best itera 7119
root        : INFO             Network_User:    Train:    loss 0.05506506562232971
root        : INFO             Network_User:    Train:    acc 0.92, f1_weighted 0.9222222566604614, f1_mean 0.8703703880310059
root        : INFO             Network_User:    Train:    Allocated 0.0 GB Cached 0.3 GB
root        : INFO     

--------------------------
root        : INFO             Network_User:            Dataset motionsense network cnn_transformer lr 0.001 lr_optimizer 0.000125 Reshape False 
root        : INFO             Network_User:    Train:    epoch 9/15 batch 702/791 itera 7822 elapsed time 0.21924090385437012 best itera 7119
root        : INFO             Network_User:    Train:    loss 0.04684997722506523
root        : INFO             Network_User:    Train:    acc 0.94, f1_weighted 0.940000057220459, f1_mean 0.9319444298744202
root        : INFO             Network_User:    Train:    Allocated 0.0 GB Cached 0.3 GB
root        : INFO     

--------------------------
root        : INFO             Network_User:            Dataset motionsense network cnn_transformer lr 0.001 lr_optimizer 0.000125 Reshape False 
root        : INFO             Network_User:    Train:    epoch 9/15 batch 741/791 itera 7861 elapsed time 0.15027523040771484 best itera 7119
root        : INFO             Network_User:    Train:    loss 0.02502460964024067
root        : INFO             Network_User:    Train:    acc 0.98, f1_weighted 0.9796655178070068, f1_mean 0.9799330830574036
root        : INFO             Network_User:    Train:    Allocated 0.0 GB Cached 0.3 GB
root        : INFO     

--------------------------
root        : INFO             Network_User:            Dataset motionsense network cnn_transformer lr 0.001 lr_optimizer 0.000125 Reshape False 
root        : INFO             Network_User:    Train:    epoch 9/15 batch 780/791 itera 7900 elapsed time 0.20759105682373047 best itera 7119
root        : INFO             Network_User:    Train:    loss 0.05128944292664528
root        : INFO             Network_User:    Train:    acc 0.92, f1_weighted 0.9161142110824585, f1_mean 0.8724542260169983
root        : INFO             Network_User:    Train:    Allocated 0.0 GB Cached 0.3 GB
root        : INFO     

--------------------------
root        : INFO     

root        : INFO             Network_User:        Validating
root        : INFO                 Metrics: Constructor
root        : INFO     

root        : INFO             Network_User:        Validating:    epoch 9 batch 790 itera 7910 elapsed time 41.426130056381226, best itera 7119
root        : INFO             Network_User:        Validating:    acc 0.9230133427795489, f1_weighted 0.9228619337081909, f1_mean 0.9059315323829651
root        : INFO     
        Network_User:    Train:    Training epoch 10
root        : INFO             Network_User:            Dataset motionsense network cnn_transformer lr 0.001 lr_optimizer 6.25e-05 Reshape False 
root        : INFO             Network_User:    Train:    epoch 10/15 batch 0/791 itera 7911 elapsed time 0.280902624130249 best itera 7119
root        : INFO             Network_User:    Train:    loss 0.04342382028698921
root        : INFO             Network_User:    Train:    acc 0.94, f1_weighted 0.9373332858085632, f1_mean 0.9000000357627869
root        : INFO             Network_User:    Train:    Allocated 0.0 GB Cached 0.3 GB
root        : INFO     

--------------------------
root        : INFO             Network_User:            Dataset motionsense network cnn_transformer lr 0.001 lr_optimizer 6.25e-05 Reshape False 
root        : INFO             Network_User:    Train:    epoch 10/15 batch 39/791 itera 7950 elapsed time 0.224365234375 best itera 7119
root        : INFO             Network_User:    Train:    loss 0.06300626695156097
root        : INFO             Network_User:    Train:    acc 0.96, f1_weighted 0.9606128931045532, f1_mean 0.7920174598693848
root        : INFO             Network_User:    Train:    Allocated 0.0 GB Cached 0.3 GB
root        : INFO     

--------------------------
root        : INFO             Network_User:            Dataset motionsense network cnn_transformer lr 0.001 lr_optimizer 6.25e-05 Reshape False 
root        : INFO             Network_User:    Train:    epoch 10/15 batch 78/791 itera 7989 elapsed time 0.1176295280456543 best itera 7119
root        : INFO             Network_User:    Train:    loss 0.013539774343371391
root        : INFO             Network_User:    Train:    acc 1.0, f1_weighted 1.0, f1_mean 1.0
root        : INFO             Network_User:    Train:    Allocated 0.0 GB Cached 0.3 GB
root        : INFO     

--------------------------
root        : INFO             Network_User:            Dataset motionsense network cnn_transformer lr 0.001 lr_optimizer 6.25e-05 Reshape False 
root        : INFO             Network_User:    Train:    epoch 10/15 batch 117/791 itera 8028 elapsed time 0.2979397773742676 best itera 7119
root        : INFO             Network_User:    Train:    loss 0.037022195756435394
root        : INFO             Network_User:    Train:    acc 0.94, f1_weighted 0.9398757815361023, f1_mean 0.9266735911369324
root        : INFO             Network_User:    Train:    Allocated 0.0 GB Cached 0.3 GB
root        : INFO     

--------------------------
root        : INFO             Network_User:            Dataset motionsense network cnn_transformer lr 0.001 lr_optimizer 6.25e-05 Reshape False 
root        : INFO             Network_User:    Train:    epoch 10/15 batch 156/791 itera 8067 elapsed time 0.16852283477783203 best itera 7119
root        : INFO             Network_User:    Train:    loss 0.07421387732028961
root        : INFO             Network_User:    Train:    acc 0.9, f1_weighted 0.898307204246521, f1_mean 0.8956374526023865
root        : INFO             Network_User:    Train:    Allocated 0.0 GB Cached 0.3 GB
root        : INFO     

--------------------------
root        : INFO             Network_User:            Dataset motionsense network cnn_transformer lr 0.001 lr_optimizer 6.25e-05 Reshape False 
root        : INFO             Network_User:    Train:    epoch 10/15 batch 195/791 itera 8106 elapsed time 0.2746572494506836 best itera 7119
root        : INFO             Network_User:    Train:    loss 0.024270525202155113
root        : INFO             Network_User:    Train:    acc 0.98, f1_weighted 0.9812307953834534, f1_mean 0.9538461565971375
root        : INFO             Network_User:    Train:    Allocated 0.0 GB Cached 0.3 GB
root        : INFO     

--------------------------
root        : INFO             Network_User:            Dataset motionsense network cnn_transformer lr 0.001 lr_optimizer 6.25e-05 Reshape False 
root        : INFO             Network_User:    Train:    epoch 10/15 batch 234/791 itera 8145 elapsed time 0.07114291191101074 best itera 7119
root        : INFO             Network_User:    Train:    loss 0.07133643329143524
root        : INFO             Network_User:    Train:    acc 0.92, f1_weighted 0.9219779968261719, f1_mean 0.877289354801178
root        : INFO             Network_User:    Train:    Allocated 0.0 GB Cached 0.3 GB
root        : INFO     

--------------------------
root        : INFO             Network_User:            Dataset motionsense network cnn_transformer lr 0.001 lr_optimizer 6.25e-05 Reshape False 
root        : INFO             Network_User:    Train:    epoch 10/15 batch 273/791 itera 8184 elapsed time 0.21393775939941406 best itera 7119
root        : INFO             Network_User:    Train:    loss 0.037595316767692566
root        : INFO             Network_User:    Train:    acc 0.94, f1_weighted 0.9398757815361023, f1_mean 0.9127846360206604
root        : INFO             Network_User:    Train:    Allocated 0.0 GB Cached 0.3 GB
root        : INFO     

--------------------------
root        : INFO             Network_User:            Dataset motionsense network cnn_transformer lr 0.001 lr_optimizer 6.25e-05 Reshape False 
root        : INFO             Network_User:    Train:    epoch 10/15 batch 312/791 itera 8223 elapsed time 0.08003354072570801 best itera 7119
root        : INFO             Network_User:    Train:    loss 0.03807159513235092
root        : INFO             Network_User:    Train:    acc 0.94, f1_weighted 0.9448889493942261, f1_mean 0.9148148894309998
root        : INFO             Network_User:    Train:    Allocated 0.0 GB Cached 0.3 GB
root        : INFO     

--------------------------
root        : INFO             Network_User:            Dataset motionsense network cnn_transformer lr 0.001 lr_optimizer 6.25e-05 Reshape False 
root        : INFO             Network_User:    Train:    epoch 10/15 batch 351/791 itera 8262 elapsed time 0.06292724609375 best itera 7119
root        : INFO             Network_User:    Train:    loss 0.023566268384456635
root        : INFO             Network_User:    Train:    acc 0.96, f1_weighted 0.9505882263183594, f1_mean 0.8026960492134094
root        : INFO             Network_User:    Train:    Allocated 0.0 GB Cached 0.3 GB
root        : INFO     

--------------------------
root        : INFO             Network_User:            Dataset motionsense network cnn_transformer lr 0.001 lr_optimizer 6.25e-05 Reshape False 
root        : INFO             Network_User:    Train:    epoch 10/15 batch 390/791 itera 8301 elapsed time 0.2065420150756836 best itera 7119
root        : INFO             Network_User:    Train:    loss 0.040121935307979584
root        : INFO             Network_User:    Train:    acc 0.96, f1_weighted 0.9583982825279236, f1_mean 0.9433622360229492
root        : INFO             Network_User:    Train:    Allocated 0.0 GB Cached 0.3 GB
root        : INFO     

--------------------------
root        : INFO             Network_User:            Dataset motionsense network cnn_transformer lr 0.001 lr_optimizer 6.25e-05 Reshape False 
root        : INFO             Network_User:    Train:    epoch 10/15 batch 429/791 itera 8340 elapsed time 0.37270498275756836 best itera 7119
root        : INFO             Network_User:    Train:    loss 0.07716317474842072
root        : INFO             Network_User:    Train:    acc 0.86, f1_weighted 0.8541793823242188, f1_mean 0.7933339476585388
root        : INFO             Network_User:    Train:    Allocated 0.0 GB Cached 0.3 GB
root        : INFO     

--------------------------
root        : INFO             Network_User:            Dataset motionsense network cnn_transformer lr 0.001 lr_optimizer 6.25e-05 Reshape False 
root        : INFO             Network_User:    Train:    epoch 10/15 batch 468/791 itera 8379 elapsed time 0.11927413940429688 best itera 7119
root        : INFO             Network_User:    Train:    loss 0.04141969978809357
root        : INFO             Network_User:    Train:    acc 0.94, f1_weighted 0.9362876415252686, f1_mean 0.9050109386444092
root        : INFO             Network_User:    Train:    Allocated 0.0 GB Cached 0.3 GB
root        : INFO     

--------------------------
root        : INFO             Network_User:            Dataset motionsense network cnn_transformer lr 0.001 lr_optimizer 6.25e-05 Reshape False 
root        : INFO             Network_User:    Train:    epoch 10/15 batch 507/791 itera 8418 elapsed time 0.24685192108154297 best itera 7119
root        : INFO             Network_User:    Train:    loss 0.05966881662607193
root        : INFO             Network_User:    Train:    acc 0.96, f1_weighted 0.9595926403999329, f1_mean 0.9446784853935242
root        : INFO             Network_User:    Train:    Allocated 0.0 GB Cached 0.3 GB
root        : INFO     

--------------------------
root        : INFO             Network_User:            Dataset motionsense network cnn_transformer lr 0.001 lr_optimizer 6.25e-05 Reshape False 
root        : INFO             Network_User:    Train:    epoch 10/15 batch 546/791 itera 8457 elapsed time 0.16325044631958008 best itera 7119
root        : INFO             Network_User:    Train:    loss 0.08212468028068542
root        : INFO             Network_User:    Train:    acc 0.9, f1_weighted 0.8999494910240173, f1_mean 0.866582453250885
root        : INFO             Network_User:    Train:    Allocated 0.0 GB Cached 0.3 GB
root        : INFO     

--------------------------
root        : INFO             Network_User:            Dataset motionsense network cnn_transformer lr 0.001 lr_optimizer 6.25e-05 Reshape False 
root        : INFO             Network_User:    Train:    epoch 10/15 batch 585/791 itera 8496 elapsed time 0.24415373802185059 best itera 7119
root        : INFO             Network_User:    Train:    loss 0.07169482111930847
root        : INFO             Network_User:    Train:    acc 0.9, f1_weighted 0.9069803953170776, f1_mean 0.8720588684082031
root        : INFO             Network_User:    Train:    Allocated 0.0 GB Cached 0.3 GB
root        : INFO     

--------------------------
root        : INFO             Network_User:            Dataset motionsense network cnn_transformer lr 0.001 lr_optimizer 6.25e-05 Reshape False 
root        : INFO             Network_User:    Train:    epoch 10/15 batch 624/791 itera 8535 elapsed time 0.2278604507446289 best itera 7119
root        : INFO             Network_User:    Train:    loss 0.022987177595496178
root        : INFO             Network_User:    Train:    acc 0.98, f1_weighted 0.9805229306221008, f1_mean 0.9716775417327881
root        : INFO             Network_User:    Train:    Allocated 0.0 GB Cached 0.3 GB
root        : INFO     

--------------------------
root        : INFO             Network_User:            Dataset motionsense network cnn_transformer lr 0.001 lr_optimizer 6.25e-05 Reshape False 
root        : INFO             Network_User:    Train:    epoch 10/15 batch 663/791 itera 8574 elapsed time 0.23174738883972168 best itera 7119
root        : INFO             Network_User:    Train:    loss 0.06803996115922928
root        : INFO             Network_User:    Train:    acc 0.9, f1_weighted 0.8974384069442749, f1_mean 0.8665025234222412
root        : INFO             Network_User:    Train:    Allocated 0.0 GB Cached 0.3 GB
root        : INFO     

--------------------------
root        : INFO             Network_User:            Dataset motionsense network cnn_transformer lr 0.001 lr_optimizer 6.25e-05 Reshape False 
root        : INFO             Network_User:    Train:    epoch 10/15 batch 702/791 itera 8613 elapsed time 0.14438152313232422 best itera 7119
root        : INFO             Network_User:    Train:    loss 0.08219707757234573
root        : INFO             Network_User:    Train:    acc 0.9, f1_weighted 0.8870428204536438, f1_mean 0.8514454960823059
root        : INFO             Network_User:    Train:    Allocated 0.0 GB Cached 0.3 GB
root        : INFO     

--------------------------
root        : INFO             Network_User:            Dataset motionsense network cnn_transformer lr 0.001 lr_optimizer 6.25e-05 Reshape False 
root        : INFO             Network_User:    Train:    epoch 10/15 batch 741/791 itera 8652 elapsed time 0.11349701881408691 best itera 7119
root        : INFO             Network_User:    Train:    loss 0.05887007713317871
root        : INFO             Network_User:    Train:    acc 0.92, f1_weighted 0.9018181562423706, f1_mean 0.7871572971343994
root        : INFO             Network_User:    Train:    Allocated 0.0 GB Cached 0.3 GB
root        : INFO     

--------------------------
root        : INFO             Network_User:            Dataset motionsense network cnn_transformer lr 0.001 lr_optimizer 6.25e-05 Reshape False 
root        : INFO             Network_User:    Train:    epoch 10/15 batch 780/791 itera 8691 elapsed time 0.33446264266967773 best itera 7119
root        : INFO             Network_User:    Train:    loss 0.014966790564358234
root        : INFO             Network_User:    Train:    acc 1.0, f1_weighted 0.9999999403953552, f1_mean 1.0
root        : INFO             Network_User:    Train:    Allocated 0.0 GB Cached 0.3 GB
root        : INFO     

--------------------------
root        : INFO     

root        : INFO             Network_User:        Validating
root        : INFO                 Metrics: Constructor
root        : INFO     

root        : INFO             Network_User:        Validating:    epoch 10 batch 790 itera 8701 elapsed time 45.68055200576782, best itera 7119
root        : INFO             Network_User:        Validating:    acc 0.9352934230723816, f1_weighted 0.9350733757019043, f1_mean 0.9188897609710693
root        : INFO             Network_User:            Saving the network
root        : INFO     
        Network_User:    Train:    Training epoch 11
root        : INFO             Network_User:            Dataset motionsense network cnn_transformer lr 0.001 lr_optimizer 6.25e-05 Reshape False 
root        : INFO             Network_User:    Train:    epoch 11/15 batch 0/791 itera 8702 elapsed time 0.07200860977172852 best itera 8701
root        : INFO             Network_User:    Train:    loss 0.08042614907026291
root        : INFO             Network_User:    Train:    acc 0.9, f1_weighted 0.9005154371261597, f1_mean 0.8828898072242737
root        : INFO             Network_User:    Train:    Allocated 0.0 GB Cached 0.3 GB
root        : INFO     

--------------------------
root        : INFO             Network_User:            Dataset motionsense network cnn_transformer lr 0.001 lr_optimizer 6.25e-05 Reshape False 
root        : INFO             Network_User:    Train:    epoch 11/15 batch 39/791 itera 8741 elapsed time 0.176422119140625 best itera 8701
root        : INFO             Network_User:    Train:    loss 0.05424259975552559
root        : INFO             Network_User:    Train:    acc 0.92, f1_weighted 0.9214999675750732, f1_mean 0.9073718190193176
root        : INFO             Network_User:    Train:    Allocated 0.0 GB Cached 0.3 GB
root        : INFO     

--------------------------
root        : INFO             Network_User:            Dataset motionsense network cnn_transformer lr 0.001 lr_optimizer 6.25e-05 Reshape False 
root        : INFO             Network_User:    Train:    epoch 11/15 batch 78/791 itera 8780 elapsed time 0.29781603813171387 best itera 8701
root        : INFO             Network_User:    Train:    loss 0.08125409483909607
root        : INFO             Network_User:    Train:    acc 0.92, f1_weighted 0.9154385924339294, f1_mean 0.8926900029182434
root        : INFO             Network_User:    Train:    Allocated 0.0 GB Cached 0.3 GB
root        : INFO     

--------------------------
root        : INFO             Network_User:            Dataset motionsense network cnn_transformer lr 0.001 lr_optimizer 6.25e-05 Reshape False 
root        : INFO             Network_User:    Train:    epoch 11/15 batch 117/791 itera 8819 elapsed time 0.1887824535369873 best itera 8701
root        : INFO             Network_User:    Train:    loss 0.032146163284778595
root        : INFO             Network_User:    Train:    acc 0.96, f1_weighted 0.9607992172241211, f1_mean 0.9482185244560242
root        : INFO             Network_User:    Train:    Allocated 0.0 GB Cached 0.3 GB
root        : INFO     

--------------------------
root        : INFO             Network_User:            Dataset motionsense network cnn_transformer lr 0.001 lr_optimizer 6.25e-05 Reshape False 
root        : INFO             Network_User:    Train:    epoch 11/15 batch 156/791 itera 8858 elapsed time 0.1346297264099121 best itera 8701
root        : INFO             Network_User:    Train:    loss 0.06092243641614914
root        : INFO             Network_User:    Train:    acc 0.9, f1_weighted 0.8999744057655334, f1_mean 0.891110360622406
root        : INFO             Network_User:    Train:    Allocated 0.0 GB Cached 0.3 GB
root        : INFO     

--------------------------
root        : INFO             Network_User:            Dataset motionsense network cnn_transformer lr 0.001 lr_optimizer 6.25e-05 Reshape False 
root        : INFO             Network_User:    Train:    epoch 11/15 batch 195/791 itera 8897 elapsed time 0.14560914039611816 best itera 8701
root        : INFO             Network_User:    Train:    loss 0.07088281959295273
root        : INFO             Network_User:    Train:    acc 0.94, f1_weighted 0.9410581588745117, f1_mean 0.8811287879943848
root        : INFO             Network_User:    Train:    Allocated 0.0 GB Cached 0.3 GB
root        : INFO     

--------------------------
root        : INFO             Network_User:            Dataset motionsense network cnn_transformer lr 0.001 lr_optimizer 6.25e-05 Reshape False 
root        : INFO             Network_User:    Train:    epoch 11/15 batch 234/791 itera 8936 elapsed time 0.31200504302978516 best itera 8701
root        : INFO             Network_User:    Train:    loss 0.037573326379060745
root        : INFO             Network_User:    Train:    acc 0.96, f1_weighted 0.9603704214096069, f1_mean 0.9104938507080078
root        : INFO             Network_User:    Train:    Allocated 0.0 GB Cached 0.3 GB
root        : INFO     

--------------------------
root        : INFO             Network_User:            Dataset motionsense network cnn_transformer lr 0.001 lr_optimizer 6.25e-05 Reshape False 
root        : INFO             Network_User:    Train:    epoch 11/15 batch 273/791 itera 8975 elapsed time 0.17004036903381348 best itera 8701
root        : INFO             Network_User:    Train:    loss 0.015727339312434196
root        : INFO             Network_User:    Train:    acc 1.0, f1_weighted 1.0, f1_mean 1.0
root        : INFO             Network_User:    Train:    Allocated 0.0 GB Cached 0.3 GB
root        : INFO     

--------------------------
root        : INFO             Network_User:            Dataset motionsense network cnn_transformer lr 0.001 lr_optimizer 6.25e-05 Reshape False 
root        : INFO             Network_User:    Train:    epoch 11/15 batch 312/791 itera 9014 elapsed time 0.2867445945739746 best itera 8701
root        : INFO             Network_User:    Train:    loss 0.05866079032421112
root        : INFO             Network_User:    Train:    acc 0.94, f1_weighted 0.9357216358184814, f1_mean 0.8808302879333496
root        : INFO             Network_User:    Train:    Allocated 0.0 GB Cached 0.3 GB
root        : INFO     

--------------------------
root        : INFO             Network_User:            Dataset motionsense network cnn_transformer lr 0.001 lr_optimizer 6.25e-05 Reshape False 
root        : INFO             Network_User:    Train:    epoch 11/15 batch 351/791 itera 9053 elapsed time 0.08137273788452148 best itera 8701
root        : INFO             Network_User:    Train:    loss 0.059570714831352234
root        : INFO             Network_User:    Train:    acc 0.94, f1_weighted 0.9375166296958923, f1_mean 0.9298949837684631
root        : INFO             Network_User:    Train:    Allocated 0.0 GB Cached 0.3 GB
root        : INFO     

--------------------------
root        : INFO             Network_User:            Dataset motionsense network cnn_transformer lr 0.001 lr_optimizer 6.25e-05 Reshape False 
root        : INFO             Network_User:    Train:    epoch 11/15 batch 390/791 itera 9092 elapsed time 0.19882464408874512 best itera 8701
root        : INFO             Network_User:    Train:    loss 0.059518419206142426
root        : INFO             Network_User:    Train:    acc 0.92, f1_weighted 0.9180827140808105, f1_mean 0.9031753540039062
root        : INFO             Network_User:    Train:    Allocated 0.0 GB Cached 0.3 GB
root        : INFO     

--------------------------
root        : INFO             Network_User:            Dataset motionsense network cnn_transformer lr 0.001 lr_optimizer 6.25e-05 Reshape False 
root        : INFO             Network_User:    Train:    epoch 11/15 batch 429/791 itera 9131 elapsed time 0.24486970901489258 best itera 8701
root        : INFO             Network_User:    Train:    loss 0.04320567101240158
root        : INFO             Network_User:    Train:    acc 0.94, f1_weighted 0.9399234056472778, f1_mean 0.9404305815696716
root        : INFO             Network_User:    Train:    Allocated 0.0 GB Cached 0.3 GB
root        : INFO     

--------------------------
root        : INFO             Network_User:            Dataset motionsense network cnn_transformer lr 0.001 lr_optimizer 6.25e-05 Reshape False 
root        : INFO             Network_User:    Train:    epoch 11/15 batch 468/791 itera 9170 elapsed time 0.16091585159301758 best itera 8701
root        : INFO             Network_User:    Train:    loss 0.051821112632751465
root        : INFO             Network_User:    Train:    acc 0.9, f1_weighted 0.8971971273422241, f1_mean 0.865880012512207
root        : INFO             Network_User:    Train:    Allocated 0.0 GB Cached 0.3 GB
root        : INFO     

--------------------------
root        : INFO             Network_User:            Dataset motionsense network cnn_transformer lr 0.001 lr_optimizer 6.25e-05 Reshape False 
root        : INFO             Network_User:    Train:    epoch 11/15 batch 507/791 itera 9209 elapsed time 0.35073423385620117 best itera 8701
root        : INFO             Network_User:    Train:    loss 0.04282469302415848
root        : INFO             Network_User:    Train:    acc 0.96, f1_weighted 0.9589715003967285, f1_mean 0.9438828825950623
root        : INFO             Network_User:    Train:    Allocated 0.0 GB Cached 0.3 GB
root        : INFO     

--------------------------
root        : INFO             Network_User:            Dataset motionsense network cnn_transformer lr 0.001 lr_optimizer 6.25e-05 Reshape False 
root        : INFO             Network_User:    Train:    epoch 11/15 batch 546/791 itera 9248 elapsed time 0.44083404541015625 best itera 8701
root        : INFO             Network_User:    Train:    loss 0.0491919219493866
root        : INFO             Network_User:    Train:    acc 0.96, f1_weighted 0.9584348201751709, f1_mean 0.9460869431495667
root        : INFO             Network_User:    Train:    Allocated 0.0 GB Cached 0.3 GB
root        : INFO     

--------------------------
root        : INFO             Network_User:            Dataset motionsense network cnn_transformer lr 0.001 lr_optimizer 6.25e-05 Reshape False 
root        : INFO             Network_User:    Train:    epoch 11/15 batch 585/791 itera 9287 elapsed time 0.2826247215270996 best itera 8701
root        : INFO             Network_User:    Train:    loss 0.0594741590321064
root        : INFO             Network_User:    Train:    acc 0.94, f1_weighted 0.9441201090812683, f1_mean 0.9356546401977539
root        : INFO             Network_User:    Train:    Allocated 0.0 GB Cached 0.3 GB
root        : INFO     

--------------------------
root        : INFO             Network_User:            Dataset motionsense network cnn_transformer lr 0.001 lr_optimizer 6.25e-05 Reshape False 
root        : INFO             Network_User:    Train:    epoch 11/15 batch 624/791 itera 9326 elapsed time 0.05880618095397949 best itera 8701
root        : INFO             Network_User:    Train:    loss 0.07599277794361115
root        : INFO             Network_User:    Train:    acc 0.92, f1_weighted 0.9102234244346619, f1_mean 0.8696103692054749
root        : INFO             Network_User:    Train:    Allocated 0.0 GB Cached 0.3 GB
root        : INFO     

--------------------------
root        : INFO             Network_User:            Dataset motionsense network cnn_transformer lr 0.001 lr_optimizer 6.25e-05 Reshape False 
root        : INFO             Network_User:    Train:    epoch 11/15 batch 663/791 itera 9365 elapsed time 0.18858742713928223 best itera 8701
root        : INFO             Network_User:    Train:    loss 0.05565517023205757
root        : INFO             Network_User:    Train:    acc 0.92, f1_weighted 0.9176898002624512, f1_mean 0.918134868144989
root        : INFO             Network_User:    Train:    Allocated 0.0 GB Cached 0.3 GB
root        : INFO     

--------------------------
root        : INFO             Network_User:            Dataset motionsense network cnn_transformer lr 0.001 lr_optimizer 6.25e-05 Reshape False 
root        : INFO             Network_User:    Train:    epoch 11/15 batch 702/791 itera 9404 elapsed time 0.16073870658874512 best itera 8701
root        : INFO             Network_User:    Train:    loss 0.07345494627952576
root        : INFO             Network_User:    Train:    acc 0.94, f1_weighted 0.9378870725631714, f1_mean 0.9395370483398438
root        : INFO             Network_User:    Train:    Allocated 0.0 GB Cached 0.3 GB
root        : INFO     

--------------------------
root        : INFO             Network_User:            Dataset motionsense network cnn_transformer lr 0.001 lr_optimizer 6.25e-05 Reshape False 
root        : INFO             Network_User:    Train:    epoch 11/15 batch 741/791 itera 9443 elapsed time 0.25960803031921387 best itera 8701
root        : INFO             Network_User:    Train:    loss 0.05121716856956482
root        : INFO             Network_User:    Train:    acc 0.92, f1_weighted 0.9174118041992188, f1_mean 0.9176470637321472
root        : INFO             Network_User:    Train:    Allocated 0.0 GB Cached 0.3 GB
root        : INFO     

--------------------------
root        : INFO             Network_User:            Dataset motionsense network cnn_transformer lr 0.001 lr_optimizer 6.25e-05 Reshape False 
root        : INFO             Network_User:    Train:    epoch 11/15 batch 780/791 itera 9482 elapsed time 0.2254624366760254 best itera 8701
root        : INFO             Network_User:    Train:    loss 0.020788300782442093
root        : INFO             Network_User:    Train:    acc 0.96, f1_weighted 0.9599999785423279, f1_mean 0.9663299918174744
root        : INFO             Network_User:    Train:    Allocated 0.0 GB Cached 0.3 GB
root        : INFO     

--------------------------
root        : INFO     

root        : INFO             Network_User:        Validating
root        : INFO                 Metrics: Constructor
root        : INFO     

root        : INFO             Network_User:        Validating:    epoch 11 batch 790 itera 9492 elapsed time 54.84844517707825, best itera 8701
root        : INFO             Network_User:        Validating:    acc 0.9316330145235565, f1_weighted 0.9308337569236755, f1_mean 0.9142863154411316
root        : INFO     
        Network_User:    Train:    Training epoch 12
root        : INFO             Network_User:            Dataset motionsense network cnn_transformer lr 0.001 lr_optimizer 6.25e-05 Reshape False 
root        : INFO             Network_User:    Train:    epoch 12/15 batch 0/791 itera 9493 elapsed time 0.39789295196533203 best itera 8701
root        : INFO             Network_User:    Train:    loss 0.07176974415779114
root        : INFO             Network_User:    Train:    acc 0.86, f1_weighted 0.8525319695472717, f1_mean 0.8070146441459656
root        : INFO             Network_User:    Train:    Allocated 0.0 GB Cached 0.3 GB
root        : INFO     

--------------------------
root        : INFO             Network_User:            Dataset motionsense network cnn_transformer lr 0.001 lr_optimizer 6.25e-05 Reshape False 
root        : INFO             Network_User:    Train:    epoch 12/15 batch 39/791 itera 9532 elapsed time 0.2358846664428711 best itera 8701
root        : INFO             Network_User:    Train:    loss 0.059857796877622604
root        : INFO             Network_User:    Train:    acc 0.96, f1_weighted 0.959300696849823, f1_mean 0.960125744342804
root        : INFO             Network_User:    Train:    Allocated 0.0 GB Cached 0.3 GB
root        : INFO     

--------------------------
root        : INFO             Network_User:            Dataset motionsense network cnn_transformer lr 0.001 lr_optimizer 6.25e-05 Reshape False 
root        : INFO             Network_User:    Train:    epoch 12/15 batch 78/791 itera 9571 elapsed time 0.11075377464294434 best itera 8701
root        : INFO             Network_User:    Train:    loss 0.022949740290641785
root        : INFO             Network_User:    Train:    acc 0.98, f1_weighted 0.9800784587860107, f1_mean 0.9790849685668945
root        : INFO             Network_User:    Train:    Allocated 0.0 GB Cached 0.3 GB
root        : INFO     

--------------------------
root        : INFO             Network_User:            Dataset motionsense network cnn_transformer lr 0.001 lr_optimizer 6.25e-05 Reshape False 
root        : INFO             Network_User:    Train:    epoch 12/15 batch 117/791 itera 9610 elapsed time 0.05464029312133789 best itera 8701
root        : INFO             Network_User:    Train:    loss 0.017377205193042755
root        : INFO             Network_User:    Train:    acc 1.0, f1_weighted 1.0, f1_mean 1.0
root        : INFO             Network_User:    Train:    Allocated 0.0 GB Cached 0.3 GB
root        : INFO     

--------------------------
root        : INFO             Network_User:            Dataset motionsense network cnn_transformer lr 0.001 lr_optimizer 6.25e-05 Reshape False 
root        : INFO             Network_User:    Train:    epoch 12/15 batch 156/791 itera 9649 elapsed time 0.05304360389709473 best itera 8701
root        : INFO             Network_User:    Train:    loss 0.1175951287150383
root        : INFO             Network_User:    Train:    acc 0.86, f1_weighted 0.8604413270950317, f1_mean 0.8312873244285583
root        : INFO             Network_User:    Train:    Allocated 0.0 GB Cached 0.3 GB
root        : INFO     

--------------------------
root        : INFO             Network_User:            Dataset motionsense network cnn_transformer lr 0.001 lr_optimizer 6.25e-05 Reshape False 
root        : INFO             Network_User:    Train:    epoch 12/15 batch 195/791 itera 9688 elapsed time 0.3343954086303711 best itera 8701
root        : INFO             Network_User:    Train:    loss 0.052894070744514465
root        : INFO             Network_User:    Train:    acc 0.94, f1_weighted 0.9381817579269409, f1_mean 0.9242424368858337
root        : INFO             Network_User:    Train:    Allocated 0.0 GB Cached 0.3 GB
root        : INFO     

--------------------------
root        : INFO             Network_User:            Dataset motionsense network cnn_transformer lr 0.001 lr_optimizer 6.25e-05 Reshape False 
root        : INFO             Network_User:    Train:    epoch 12/15 batch 234/791 itera 9727 elapsed time 0.054650068283081055 best itera 8701
root        : INFO             Network_User:    Train:    loss 0.11272062361240387
root        : INFO             Network_User:    Train:    acc 0.88, f1_weighted 0.8780529499053955, f1_mean 0.8530786037445068
root        : INFO             Network_User:    Train:    Allocated 0.0 GB Cached 0.3 GB
root        : INFO     

--------------------------
root        : INFO             Network_User:            Dataset motionsense network cnn_transformer lr 0.001 lr_optimizer 6.25e-05 Reshape False 
root        : INFO             Network_User:    Train:    epoch 12/15 batch 273/791 itera 9766 elapsed time 0.09071636199951172 best itera 8701
root        : INFO             Network_User:    Train:    loss 0.04281037300825119
root        : INFO             Network_User:    Train:    acc 0.92, f1_weighted 0.9235481023788452, f1_mean 0.8924694061279297
root        : INFO             Network_User:    Train:    Allocated 0.0 GB Cached 0.3 GB
root        : INFO     

--------------------------
root        : INFO             Network_User:            Dataset motionsense network cnn_transformer lr 0.001 lr_optimizer 6.25e-05 Reshape False 
root        : INFO             Network_User:    Train:    epoch 12/15 batch 312/791 itera 9805 elapsed time 0.05519676208496094 best itera 8701
root        : INFO             Network_User:    Train:    loss 0.08450178802013397
root        : INFO             Network_User:    Train:    acc 0.9, f1_weighted 0.8931949734687805, f1_mean 0.8515737652778625
root        : INFO             Network_User:    Train:    Allocated 0.0 GB Cached 0.3 GB
root        : INFO     

--------------------------
root        : INFO             Network_User:            Dataset motionsense network cnn_transformer lr 0.001 lr_optimizer 6.25e-05 Reshape False 
root        : INFO             Network_User:    Train:    epoch 12/15 batch 351/791 itera 9844 elapsed time 0.19145584106445312 best itera 8701
root        : INFO             Network_User:    Train:    loss 0.0788094624876976
root        : INFO             Network_User:    Train:    acc 0.88, f1_weighted 0.8726316094398499, f1_mean 0.8172515034675598
root        : INFO             Network_User:    Train:    Allocated 0.0 GB Cached 0.3 GB
root        : INFO     

--------------------------
root        : INFO             Network_User:            Dataset motionsense network cnn_transformer lr 0.001 lr_optimizer 6.25e-05 Reshape False 
root        : INFO             Network_User:    Train:    epoch 12/15 batch 390/791 itera 9883 elapsed time 0.06784248352050781 best itera 8701
root        : INFO             Network_User:    Train:    loss 0.0290742926299572
root        : INFO             Network_User:    Train:    acc 0.94, f1_weighted 0.9406592845916748, f1_mean 0.9217032790184021
root        : INFO             Network_User:    Train:    Allocated 0.0 GB Cached 0.3 GB
root        : INFO     

--------------------------
root        : INFO             Network_User:            Dataset motionsense network cnn_transformer lr 0.001 lr_optimizer 6.25e-05 Reshape False 
root        : INFO             Network_User:    Train:    epoch 12/15 batch 429/791 itera 9922 elapsed time 0.058859825134277344 best itera 8701
root        : INFO             Network_User:    Train:    loss 0.05923636257648468
root        : INFO             Network_User:    Train:    acc 0.92, f1_weighted 0.9177275896072388, f1_mean 0.9071542620658875
root        : INFO             Network_User:    Train:    Allocated 0.0 GB Cached 0.3 GB
root        : INFO     

--------------------------
root        : INFO             Network_User:            Dataset motionsense network cnn_transformer lr 0.001 lr_optimizer 6.25e-05 Reshape False 
root        : INFO             Network_User:    Train:    epoch 12/15 batch 468/791 itera 9961 elapsed time 0.058245182037353516 best itera 8701
root        : INFO             Network_User:    Train:    loss 0.059273429214954376
root        : INFO             Network_User:    Train:    acc 0.94, f1_weighted 0.9384239912033081, f1_mean 0.9493433833122253
root        : INFO             Network_User:    Train:    Allocated 0.0 GB Cached 0.3 GB
root        : INFO     

--------------------------
root        : INFO             Network_User:            Dataset motionsense network cnn_transformer lr 0.001 lr_optimizer 6.25e-05 Reshape False 
root        : INFO             Network_User:    Train:    epoch 12/15 batch 507/791 itera 10000 elapsed time 0.338655948638916 best itera 8701
root        : INFO             Network_User:    Train:    loss 0.07174240797758102
root        : INFO             Network_User:    Train:    acc 0.9, f1_weighted 0.8968410491943359, f1_mean 0.8859829306602478
root        : INFO             Network_User:    Train:    Allocated 0.0 GB Cached 0.3 GB
root        : INFO     

--------------------------
root        : INFO             Network_User:            Dataset motionsense network cnn_transformer lr 0.001 lr_optimizer 6.25e-05 Reshape False 
root        : INFO             Network_User:    Train:    epoch 12/15 batch 546/791 itera 10039 elapsed time 0.2215900421142578 best itera 8701
root        : INFO             Network_User:    Train:    loss 0.04089057445526123
root        : INFO             Network_User:    Train:    acc 0.96, f1_weighted 0.9597570896148682, f1_mean 0.9561853408813477
root        : INFO             Network_User:    Train:    Allocated 0.0 GB Cached 0.3 GB
root        : INFO     

--------------------------
root        : INFO             Network_User:            Dataset motionsense network cnn_transformer lr 0.001 lr_optimizer 6.25e-05 Reshape False 
root        : INFO             Network_User:    Train:    epoch 12/15 batch 585/791 itera 10078 elapsed time 0.2628927230834961 best itera 8701
root        : INFO             Network_User:    Train:    loss 0.04492281749844551
root        : INFO             Network_User:    Train:    acc 0.96, f1_weighted 0.957091748714447, f1_mean 0.9484698176383972
root        : INFO             Network_User:    Train:    Allocated 0.0 GB Cached 0.3 GB
root        : INFO     

--------------------------
root        : INFO             Network_User:            Dataset motionsense network cnn_transformer lr 0.001 lr_optimizer 6.25e-05 Reshape False 
root        : INFO             Network_User:    Train:    epoch 12/15 batch 624/791 itera 10117 elapsed time 0.2041311264038086 best itera 8701
root        : INFO             Network_User:    Train:    loss 0.05610637366771698
root        : INFO             Network_User:    Train:    acc 0.94, f1_weighted 0.9417173862457275, f1_mean 0.922330379486084
root        : INFO             Network_User:    Train:    Allocated 0.0 GB Cached 0.3 GB
root        : INFO     

--------------------------
root        : INFO             Network_User:            Dataset motionsense network cnn_transformer lr 0.001 lr_optimizer 6.25e-05 Reshape False 
root        : INFO             Network_User:    Train:    epoch 12/15 batch 663/791 itera 10156 elapsed time 0.23564672470092773 best itera 8701
root        : INFO             Network_User:    Train:    loss 0.05204596370458603
root        : INFO             Network_User:    Train:    acc 0.92, f1_weighted 0.9179586172103882, f1_mean 0.8570985198020935
root        : INFO             Network_User:    Train:    Allocated 0.0 GB Cached 0.3 GB
root        : INFO     

--------------------------
root        : INFO             Network_User:            Dataset motionsense network cnn_transformer lr 0.001 lr_optimizer 6.25e-05 Reshape False 
root        : INFO             Network_User:    Train:    epoch 12/15 batch 702/791 itera 10195 elapsed time 0.1334526538848877 best itera 8701
root        : INFO             Network_User:    Train:    loss 0.04903385788202286
root        : INFO             Network_User:    Train:    acc 0.96, f1_weighted 0.9575689435005188, f1_mean 0.9237677454948425
root        : INFO             Network_User:    Train:    Allocated 0.0 GB Cached 0.3 GB
root        : INFO     

--------------------------
root        : INFO             Network_User:            Dataset motionsense network cnn_transformer lr 0.001 lr_optimizer 6.25e-05 Reshape False 
root        : INFO             Network_User:    Train:    epoch 12/15 batch 741/791 itera 10234 elapsed time 0.28882503509521484 best itera 8701
root        : INFO             Network_User:    Train:    loss 0.06637509167194366
root        : INFO             Network_User:    Train:    acc 0.88, f1_weighted 0.8820512294769287, f1_mean 0.872649610042572
root        : INFO             Network_User:    Train:    Allocated 0.0 GB Cached 0.3 GB
root        : INFO     

--------------------------
root        : INFO             Network_User:            Dataset motionsense network cnn_transformer lr 0.001 lr_optimizer 6.25e-05 Reshape False 
root        : INFO             Network_User:    Train:    epoch 12/15 batch 780/791 itera 10273 elapsed time 0.1782855987548828 best itera 8701
root        : INFO             Network_User:    Train:    loss 0.056064944714307785
root        : INFO             Network_User:    Train:    acc 0.94, f1_weighted 0.9468570947647095, f1_mean 0.8952381014823914
root        : INFO             Network_User:    Train:    Allocated 0.0 GB Cached 0.3 GB
root        : INFO     

--------------------------
root        : INFO     

root        : INFO             Network_User:        Validating
root        : INFO                 Metrics: Constructor
root        : INFO     

root        : INFO             Network_User:        Validating:    epoch 12 batch 790 itera 10283 elapsed time 47.27002143859863, best itera 8701
root        : INFO             Network_User:        Validating:    acc 0.9363561223284922, f1_weighted 0.935929000377655, f1_mean 0.9198207855224609
root        : INFO             Network_User:            Saving the network
ICPR 2024   : ERROR    Failed after 4:17:36!
Traceback (most recent call last):
  File "<string>", line 1, in <module>
  File "/home/nnair/tsdata_augmentation/queue_assistant.py", line 485, in start_experiment
    assistant._start_experiment(exp)
  File "/home/nnair/tsdata_augmentation/queue_assistant.py", line 257, in _start_experiment
    ex.run(config_updates=queued_exp['config'], options=options)
  File "/home/nnair/miniconda3/envs/py311_pt212/lib/python3.11/site-packages/sacred/experiment.py", line 276, in run
    run()
  File "/home/nnair/miniconda3/envs/py311_pt212/lib/python3.11/site-packages/sacred/run.py", line 238, in __call__
    self.result = self.main_function(*args)
                  ^^^^^^^^^^^^^^^^^^^^^^^^^
  File "/home/nnair/miniconda3/envs/py311_pt212/lib/python3.11/site-packages/sacred/config/captured_function.py", line 42, in captured_function
    result = wrapped(*args, **kwargs)
             ^^^^^^^^^^^^^^^^^^^^^^^^
  File "/home/nnair/tsdata_augmentation/main.py", line 442, in run
    modus.net_modus()
  File "/home/nnair/tsdata_augmentation/modus_selecter.py", line 237, in net_modus
    self.train(itera=self.config['repetitions'], testing=True)
  File "/home/nnair/tsdata_augmentation/modus_selecter.py", line 142, in train
    results_train, confusion_matrix_train, best_itera = self.network.evolution_evaluation(ea_iter=iter_evl)
                                                        ^^^^^^^^^^^^^^^^^^^^^^^^^^^^^^^^^^^^^^^^^^^^^^^^^^^
  File "/home/nnair/tsdata_augmentation/network_user.py", line 1414, in evolution_evaluation
    results, best_itera = self.train(ea_iter)
                          ^^^^^^^^^^^^^^^^^^^
  File "/home/nnair/tsdata_augmentation/network_user.py", line 993, in train
    torch.save({'state_dict': network_obj.state_dict(),
  File "/home/nnair/miniconda3/envs/py311_pt212/lib/python3.11/site-packages/torch/serialization.py", line 618, in save
    with _open_zipfile_writer(f) as opened_zipfile:
         ^^^^^^^^^^^^^^^^^^^^^^^
  File "/home/nnair/miniconda3/envs/py311_pt212/lib/python3.11/site-packages/torch/serialization.py", line 492, in _open_zipfile_writer
    return container(name_or_buffer)
           ^^^^^^^^^^^^^^^^^^^^^^^^^
  File "/home/nnair/miniconda3/envs/py311_pt212/lib/python3.11/site-packages/torch/serialization.py", line 463, in __init__
    super().__init__(torch._C.PyTorchFileWriter(self.name))
                     ^^^^^^^^^^^^^^^^^^^^^^^^^^^^^^^^^^^^^
RuntimeError: Parent directory /data/nnair/icpr2024/debug/motionsense/results/1 does not exist.

ERROR conda.cli.main_run:execute(124): `conda run nice python3 -c from queue_assistant import start_experiment; start_experiment() -exp_id 2668` failed. (See above for error)
configuration function began
Preparing DataFrame for MotionSense train
Parsing 360 files...
Building index on the whole dataframe
Logging every 39 batches (every 5.0\%)
Training: Epoch 0/15 Batch 0/791 and itera 0
Training: Epoch 0/15 Batch 39/791 and itera 39
Training: Epoch 0/15 Batch 78/791 and itera 78
Training: Epoch 0/15 Batch 117/791 and itera 117
Training: Epoch 0/15 Batch 156/791 and itera 156
Training: Epoch 0/15 Batch 195/791 and itera 195
Training: Epoch 0/15 Batch 234/791 and itera 234
Training: Epoch 0/15 Batch 273/791 and itera 273
Training: Epoch 0/15 Batch 312/791 and itera 312
Training: Epoch 0/15 Batch 351/791 and itera 351
Training: Epoch 0/15 Batch 390/791 and itera 390
Training: Epoch 0/15 Batch 429/791 and itera 429
Training: Epoch 0/15 Batch 468/791 and itera 468
Training: Epoch 0/15 Batch 507/791 and itera 507
Training: Epoch 0/15 Batch 546/791 and itera 546
Training: Epoch 0/15 Batch 585/791 and itera 585
Training: Epoch 0/15 Batch 624/791 and itera 624
Training: Epoch 0/15 Batch 663/791 and itera 663
Training: Epoch 0/15 Batch 702/791 and itera 702
Training: Epoch 0/15 Batch 741/791 and itera 741
Training: Epoch 0/15 Batch 780/791 and itera 780
Preparing DataFrame for MotionSense val
Parsing 360 files...
Building index on the whole dataframe
Validating: Batch  0/170Validating: Batch  8/170Validating: Batch  16/170Validating: Batch  24/170Validating: Batch  32/170Validating: Batch  40/170Validating: Batch  48/170Validating: Batch  56/170Validating: Batch  64/170Validating: Batch  72/170Validating: Batch  80/170Validating: Batch  88/170Validating: Batch  96/170Validating: Batch  104/170Validating: Batch  112/170Validating: Batch  120/170Validating: Batch  128/170Validating: Batch  136/170Validating: Batch  144/170Validating: Batch  152/170Validating: Batch  160/170Validating: Batch  168/170

Training: Epoch 1/15 Batch 0/791 and itera 791
Training: Epoch 1/15 Batch 39/791 and itera 830
Training: Epoch 1/15 Batch 78/791 and itera 869
Training: Epoch 1/15 Batch 117/791 and itera 908
Training: Epoch 1/15 Batch 156/791 and itera 947
Training: Epoch 1/15 Batch 195/791 and itera 986
Training: Epoch 1/15 Batch 234/791 and itera 1025
Training: Epoch 1/15 Batch 273/791 and itera 1064
Training: Epoch 1/15 Batch 312/791 and itera 1103
Training: Epoch 1/15 Batch 351/791 and itera 1142
Training: Epoch 1/15 Batch 390/791 and itera 1181
Training: Epoch 1/15 Batch 429/791 and itera 1220
Training: Epoch 1/15 Batch 468/791 and itera 1259
Training: Epoch 1/15 Batch 507/791 and itera 1298
Training: Epoch 1/15 Batch 546/791 and itera 1337
Training: Epoch 1/15 Batch 585/791 and itera 1376
Training: Epoch 1/15 Batch 624/791 and itera 1415
Training: Epoch 1/15 Batch 663/791 and itera 1454
Training: Epoch 1/15 Batch 702/791 and itera 1493
Training: Epoch 1/15 Batch 741/791 and itera 1532
Training: Epoch 1/15 Batch 780/791 and itera 1571
Preparing DataFrame for MotionSense val
Parsing 360 files...
Building index on the whole dataframe
Validating: Batch  0/170Validating: Batch  8/170Validating: Batch  16/170Validating: Batch  24/170Validating: Batch  32/170Validating: Batch  40/170Validating: Batch  48/170Validating: Batch  56/170Validating: Batch  64/170Validating: Batch  72/170Validating: Batch  80/170Validating: Batch  88/170Validating: Batch  96/170Validating: Batch  104/170Validating: Batch  112/170Validating: Batch  120/170Validating: Batch  128/170Validating: Batch  136/170Validating: Batch  144/170Validating: Batch  152/170Validating: Batch  160/170Validating: Batch  168/170

Training: Epoch 2/15 Batch 0/791 and itera 1582
Training: Epoch 2/15 Batch 39/791 and itera 1621
Training: Epoch 2/15 Batch 78/791 and itera 1660
Training: Epoch 2/15 Batch 117/791 and itera 1699
Training: Epoch 2/15 Batch 156/791 and itera 1738
Training: Epoch 2/15 Batch 195/791 and itera 1777
Training: Epoch 2/15 Batch 234/791 and itera 1816
Training: Epoch 2/15 Batch 273/791 and itera 1855
Training: Epoch 2/15 Batch 312/791 and itera 1894
Training: Epoch 2/15 Batch 351/791 and itera 1933
Training: Epoch 2/15 Batch 390/791 and itera 1972
Training: Epoch 2/15 Batch 429/791 and itera 2011
Training: Epoch 2/15 Batch 468/791 and itera 2050
Training: Epoch 2/15 Batch 507/791 and itera 2089
Training: Epoch 2/15 Batch 546/791 and itera 2128
Training: Epoch 2/15 Batch 585/791 and itera 2167
Training: Epoch 2/15 Batch 624/791 and itera 2206
Training: Epoch 2/15 Batch 663/791 and itera 2245
Training: Epoch 2/15 Batch 702/791 and itera 2284
Training: Epoch 2/15 Batch 741/791 and itera 2323
Training: Epoch 2/15 Batch 780/791 and itera 2362
Preparing DataFrame for MotionSense val
Parsing 360 files...
Building index on the whole dataframe
Validating: Batch  0/170Validating: Batch  8/170Validating: Batch  16/170Validating: Batch  24/170Validating: Batch  32/170Validating: Batch  40/170Validating: Batch  48/170Validating: Batch  56/170Validating: Batch  64/170Validating: Batch  72/170Validating: Batch  80/170Validating: Batch  88/170Validating: Batch  96/170Validating: Batch  104/170Validating: Batch  112/170Validating: Batch  120/170Validating: Batch  128/170Validating: Batch  136/170Validating: Batch  144/170Validating: Batch  152/170Validating: Batch  160/170Validating: Batch  168/170

Training: Epoch 3/15 Batch 0/791 and itera 2373
Training: Epoch 3/15 Batch 39/791 and itera 2412
Training: Epoch 3/15 Batch 78/791 and itera 2451
Training: Epoch 3/15 Batch 117/791 and itera 2490
Training: Epoch 3/15 Batch 156/791 and itera 2529
Training: Epoch 3/15 Batch 195/791 and itera 2568
Training: Epoch 3/15 Batch 234/791 and itera 2607
Training: Epoch 3/15 Batch 273/791 and itera 2646
Training: Epoch 3/15 Batch 312/791 and itera 2685
Training: Epoch 3/15 Batch 351/791 and itera 2724
Training: Epoch 3/15 Batch 390/791 and itera 2763
Training: Epoch 3/15 Batch 429/791 and itera 2802
Training: Epoch 3/15 Batch 468/791 and itera 2841
Training: Epoch 3/15 Batch 507/791 and itera 2880
Training: Epoch 3/15 Batch 546/791 and itera 2919
Training: Epoch 3/15 Batch 585/791 and itera 2958
Training: Epoch 3/15 Batch 624/791 and itera 2997
Training: Epoch 3/15 Batch 663/791 and itera 3036
Training: Epoch 3/15 Batch 702/791 and itera 3075
Training: Epoch 3/15 Batch 741/791 and itera 3114
Training: Epoch 3/15 Batch 780/791 and itera 3153
Preparing DataFrame for MotionSense val
Parsing 360 files...
Building index on the whole dataframe
Validating: Batch  0/170Validating: Batch  8/170Validating: Batch  16/170Validating: Batch  24/170Validating: Batch  32/170Validating: Batch  40/170Validating: Batch  48/170Validating: Batch  56/170Validating: Batch  64/170Validating: Batch  72/170Validating: Batch  80/170Validating: Batch  88/170Validating: Batch  96/170Validating: Batch  104/170Validating: Batch  112/170Validating: Batch  120/170Validating: Batch  128/170Validating: Batch  136/170Validating: Batch  144/170Validating: Batch  152/170Validating: Batch  160/170Validating: Batch  168/170

Training: Epoch 4/15 Batch 0/791 and itera 3164
Training: Epoch 4/15 Batch 39/791 and itera 3203
Training: Epoch 4/15 Batch 78/791 and itera 3242
Training: Epoch 4/15 Batch 117/791 and itera 3281
Training: Epoch 4/15 Batch 156/791 and itera 3320
Training: Epoch 4/15 Batch 195/791 and itera 3359
Training: Epoch 4/15 Batch 234/791 and itera 3398
Training: Epoch 4/15 Batch 273/791 and itera 3437
Training: Epoch 4/15 Batch 312/791 and itera 3476
Training: Epoch 4/15 Batch 351/791 and itera 3515
Training: Epoch 4/15 Batch 390/791 and itera 3554
Training: Epoch 4/15 Batch 429/791 and itera 3593
Training: Epoch 4/15 Batch 468/791 and itera 3632
Training: Epoch 4/15 Batch 507/791 and itera 3671
Training: Epoch 4/15 Batch 546/791 and itera 3710
Training: Epoch 4/15 Batch 585/791 and itera 3749
Training: Epoch 4/15 Batch 624/791 and itera 3788
Training: Epoch 4/15 Batch 663/791 and itera 3827
Training: Epoch 4/15 Batch 702/791 and itera 3866
Training: Epoch 4/15 Batch 741/791 and itera 3905
Training: Epoch 4/15 Batch 780/791 and itera 3944
Preparing DataFrame for MotionSense val
Parsing 360 files...
Building index on the whole dataframe
Validating: Batch  0/170Validating: Batch  8/170Validating: Batch  16/170Validating: Batch  24/170Validating: Batch  32/170Validating: Batch  40/170Validating: Batch  48/170Validating: Batch  56/170Validating: Batch  64/170Validating: Batch  72/170Validating: Batch  80/170Validating: Batch  88/170Validating: Batch  96/170Validating: Batch  104/170Validating: Batch  112/170Validating: Batch  120/170Validating: Batch  128/170Validating: Batch  136/170Validating: Batch  144/170Validating: Batch  152/170Validating: Batch  160/170Validating: Batch  168/170

Training: Epoch 5/15 Batch 0/791 and itera 3955
Training: Epoch 5/15 Batch 39/791 and itera 3994
Training: Epoch 5/15 Batch 78/791 and itera 4033
Training: Epoch 5/15 Batch 117/791 and itera 4072
Training: Epoch 5/15 Batch 156/791 and itera 4111
Training: Epoch 5/15 Batch 195/791 and itera 4150
Training: Epoch 5/15 Batch 234/791 and itera 4189
Training: Epoch 5/15 Batch 273/791 and itera 4228
Training: Epoch 5/15 Batch 312/791 and itera 4267
Training: Epoch 5/15 Batch 351/791 and itera 4306
Training: Epoch 5/15 Batch 390/791 and itera 4345
Training: Epoch 5/15 Batch 429/791 and itera 4384
Training: Epoch 5/15 Batch 468/791 and itera 4423
Training: Epoch 5/15 Batch 507/791 and itera 4462
Training: Epoch 5/15 Batch 546/791 and itera 4501
Training: Epoch 5/15 Batch 585/791 and itera 4540
Training: Epoch 5/15 Batch 624/791 and itera 4579
Training: Epoch 5/15 Batch 663/791 and itera 4618
Training: Epoch 5/15 Batch 702/791 and itera 4657
Training: Epoch 5/15 Batch 741/791 and itera 4696
Training: Epoch 5/15 Batch 780/791 and itera 4735
Preparing DataFrame for MotionSense val
Parsing 360 files...
Building index on the whole dataframe
Validating: Batch  0/170Validating: Batch  8/170Validating: Batch  16/170Validating: Batch  24/170Validating: Batch  32/170Validating: Batch  40/170Validating: Batch  48/170Validating: Batch  56/170Validating: Batch  64/170Validating: Batch  72/170Validating: Batch  80/170Validating: Batch  88/170Validating: Batch  96/170Validating: Batch  104/170Validating: Batch  112/170Validating: Batch  120/170Validating: Batch  128/170Validating: Batch  136/170Validating: Batch  144/170Validating: Batch  152/170Validating: Batch  160/170Validating: Batch  168/170

Training: Epoch 6/15 Batch 0/791 and itera 4746
Training: Epoch 6/15 Batch 39/791 and itera 4785
Training: Epoch 6/15 Batch 78/791 and itera 4824
Training: Epoch 6/15 Batch 117/791 and itera 4863
Training: Epoch 6/15 Batch 156/791 and itera 4902
Training: Epoch 6/15 Batch 195/791 and itera 4941
Training: Epoch 6/15 Batch 234/791 and itera 4980
Training: Epoch 6/15 Batch 273/791 and itera 5019
Training: Epoch 6/15 Batch 312/791 and itera 5058
Training: Epoch 6/15 Batch 351/791 and itera 5097
Training: Epoch 6/15 Batch 390/791 and itera 5136
Training: Epoch 6/15 Batch 429/791 and itera 5175
Training: Epoch 6/15 Batch 468/791 and itera 5214
Training: Epoch 6/15 Batch 507/791 and itera 5253
Training: Epoch 6/15 Batch 546/791 and itera 5292
Training: Epoch 6/15 Batch 585/791 and itera 5331
Training: Epoch 6/15 Batch 624/791 and itera 5370
Training: Epoch 6/15 Batch 663/791 and itera 5409
Training: Epoch 6/15 Batch 702/791 and itera 5448
Training: Epoch 6/15 Batch 741/791 and itera 5487
Training: Epoch 6/15 Batch 780/791 and itera 5526
Preparing DataFrame for MotionSense val
Parsing 360 files...
Building index on the whole dataframe
Validating: Batch  0/170Validating: Batch  8/170Validating: Batch  16/170Validating: Batch  24/170Validating: Batch  32/170Validating: Batch  40/170Validating: Batch  48/170Validating: Batch  56/170Validating: Batch  64/170Validating: Batch  72/170Validating: Batch  80/170Validating: Batch  88/170Validating: Batch  96/170Validating: Batch  104/170Validating: Batch  112/170Validating: Batch  120/170Validating: Batch  128/170Validating: Batch  136/170Validating: Batch  144/170Validating: Batch  152/170Validating: Batch  160/170Validating: Batch  168/170

Training: Epoch 7/15 Batch 0/791 and itera 5537
Training: Epoch 7/15 Batch 39/791 and itera 5576
Training: Epoch 7/15 Batch 78/791 and itera 5615
Training: Epoch 7/15 Batch 117/791 and itera 5654
Training: Epoch 7/15 Batch 156/791 and itera 5693
Training: Epoch 7/15 Batch 195/791 and itera 5732
Training: Epoch 7/15 Batch 234/791 and itera 5771
Training: Epoch 7/15 Batch 273/791 and itera 5810
Training: Epoch 7/15 Batch 312/791 and itera 5849
Training: Epoch 7/15 Batch 351/791 and itera 5888
Training: Epoch 7/15 Batch 390/791 and itera 5927
Training: Epoch 7/15 Batch 429/791 and itera 5966
Training: Epoch 7/15 Batch 468/791 and itera 6005
Training: Epoch 7/15 Batch 507/791 and itera 6044
Training: Epoch 7/15 Batch 546/791 and itera 6083
Training: Epoch 7/15 Batch 585/791 and itera 6122
Training: Epoch 7/15 Batch 624/791 and itera 6161
Training: Epoch 7/15 Batch 663/791 and itera 6200
Training: Epoch 7/15 Batch 702/791 and itera 6239
Training: Epoch 7/15 Batch 741/791 and itera 6278
Training: Epoch 7/15 Batch 780/791 and itera 6317
Preparing DataFrame for MotionSense val
Parsing 360 files...
Building index on the whole dataframe
Validating: Batch  0/170Validating: Batch  8/170Validating: Batch  16/170Validating: Batch  24/170Validating: Batch  32/170Validating: Batch  40/170Validating: Batch  48/170Validating: Batch  56/170Validating: Batch  64/170Validating: Batch  72/170Validating: Batch  80/170Validating: Batch  88/170Validating: Batch  96/170Validating: Batch  104/170Validating: Batch  112/170Validating: Batch  120/170Validating: Batch  128/170Validating: Batch  136/170Validating: Batch  144/170Validating: Batch  152/170Validating: Batch  160/170Validating: Batch  168/170

Training: Epoch 8/15 Batch 0/791 and itera 6328
Training: Epoch 8/15 Batch 39/791 and itera 6367
Training: Epoch 8/15 Batch 78/791 and itera 6406
Training: Epoch 8/15 Batch 117/791 and itera 6445
Training: Epoch 8/15 Batch 156/791 and itera 6484
Training: Epoch 8/15 Batch 195/791 and itera 6523
Training: Epoch 8/15 Batch 234/791 and itera 6562
Training: Epoch 8/15 Batch 273/791 and itera 6601
Training: Epoch 8/15 Batch 312/791 and itera 6640
Training: Epoch 8/15 Batch 351/791 and itera 6679
Training: Epoch 8/15 Batch 390/791 and itera 6718
Training: Epoch 8/15 Batch 429/791 and itera 6757
Training: Epoch 8/15 Batch 468/791 and itera 6796
Training: Epoch 8/15 Batch 507/791 and itera 6835
Training: Epoch 8/15 Batch 546/791 and itera 6874
Training: Epoch 8/15 Batch 585/791 and itera 6913
Training: Epoch 8/15 Batch 624/791 and itera 6952
Training: Epoch 8/15 Batch 663/791 and itera 6991
Training: Epoch 8/15 Batch 702/791 and itera 7030
Training: Epoch 8/15 Batch 741/791 and itera 7069
Training: Epoch 8/15 Batch 780/791 and itera 7108
Preparing DataFrame for MotionSense val
Parsing 360 files...
Building index on the whole dataframe
Validating: Batch  0/170Validating: Batch  8/170Validating: Batch  16/170Validating: Batch  24/170Validating: Batch  32/170Validating: Batch  40/170Validating: Batch  48/170Validating: Batch  56/170Validating: Batch  64/170Validating: Batch  72/170Validating: Batch  80/170Validating: Batch  88/170Validating: Batch  96/170Validating: Batch  104/170Validating: Batch  112/170Validating: Batch  120/170Validating: Batch  128/170Validating: Batch  136/170Validating: Batch  144/170Validating: Batch  152/170Validating: Batch  160/170Validating: Batch  168/170

Training: Epoch 9/15 Batch 0/791 and itera 7119
Training: Epoch 9/15 Batch 39/791 and itera 7158
Training: Epoch 9/15 Batch 78/791 and itera 7197
Training: Epoch 9/15 Batch 117/791 and itera 7236
Training: Epoch 9/15 Batch 156/791 and itera 7275
Training: Epoch 9/15 Batch 195/791 and itera 7314
Training: Epoch 9/15 Batch 234/791 and itera 7353
Training: Epoch 9/15 Batch 273/791 and itera 7392
Training: Epoch 9/15 Batch 312/791 and itera 7431
Training: Epoch 9/15 Batch 351/791 and itera 7470
Training: Epoch 9/15 Batch 390/791 and itera 7509
Training: Epoch 9/15 Batch 429/791 and itera 7548
Training: Epoch 9/15 Batch 468/791 and itera 7587
Training: Epoch 9/15 Batch 507/791 and itera 7626
Training: Epoch 9/15 Batch 546/791 and itera 7665
Training: Epoch 9/15 Batch 585/791 and itera 7704
Training: Epoch 9/15 Batch 624/791 and itera 7743
Training: Epoch 9/15 Batch 663/791 and itera 7782
Training: Epoch 9/15 Batch 702/791 and itera 7821
Training: Epoch 9/15 Batch 741/791 and itera 7860
Training: Epoch 9/15 Batch 780/791 and itera 7899
Preparing DataFrame for MotionSense val
Parsing 360 files...
Building index on the whole dataframe
Validating: Batch  0/170Validating: Batch  8/170Validating: Batch  16/170Validating: Batch  24/170Validating: Batch  32/170Validating: Batch  40/170Validating: Batch  48/170Validating: Batch  56/170Validating: Batch  64/170Validating: Batch  72/170Validating: Batch  80/170Validating: Batch  88/170Validating: Batch  96/170Validating: Batch  104/170Validating: Batch  112/170Validating: Batch  120/170Validating: Batch  128/170Validating: Batch  136/170Validating: Batch  144/170Validating: Batch  152/170Validating: Batch  160/170Validating: Batch  168/170

Training: Epoch 10/15 Batch 0/791 and itera 7910
Training: Epoch 10/15 Batch 39/791 and itera 7949
Training: Epoch 10/15 Batch 78/791 and itera 7988
Training: Epoch 10/15 Batch 117/791 and itera 8027
Training: Epoch 10/15 Batch 156/791 and itera 8066
Training: Epoch 10/15 Batch 195/791 and itera 8105
Training: Epoch 10/15 Batch 234/791 and itera 8144
Training: Epoch 10/15 Batch 273/791 and itera 8183
Training: Epoch 10/15 Batch 312/791 and itera 8222
Training: Epoch 10/15 Batch 351/791 and itera 8261
Training: Epoch 10/15 Batch 390/791 and itera 8300
Training: Epoch 10/15 Batch 429/791 and itera 8339
Training: Epoch 10/15 Batch 468/791 and itera 8378
Training: Epoch 10/15 Batch 507/791 and itera 8417
Training: Epoch 10/15 Batch 546/791 and itera 8456
Training: Epoch 10/15 Batch 585/791 and itera 8495
Training: Epoch 10/15 Batch 624/791 and itera 8534
Training: Epoch 10/15 Batch 663/791 and itera 8573
Training: Epoch 10/15 Batch 702/791 and itera 8612
Training: Epoch 10/15 Batch 741/791 and itera 8651
Training: Epoch 10/15 Batch 780/791 and itera 8690
Preparing DataFrame for MotionSense val
Parsing 360 files...
Building index on the whole dataframe
Validating: Batch  0/170Validating: Batch  8/170Validating: Batch  16/170Validating: Batch  24/170Validating: Batch  32/170Validating: Batch  40/170Validating: Batch  48/170Validating: Batch  56/170Validating: Batch  64/170Validating: Batch  72/170Validating: Batch  80/170Validating: Batch  88/170Validating: Batch  96/170Validating: Batch  104/170Validating: Batch  112/170Validating: Batch  120/170Validating: Batch  128/170Validating: Batch  136/170Validating: Batch  144/170Validating: Batch  152/170Validating: Batch  160/170Validating: Batch  168/170

Training: Epoch 11/15 Batch 0/791 and itera 8701
Training: Epoch 11/15 Batch 39/791 and itera 8740
Training: Epoch 11/15 Batch 78/791 and itera 8779
Training: Epoch 11/15 Batch 117/791 and itera 8818
Training: Epoch 11/15 Batch 156/791 and itera 8857
Training: Epoch 11/15 Batch 195/791 and itera 8896
Training: Epoch 11/15 Batch 234/791 and itera 8935
Training: Epoch 11/15 Batch 273/791 and itera 8974
Training: Epoch 11/15 Batch 312/791 and itera 9013
Training: Epoch 11/15 Batch 351/791 and itera 9052
Training: Epoch 11/15 Batch 390/791 and itera 9091
Training: Epoch 11/15 Batch 429/791 and itera 9130
Training: Epoch 11/15 Batch 468/791 and itera 9169
Training: Epoch 11/15 Batch 507/791 and itera 9208
Training: Epoch 11/15 Batch 546/791 and itera 9247
Training: Epoch 11/15 Batch 585/791 and itera 9286
Training: Epoch 11/15 Batch 624/791 and itera 9325
Training: Epoch 11/15 Batch 663/791 and itera 9364
Training: Epoch 11/15 Batch 702/791 and itera 9403
Training: Epoch 11/15 Batch 741/791 and itera 9442
Training: Epoch 11/15 Batch 780/791 and itera 9481
Preparing DataFrame for MotionSense val
Parsing 360 files...
Building index on the whole dataframe
Validating: Batch  0/170Validating: Batch  8/170Validating: Batch  16/170Validating: Batch  24/170Validating: Batch  32/170Validating: Batch  40/170Validating: Batch  48/170Validating: Batch  56/170Validating: Batch  64/170Validating: Batch  72/170Validating: Batch  80/170Validating: Batch  88/170Validating: Batch  96/170Validating: Batch  104/170Validating: Batch  112/170Validating: Batch  120/170Validating: Batch  128/170Validating: Batch  136/170Validating: Batch  144/170Validating: Batch  152/170Validating: Batch  160/170Validating: Batch  168/170

Training: Epoch 12/15 Batch 0/791 and itera 9492
Training: Epoch 12/15 Batch 39/791 and itera 9531
Training: Epoch 12/15 Batch 78/791 and itera 9570
Training: Epoch 12/15 Batch 117/791 and itera 9609
Training: Epoch 12/15 Batch 156/791 and itera 9648
Training: Epoch 12/15 Batch 195/791 and itera 9687
Training: Epoch 12/15 Batch 234/791 and itera 9726
Training: Epoch 12/15 Batch 273/791 and itera 9765
Training: Epoch 12/15 Batch 312/791 and itera 9804
Training: Epoch 12/15 Batch 351/791 and itera 9843
Training: Epoch 12/15 Batch 390/791 and itera 9882
Training: Epoch 12/15 Batch 429/791 and itera 9921
Training: Epoch 12/15 Batch 468/791 and itera 9960
Training: Epoch 12/15 Batch 507/791 and itera 9999
Training: Epoch 12/15 Batch 546/791 and itera 10038
Training: Epoch 12/15 Batch 585/791 and itera 10077
Training: Epoch 12/15 Batch 624/791 and itera 10116
Training: Epoch 12/15 Batch 663/791 and itera 10155
Training: Epoch 12/15 Batch 702/791 and itera 10194
Training: Epoch 12/15 Batch 741/791 and itera 10233
Training: Epoch 12/15 Batch 780/791 and itera 10272
Preparing DataFrame for MotionSense val
Parsing 360 files...
Building index on the whole dataframe
Validating: Batch  0/170Validating: Batch  8/170Validating: Batch  16/170Validating: Batch  24/170Validating: Batch  32/170Validating: Batch  40/170Validating: Batch  48/170Validating: Batch  56/170Validating: Batch  64/170Validating: Batch  72/170Validating: Batch  80/170Validating: Batch  88/170Validating: Batch  96/170Validating: Batch  104/170Validating: Batch  112/170Validating: Batch  120/170Validating: Batch  128/170Validating: Batch  136/170Validating: Batch  144/170Validating: Batch  152/170Validating: Batch  160/170Validating: Batch  168/170

Training: Epoch 13/15 Batch 0/791 and itera 10283
Training: Epoch 13/15 Batch 39/791 and itera 10322
Training: Epoch 13/15 Batch 78/791 and itera 10361
Training: Epoch 13/15 Batch 117/791 and itera 10400
Training: Epoch 13/15 Batch 156/791 and itera 10439
Training: Epoch 13/15 Batch 195/791 and itera 10478
Training: Epoch 13/15 Batch 234/791 and itera 10517
Training: Epoch 13/15 Batch 273/791 and itera 10556
Training: Epoch 13/15 Batch 312/791 and itera 10595
Training: Epoch 13/15 Batch 351/791 and itera 10634
Training: Epoch 13/15 Batch 390/791 and itera 10673
Training: Epoch 13/15 Batch 429/791 and itera 10712
Training: Epoch 13/15 Batch 468/791 and itera 10751
Training: Epoch 13/15 Batch 507/791 and itera 10790
Training: Epoch 13/15 Batch 546/791 and itera 10829
Training: Epoch 13/15 Batch 585/791 and itera 10868
Training: Epoch 13/15 Batch 624/791 and itera 10907
Training: Epoch 13/15 Batch 663/791 and itera 10946
Training: Epoch 13/15 Batch 702/791 and itera 10985
Training: Epoch 13/15 Batch 741/791 and itera 11024
Training: Epoch 13/15 Batch 780/791 and itera 11063
Preparing DataFrame for MotionSense val
Parsing 360 files...
Building index on the whole dataframe
Validating: Batch  0/170Validating: Batch  8/170Validating: Batch  16/170Validating: Batch  24/170Validating: Batch  32/170Validating: Batch  40/170Validating: Batch  48/170Validating: Batch  56/170Validating: Batch  64/170Validating: Batch  72/170Validating: Batch  80/170Validating: Batch  88/170Validating: Batch  96/170Validating: Batch  104/170Validating: Batch  112/170Validating: Batch  120/170Validating: Batch  128/170Validating: Batch  136/170Validating: Batch  144/170Validating: Batch  152/170Validating: Batch  160/170Validating: Batch  168/170

Training: Epoch 14/15 Batch 0/791 and itera 11074
Training: Epoch 14/15 Batch 39/791 and itera 11113
Training: Epoch 14/15 Batch 78/791 and itera 11152
Training: Epoch 14/15 Batch 117/791 and itera 11191
Training: Epoch 14/15 Batch 156/791 and itera 11230
Training: Epoch 14/15 Batch 195/791 and itera 11269
Training: Epoch 14/15 Batch 234/791 and itera 11308
Training: Epoch 14/15 Batch 273/791 and itera 11347
Training: Epoch 14/15 Batch 312/791 and itera 11386
Training: Epoch 14/15 Batch 351/791 and itera 11425
Training: Epoch 14/15 Batch 390/791 and itera 11464
Training: Epoch 14/15 Batch 429/791 and itera 11503
Training: Epoch 14/15 Batch 468/791 and itera 11542
Training: Epoch 14/15 Batch 507/791 and itera 11581
Training: Epoch 14/15 Batch 546/791 and itera 11620
Training: Epoch 14/15 Batch 585/791 and itera 11659
Training: Epoch 14/15 Batch 624/791 and itera 11698
Training: Epoch 14/15 Batch 663/791 and itera 11737
Training: Epoch 14/15 Batch 702/791 and itera 11776
Training: Epoch 14/15 Batch 741/791 and itera 11815
Training: Epoch 14/15 Batch 780/791 and itera 11854
Preparing DataFrame for MotionSense val
Parsing 360 files...
Building index on the whole dataframe
Validating: Batch  0/170Validating: Batch  8/170Validating: Batch  16/170Validating: Batch  24/170Validating: Batch  32/170Validating: Batch  40/170Validating: Batch  48/170Validating: Batch  56/170Validating: Batch  64/170Validating: Batch  72/170Validating: Batch  80/170Validating: Batch  88/170Validating: Batch  96/170Validating: Batch  104/170Validating: Batch  112/170Validating: Batch  120/170Validating: Batch  128/170Validating: Batch  136/170Validating: Batch  144/170Validating: Batch  152/170Validating: Batch  160/170Validating: Batch  168/170

<?xml version="1.0" ?>
<Experiment_0>
   <network dataset="cnn_transformer">
      <dataset dataset="motionsense">
         <usage_modus usage_modus="train"/>
         <dataset_finetuning dataset_finetuning="motionsense"/>
         <percentages_names percentages_names="['001', '002', '005', '01', '02', '03', '04', '05', '06', '07', '08', '09', '10']"/>
         <type_simple type_simple="training"/>
         <output output="softmax"/>
         <lr lr="0.001"/>
         <epochs epochs="15"/>
         <reshape_input reshape_input="False"/>
         <batch_size reshape_input="50"/>
         <ea_iter ea_iter="0"/>
         <freeze_options freeze_options="False"/>
         <time_iter time_iter="10193.638698101044"/>
         <best_itera best_itera="10283"/>
         <metrics acc_test="0.9317510922186799" f1_weighted_test="0.9317197799682617" f1_mean_test="0.9158620834350586"/>
         <metrics_mean acc_test_mean="0.9317510922186799" f1_weighted_test_mean="0.9317197799682617" f1_mean_test_mean="0.9158620834350586"/>
         <metrics_std acc_test_mean="0.0" f1_weighted_test_mean="0.0" f1_mean_test_mean="0.0"/>
         <confusion_matrix_last confusion_matrix_last="0"/>
         <precision_mean precision_mean="tensor([0.9286, 0.7628, 0.8957, 0.9523, 1.0000, 0.9907])"/>
         <precision_std precision_std="tensor([0.7424, 0.8856, 0.8913, 0.9913, 0.9826, 0.9980])"/>
      </dataset>
   </network>
</Experiment_0>

Preparing DataFrame for MotionSense test
Parsing 360 files...
Building index on the whole dataframe
Testing: Batch  0/170Testing: Batch  8/170Testing: Batch  16/170Testing: Batch  24/170Testing: Batch  32/170Testing: Batch  40/170Testing: Batch  48/170Testing: Batch  56/170Testing: Batch  64/170Testing: Batch  72/170Testing: Batch  80/170Testing: Batch  88/170Testing: Batch  96/170Testing: Batch  104/170Testing: Batch  112/170Testing: Batch  120/170Testing: Batch  128/170Testing: Batch  136/170Testing: Batch  144/170Testing: Batch  152/170Testing: Batch  160/170Testing: Batch  168/170Preparing DataFrame for MotionSense train
Parsing 360 files...
Building index on the whole dataframe
Logging every 39 batches (every 5.0\%)
Training: Epoch 0/15 Batch 0/791 and itera 0
Training: Epoch 0/15 Batch 39/791 and itera 39
Training: Epoch 0/15 Batch 78/791 and itera 78
Training: Epoch 0/15 Batch 117/791 and itera 117
Training: Epoch 0/15 Batch 156/791 and itera 156
Training: Epoch 0/15 Batch 195/791 and itera 195
Training: Epoch 0/15 Batch 234/791 and itera 234
Training: Epoch 0/15 Batch 273/791 and itera 273
Training: Epoch 0/15 Batch 312/791 and itera 312
Training: Epoch 0/15 Batch 351/791 and itera 351
Training: Epoch 0/15 Batch 390/791 and itera 390
Training: Epoch 0/15 Batch 429/791 and itera 429
Training: Epoch 0/15 Batch 468/791 and itera 468
Training: Epoch 0/15 Batch 507/791 and itera 507
Training: Epoch 0/15 Batch 546/791 and itera 546
Training: Epoch 0/15 Batch 585/791 and itera 585
Training: Epoch 0/15 Batch 624/791 and itera 624
Training: Epoch 0/15 Batch 663/791 and itera 663
Training: Epoch 0/15 Batch 702/791 and itera 702
Training: Epoch 0/15 Batch 741/791 and itera 741
Training: Epoch 0/15 Batch 780/791 and itera 780
Preparing DataFrame for MotionSense val
Parsing 360 files...
Building index on the whole dataframe
Validating: Batch  0/170Validating: Batch  8/170Validating: Batch  16/170Validating: Batch  24/170Validating: Batch  32/170Validating: Batch  40/170Validating: Batch  48/170Validating: Batch  56/170Validating: Batch  64/170Validating: Batch  72/170Validating: Batch  80/170Validating: Batch  88/170Validating: Batch  96/170Validating: Batch  104/170Validating: Batch  112/170Validating: Batch  120/170Validating: Batch  128/170Validating: Batch  136/170Validating: Batch  144/170Validating: Batch  152/170Validating: Batch  160/170Validating: Batch  168/170

Training: Epoch 1/15 Batch 0/791 and itera 791
Training: Epoch 1/15 Batch 39/791 and itera 830
Training: Epoch 1/15 Batch 78/791 and itera 869
Training: Epoch 1/15 Batch 117/791 and itera 908
Training: Epoch 1/15 Batch 156/791 and itera 947
Training: Epoch 1/15 Batch 195/791 and itera 986
Training: Epoch 1/15 Batch 234/791 and itera 1025
Training: Epoch 1/15 Batch 273/791 and itera 1064
Training: Epoch 1/15 Batch 312/791 and itera 1103
Training: Epoch 1/15 Batch 351/791 and itera 1142
Training: Epoch 1/15 Batch 390/791 and itera 1181
Training: Epoch 1/15 Batch 429/791 and itera 1220
Training: Epoch 1/15 Batch 468/791 and itera 1259
Training: Epoch 1/15 Batch 507/791 and itera 1298
Training: Epoch 1/15 Batch 546/791 and itera 1337
Training: Epoch 1/15 Batch 585/791 and itera 1376
Training: Epoch 1/15 Batch 624/791 and itera 1415
Training: Epoch 1/15 Batch 663/791 and itera 1454
Training: Epoch 1/15 Batch 702/791 and itera 1493
Training: Epoch 1/15 Batch 741/791 and itera 1532
Training: Epoch 1/15 Batch 780/791 and itera 1571
Preparing DataFrame for MotionSense val
Parsing 360 files...
Building index on the whole dataframe
Validating: Batch  0/170Validating: Batch  8/170Validating: Batch  16/170Validating: Batch  24/170Validating: Batch  32/170Validating: Batch  40/170Validating: Batch  48/170Validating: Batch  56/170Validating: Batch  64/170Validating: Batch  72/170Validating: Batch  80/170Validating: Batch  88/170Validating: Batch  96/170Validating: Batch  104/170Validating: Batch  112/170Validating: Batch  120/170Validating: Batch  128/170Validating: Batch  136/170Validating: Batch  144/170Validating: Batch  152/170Validating: Batch  160/170Validating: Batch  168/170

Training: Epoch 2/15 Batch 0/791 and itera 1582
Training: Epoch 2/15 Batch 39/791 and itera 1621
Training: Epoch 2/15 Batch 78/791 and itera 1660
Training: Epoch 2/15 Batch 117/791 and itera 1699
Training: Epoch 2/15 Batch 156/791 and itera 1738
Training: Epoch 2/15 Batch 195/791 and itera 1777
Training: Epoch 2/15 Batch 234/791 and itera 1816
Training: Epoch 2/15 Batch 273/791 and itera 1855
Training: Epoch 2/15 Batch 312/791 and itera 1894
Training: Epoch 2/15 Batch 351/791 and itera 1933
Training: Epoch 2/15 Batch 390/791 and itera 1972
Training: Epoch 2/15 Batch 429/791 and itera 2011
Training: Epoch 2/15 Batch 468/791 and itera 2050
Training: Epoch 2/15 Batch 507/791 and itera 2089
Training: Epoch 2/15 Batch 546/791 and itera 2128
Training: Epoch 2/15 Batch 585/791 and itera 2167
Training: Epoch 2/15 Batch 624/791 and itera 2206
Training: Epoch 2/15 Batch 663/791 and itera 2245
Training: Epoch 2/15 Batch 702/791 and itera 2284
Training: Epoch 2/15 Batch 741/791 and itera 2323
Training: Epoch 2/15 Batch 780/791 and itera 2362
Preparing DataFrame for MotionSense val
Parsing 360 files...
Building index on the whole dataframe
Validating: Batch  0/170Validating: Batch  8/170Validating: Batch  16/170Validating: Batch  24/170Validating: Batch  32/170Validating: Batch  40/170Validating: Batch  48/170Validating: Batch  56/170Validating: Batch  64/170Validating: Batch  72/170Validating: Batch  80/170Validating: Batch  88/170Validating: Batch  96/170Validating: Batch  104/170Validating: Batch  112/170Validating: Batch  120/170Validating: Batch  128/170Validating: Batch  136/170Validating: Batch  144/170Validating: Batch  152/170Validating: Batch  160/170Validating: Batch  168/170

Training: Epoch 3/15 Batch 0/791 and itera 2373
Training: Epoch 3/15 Batch 39/791 and itera 2412
Training: Epoch 3/15 Batch 78/791 and itera 2451
Training: Epoch 3/15 Batch 117/791 and itera 2490
Training: Epoch 3/15 Batch 156/791 and itera 2529
Training: Epoch 3/15 Batch 195/791 and itera 2568
Training: Epoch 3/15 Batch 234/791 and itera 2607
Training: Epoch 3/15 Batch 273/791 and itera 2646
Training: Epoch 3/15 Batch 312/791 and itera 2685
Training: Epoch 3/15 Batch 351/791 and itera 2724
Training: Epoch 3/15 Batch 390/791 and itera 2763
Training: Epoch 3/15 Batch 429/791 and itera 2802
Training: Epoch 3/15 Batch 468/791 and itera 2841
Training: Epoch 3/15 Batch 507/791 and itera 2880
Training: Epoch 3/15 Batch 546/791 and itera 2919
Training: Epoch 3/15 Batch 585/791 and itera 2958
Training: Epoch 3/15 Batch 624/791 and itera 2997
Training: Epoch 3/15 Batch 663/791 and itera 3036
Training: Epoch 3/15 Batch 702/791 and itera 3075
Training: Epoch 3/15 Batch 741/791 and itera 3114
Training: Epoch 3/15 Batch 780/791 and itera 3153
Preparing DataFrame for MotionSense val
Parsing 360 files...
Building index on the whole dataframe
Validating: Batch  0/170Validating: Batch  8/170Validating: Batch  16/170Validating: Batch  24/170Validating: Batch  32/170Validating: Batch  40/170Validating: Batch  48/170Validating: Batch  56/170Validating: Batch  64/170Validating: Batch  72/170Validating: Batch  80/170Validating: Batch  88/170Validating: Batch  96/170Validating: Batch  104/170Validating: Batch  112/170Validating: Batch  120/170Validating: Batch  128/170Validating: Batch  136/170Validating: Batch  144/170Validating: Batch  152/170Validating: Batch  160/170Validating: Batch  168/170

Training: Epoch 4/15 Batch 0/791 and itera 3164
Training: Epoch 4/15 Batch 39/791 and itera 3203
Training: Epoch 4/15 Batch 78/791 and itera 3242
Training: Epoch 4/15 Batch 117/791 and itera 3281
Training: Epoch 4/15 Batch 156/791 and itera 3320
Training: Epoch 4/15 Batch 195/791 and itera 3359
Training: Epoch 4/15 Batch 234/791 and itera 3398
Training: Epoch 4/15 Batch 273/791 and itera 3437
Training: Epoch 4/15 Batch 312/791 and itera 3476
Training: Epoch 4/15 Batch 351/791 and itera 3515
Training: Epoch 4/15 Batch 390/791 and itera 3554
Training: Epoch 4/15 Batch 429/791 and itera 3593
Training: Epoch 4/15 Batch 468/791 and itera 3632
Training: Epoch 4/15 Batch 507/791 and itera 3671
Training: Epoch 4/15 Batch 546/791 and itera 3710
Training: Epoch 4/15 Batch 585/791 and itera 3749
Training: Epoch 4/15 Batch 624/791 and itera 3788
Training: Epoch 4/15 Batch 663/791 and itera 3827
Training: Epoch 4/15 Batch 702/791 and itera 3866
Training: Epoch 4/15 Batch 741/791 and itera 3905
Training: Epoch 4/15 Batch 780/791 and itera 3944
Preparing DataFrame for MotionSense val
Parsing 360 files...
Building index on the whole dataframe
Validating: Batch  0/170Validating: Batch  8/170Validating: Batch  16/170Validating: Batch  24/170Validating: Batch  32/170Validating: Batch  40/170Validating: Batch  48/170Validating: Batch  56/170Validating: Batch  64/170Validating: Batch  72/170Validating: Batch  80/170Validating: Batch  88/170Validating: Batch  96/170Validating: Batch  104/170Validating: Batch  112/170Validating: Batch  120/170Validating: Batch  128/170Validating: Batch  136/170Validating: Batch  144/170Validating: Batch  152/170Validating: Batch  160/170Validating: Batch  168/170

Training: Epoch 5/15 Batch 0/791 and itera 3955
Training: Epoch 5/15 Batch 39/791 and itera 3994
Training: Epoch 5/15 Batch 78/791 and itera 4033
Training: Epoch 5/15 Batch 117/791 and itera 4072
Training: Epoch 5/15 Batch 156/791 and itera 4111
Training: Epoch 5/15 Batch 195/791 and itera 4150
Training: Epoch 5/15 Batch 234/791 and itera 4189
Training: Epoch 5/15 Batch 273/791 and itera 4228
Training: Epoch 5/15 Batch 312/791 and itera 4267
Training: Epoch 5/15 Batch 351/791 and itera 4306
Training: Epoch 5/15 Batch 390/791 and itera 4345
Training: Epoch 5/15 Batch 429/791 and itera 4384
Training: Epoch 5/15 Batch 468/791 and itera 4423
Training: Epoch 5/15 Batch 507/791 and itera 4462
Training: Epoch 5/15 Batch 546/791 and itera 4501
Training: Epoch 5/15 Batch 585/791 and itera 4540
Training: Epoch 5/15 Batch 624/791 and itera 4579
Training: Epoch 5/15 Batch 663/791 and itera 4618
Training: Epoch 5/15 Batch 702/791 and itera 4657
Training: Epoch 5/15 Batch 741/791 and itera 4696
Training: Epoch 5/15 Batch 780/791 and itera 4735
Preparing DataFrame for MotionSense val
Parsing 360 files...
Building index on the whole dataframe
Validating: Batch  0/170Validating: Batch  8/170Validating: Batch  16/170Validating: Batch  24/170Validating: Batch  32/170Validating: Batch  40/170Validating: Batch  48/170Validating: Batch  56/170Validating: Batch  64/170Validating: Batch  72/170Validating: Batch  80/170Validating: Batch  88/170Validating: Batch  96/170Validating: Batch  104/170Validating: Batch  112/170Validating: Batch  120/170Validating: Batch  128/170Validating: Batch  136/170Validating: Batch  144/170Validating: Batch  152/170Validating: Batch  160/170Validating: Batch  168/170

Training: Epoch 6/15 Batch 0/791 and itera 4746
Training: Epoch 6/15 Batch 39/791 and itera 4785
Training: Epoch 6/15 Batch 78/791 and itera 4824
Training: Epoch 6/15 Batch 117/791 and itera 4863
Training: Epoch 6/15 Batch 156/791 and itera 4902
Training: Epoch 6/15 Batch 195/791 and itera 4941
Training: Epoch 6/15 Batch 234/791 and itera 4980
Training: Epoch 6/15 Batch 273/791 and itera 5019
Training: Epoch 6/15 Batch 312/791 and itera 5058
Training: Epoch 6/15 Batch 351/791 and itera 5097
Training: Epoch 6/15 Batch 390/791 and itera 5136
Training: Epoch 6/15 Batch 429/791 and itera 5175
Training: Epoch 6/15 Batch 468/791 and itera 5214
Training: Epoch 6/15 Batch 507/791 and itera 5253
Training: Epoch 6/15 Batch 546/791 and itera 5292
Training: Epoch 6/15 Batch 585/791 and itera 5331
Training: Epoch 6/15 Batch 624/791 and itera 5370
Training: Epoch 6/15 Batch 663/791 and itera 5409
Training: Epoch 6/15 Batch 702/791 and itera 5448
Training: Epoch 6/15 Batch 741/791 and itera 5487
Training: Epoch 6/15 Batch 780/791 and itera 5526
Preparing DataFrame for MotionSense val
Parsing 360 files...
Building index on the whole dataframe
Validating: Batch  0/170Validating: Batch  8/170Validating: Batch  16/170Validating: Batch  24/170Validating: Batch  32/170Validating: Batch  40/170Validating: Batch  48/170Validating: Batch  56/170Validating: Batch  64/170Validating: Batch  72/170Validating: Batch  80/170Validating: Batch  88/170Validating: Batch  96/170Validating: Batch  104/170Validating: Batch  112/170Validating: Batch  120/170Validating: Batch  128/170Validating: Batch  136/170Validating: Batch  144/170Validating: Batch  152/170Validating: Batch  160/170Validating: Batch  168/170

Training: Epoch 7/15 Batch 0/791 and itera 5537
Training: Epoch 7/15 Batch 39/791 and itera 5576
Training: Epoch 7/15 Batch 78/791 and itera 5615
Training: Epoch 7/15 Batch 117/791 and itera 5654
Training: Epoch 7/15 Batch 156/791 and itera 5693
Training: Epoch 7/15 Batch 195/791 and itera 5732
Training: Epoch 7/15 Batch 234/791 and itera 5771
Training: Epoch 7/15 Batch 273/791 and itera 5810
Training: Epoch 7/15 Batch 312/791 and itera 5849
Training: Epoch 7/15 Batch 351/791 and itera 5888
Training: Epoch 7/15 Batch 390/791 and itera 5927
Training: Epoch 7/15 Batch 429/791 and itera 5966
Training: Epoch 7/15 Batch 468/791 and itera 6005
Training: Epoch 7/15 Batch 507/791 and itera 6044
Training: Epoch 7/15 Batch 546/791 and itera 6083
Training: Epoch 7/15 Batch 585/791 and itera 6122
Training: Epoch 7/15 Batch 624/791 and itera 6161
Training: Epoch 7/15 Batch 663/791 and itera 6200
Training: Epoch 7/15 Batch 702/791 and itera 6239
Training: Epoch 7/15 Batch 741/791 and itera 6278
Training: Epoch 7/15 Batch 780/791 and itera 6317
Preparing DataFrame for MotionSense val
Parsing 360 files...
Building index on the whole dataframe
Validating: Batch  0/170Validating: Batch  8/170Validating: Batch  16/170Validating: Batch  24/170Validating: Batch  32/170Validating: Batch  40/170Validating: Batch  48/170Validating: Batch  56/170Validating: Batch  64/170Validating: Batch  72/170Validating: Batch  80/170Validating: Batch  88/170Validating: Batch  96/170Validating: Batch  104/170Validating: Batch  112/170Validating: Batch  120/170Validating: Batch  128/170Validating: Batch  136/170Validating: Batch  144/170Validating: Batch  152/170Validating: Batch  160/170Validating: Batch  168/170

Training: Epoch 8/15 Batch 0/791 and itera 6328
Training: Epoch 8/15 Batch 39/791 and itera 6367
Training: Epoch 8/15 Batch 78/791 and itera 6406
Training: Epoch 8/15 Batch 117/791 and itera 6445
Training: Epoch 8/15 Batch 156/791 and itera 6484
Training: Epoch 8/15 Batch 195/791 and itera 6523
Training: Epoch 8/15 Batch 234/791 and itera 6562
Training: Epoch 8/15 Batch 273/791 and itera 6601
Training: Epoch 8/15 Batch 312/791 and itera 6640
Training: Epoch 8/15 Batch 351/791 and itera 6679
Training: Epoch 8/15 Batch 390/791 and itera 6718
Training: Epoch 8/15 Batch 429/791 and itera 6757
Training: Epoch 8/15 Batch 468/791 and itera 6796
Training: Epoch 8/15 Batch 507/791 and itera 6835
Training: Epoch 8/15 Batch 546/791 and itera 6874
Training: Epoch 8/15 Batch 585/791 and itera 6913
Training: Epoch 8/15 Batch 624/791 and itera 6952
Training: Epoch 8/15 Batch 663/791 and itera 6991
Training: Epoch 8/15 Batch 702/791 and itera 7030
Training: Epoch 8/15 Batch 741/791 and itera 7069
Training: Epoch 8/15 Batch 780/791 and itera 7108
Preparing DataFrame for MotionSense val
Parsing 360 files...
Building index on the whole dataframe
Validating: Batch  0/170Validating: Batch  8/170Validating: Batch  16/170Validating: Batch  24/170Validating: Batch  32/170Validating: Batch  40/170Validating: Batch  48/170Validating: Batch  56/170Validating: Batch  64/170Validating: Batch  72/170Validating: Batch  80/170Validating: Batch  88/170Validating: Batch  96/170Validating: Batch  104/170Validating: Batch  112/170Validating: Batch  120/170Validating: Batch  128/170Validating: Batch  136/170Validating: Batch  144/170Validating: Batch  152/170Validating: Batch  160/170Validating: Batch  168/170

Training: Epoch 9/15 Batch 0/791 and itera 7119
Training: Epoch 9/15 Batch 39/791 and itera 7158
Training: Epoch 9/15 Batch 78/791 and itera 7197
Training: Epoch 9/15 Batch 117/791 and itera 7236
Training: Epoch 9/15 Batch 156/791 and itera 7275
Training: Epoch 9/15 Batch 195/791 and itera 7314
Training: Epoch 9/15 Batch 234/791 and itera 7353
Training: Epoch 9/15 Batch 273/791 and itera 7392
Training: Epoch 9/15 Batch 312/791 and itera 7431
Training: Epoch 9/15 Batch 351/791 and itera 7470
Training: Epoch 9/15 Batch 390/791 and itera 7509
Training: Epoch 9/15 Batch 429/791 and itera 7548
Training: Epoch 9/15 Batch 468/791 and itera 7587
Training: Epoch 9/15 Batch 507/791 and itera 7626
Training: Epoch 9/15 Batch 546/791 and itera 7665
Training: Epoch 9/15 Batch 585/791 and itera 7704
Training: Epoch 9/15 Batch 624/791 and itera 7743
Training: Epoch 9/15 Batch 663/791 and itera 7782
Training: Epoch 9/15 Batch 702/791 and itera 7821
Training: Epoch 9/15 Batch 741/791 and itera 7860
Training: Epoch 9/15 Batch 780/791 and itera 7899
Preparing DataFrame for MotionSense val
Parsing 360 files...
Building index on the whole dataframe
Validating: Batch  0/170Validating: Batch  8/170Validating: Batch  16/170Validating: Batch  24/170Validating: Batch  32/170Validating: Batch  40/170Validating: Batch  48/170Validating: Batch  56/170Validating: Batch  64/170Validating: Batch  72/170Validating: Batch  80/170Validating: Batch  88/170Validating: Batch  96/170Validating: Batch  104/170Validating: Batch  112/170Validating: Batch  120/170Validating: Batch  128/170Validating: Batch  136/170Validating: Batch  144/170Validating: Batch  152/170Validating: Batch  160/170Validating: Batch  168/170

Training: Epoch 10/15 Batch 0/791 and itera 7910
Training: Epoch 10/15 Batch 39/791 and itera 7949
Training: Epoch 10/15 Batch 78/791 and itera 7988
Training: Epoch 10/15 Batch 117/791 and itera 8027
Training: Epoch 10/15 Batch 156/791 and itera 8066
Training: Epoch 10/15 Batch 195/791 and itera 8105
Training: Epoch 10/15 Batch 234/791 and itera 8144
Training: Epoch 10/15 Batch 273/791 and itera 8183
Training: Epoch 10/15 Batch 312/791 and itera 8222
Training: Epoch 10/15 Batch 351/791 and itera 8261
Training: Epoch 10/15 Batch 390/791 and itera 8300
Training: Epoch 10/15 Batch 429/791 and itera 8339
Training: Epoch 10/15 Batch 468/791 and itera 8378
Training: Epoch 10/15 Batch 507/791 and itera 8417
Training: Epoch 10/15 Batch 546/791 and itera 8456
Training: Epoch 10/15 Batch 585/791 and itera 8495
Training: Epoch 10/15 Batch 624/791 and itera 8534
Training: Epoch 10/15 Batch 663/791 and itera 8573
Training: Epoch 10/15 Batch 702/791 and itera 8612
Training: Epoch 10/15 Batch 741/791 and itera 8651
Training: Epoch 10/15 Batch 780/791 and itera 8690
Preparing DataFrame for MotionSense val
Parsing 360 files...
Building index on the whole dataframe
Validating: Batch  0/170Validating: Batch  8/170Validating: Batch  16/170Validating: Batch  24/170Validating: Batch  32/170Validating: Batch  40/170Validating: Batch  48/170Validating: Batch  56/170Validating: Batch  64/170Validating: Batch  72/170Validating: Batch  80/170Validating: Batch  88/170Validating: Batch  96/170Validating: Batch  104/170Validating: Batch  112/170Validating: Batch  120/170Validating: Batch  128/170Validating: Batch  136/170Validating: Batch  144/170Validating: Batch  152/170Validating: Batch  160/170Validating: Batch  168/170

Training: Epoch 11/15 Batch 0/791 and itera 8701
Training: Epoch 11/15 Batch 39/791 and itera 8740
Training: Epoch 11/15 Batch 78/791 and itera 8779
Training: Epoch 11/15 Batch 117/791 and itera 8818
Training: Epoch 11/15 Batch 156/791 and itera 8857
Training: Epoch 11/15 Batch 195/791 and itera 8896
Training: Epoch 11/15 Batch 234/791 and itera 8935
Training: Epoch 11/15 Batch 273/791 and itera 8974
Training: Epoch 11/15 Batch 312/791 and itera 9013
Training: Epoch 11/15 Batch 351/791 and itera 9052
Training: Epoch 11/15 Batch 390/791 and itera 9091
Training: Epoch 11/15 Batch 429/791 and itera 9130
Training: Epoch 11/15 Batch 468/791 and itera 9169
Training: Epoch 11/15 Batch 507/791 and itera 9208
Training: Epoch 11/15 Batch 546/791 and itera 9247
Training: Epoch 11/15 Batch 585/791 and itera 9286
Training: Epoch 11/15 Batch 624/791 and itera 9325
Training: Epoch 11/15 Batch 663/791 and itera 9364
Training: Epoch 11/15 Batch 702/791 and itera 9403
Training: Epoch 11/15 Batch 741/791 and itera 9442
Training: Epoch 11/15 Batch 780/791 and itera 9481
Preparing DataFrame for MotionSense val
Parsing 360 files...
Building index on the whole dataframe
Validating: Batch  0/170Validating: Batch  8/170Validating: Batch  16/170Validating: Batch  24/170Validating: Batch  32/170Validating: Batch  40/170Validating: Batch  48/170Validating: Batch  56/170Validating: Batch  64/170Validating: Batch  72/170Validating: Batch  80/170Validating: Batch  88/170Validating: Batch  96/170Validating: Batch  104/170Validating: Batch  112/170Validating: Batch  120/170Validating: Batch  128/170Validating: Batch  136/170Validating: Batch  144/170Validating: Batch  152/170Validating: Batch  160/170Validating: Batch  168/170

Training: Epoch 12/15 Batch 0/791 and itera 9492
Training: Epoch 12/15 Batch 39/791 and itera 9531
Training: Epoch 12/15 Batch 78/791 and itera 9570
Training: Epoch 12/15 Batch 117/791 and itera 9609
Training: Epoch 12/15 Batch 156/791 and itera 9648
Training: Epoch 12/15 Batch 195/791 and itera 9687
Training: Epoch 12/15 Batch 234/791 and itera 9726
Training: Epoch 12/15 Batch 273/791 and itera 9765
Training: Epoch 12/15 Batch 312/791 and itera 9804
Training: Epoch 12/15 Batch 351/791 and itera 9843
Training: Epoch 12/15 Batch 390/791 and itera 9882
Training: Epoch 12/15 Batch 429/791 and itera 9921
Training: Epoch 12/15 Batch 468/791 and itera 9960
Training: Epoch 12/15 Batch 507/791 and itera 9999
Training: Epoch 12/15 Batch 546/791 and itera 10038
Training: Epoch 12/15 Batch 585/791 and itera 10077
Training: Epoch 12/15 Batch 624/791 and itera 10116
Training: Epoch 12/15 Batch 663/791 and itera 10155
Training: Epoch 12/15 Batch 702/791 and itera 10194
Training: Epoch 12/15 Batch 741/791 and itera 10233
Training: Epoch 12/15 Batch 780/791 and itera 10272
Preparing DataFrame for MotionSense val
Parsing 360 files...
Building index on the whole dataframe
Validating: Batch  0/170Validating: Batch  8/170Validating: Batch  16/170Validating: Batch  24/170Validating: Batch  32/170Validating: Batch  40/170Validating: Batch  48/170Validating: Batch  56/170Validating: Batch  64/170Validating: Batch  72/170Validating: Batch  80/170Validating: Batch  88/170Validating: Batch  96/170Validating: Batch  104/170Validating: Batch  112/170Validating: Batch  120/170Validating: Batch  128/170Validating: Batch  136/170Validating: Batch  144/170Validating: Batch  152/170Validating: Batch  160/170Validating: Batch  168/170


