[2024-08-19 14:15:58, INFO, ::load_credentials] Loading credientials from /home/nnair/.mongodb_credentials
[2024-08-19 14:16:03, INFO, ::load_credentials] Loading credientials from /home/nnair/.mongodb_credentials
[2024-08-19 14:16:04, INFO, ICPR 2024] Running command 'run'
[2024-08-19 14:16:04, INFO, ICPR 2024] Started run with ID "3981"
root        : INFO     Finished
root        : INFO     Dataset lara_3s Network cnn_transformer Output softmax Modus train
root        : INFO         Network_selecter: Constructor
root        : INFO         Network_selecter: 
GPU: 0
NB_sensor_channels: 27
NB_sensor_channels_defaults:
  lara_3s: 27
  lara_mm: 27
  mbientlab: 30
  mobiact: 9
  mocap: 126
  motionsense: 9
  sisfall: 9
accumulation_steps: 4
accumulation_steps_defaults:
  lara_3s: 4
  lara_mm: 4
  mbientlab: 4
  mobiact: 4
  mocap: 4
  motionsense: 4
  sisfall: 4
augmentation_probability: 0.5
augmentations: null
balancing: false
balancing_defaults:
  lara_3s: false
  lara_mm: false
  mbientlab: false
  mobiact: false
  mocap: false
  motionsense: false
  sisfall: false
base_folder_exp: /data/nnair/icpr2024/debug/
batch_size_train: 200
batch_size_train_defaults:
  cnn:
    lara_3s: 100
    lara_mm: 100
    mbientlab: 100
    mobiact: 100
    mocap: 100
    motionsense: 50
    sisfall: 50
  cnn_imu:
    lara_3s: 100
    lara_mm: 100
    mbientlab: 100
    mobiact: 100
    mocap: 100
    motionsense: 100
    sisfall: 100
  cnn_transformer:
    lara_3s: 100
    lara_mm: 100
    mbientlab: 128
    mobiact: 200
    mocap: 50
    motionsense: 50
    sisfall: 50
  lstm:
    lara_3s: 50
    lara_mm: 50
    mbientlab: 50
    mobiact: 100
    mocap: 50
    motionsense: 50
    sisfall: 50
batch_size_val: 100
batch_size_val_defaults:
  cnn:
    lara_3s: 100
    lara_mm: 100
    mbientlab: 100
    mobiact: 100
    mocap: 100
    motionsense: 50
    sisfall: 50
  cnn_imu:
    lara_3s: 100
    lara_mm: 100
    mbientlab: 100
    mobiact: 100
    mocap: 100
    motionsense: 100
    sisfall: 100
  cnn_transformer:
    lara_3s: 100
    lara_mm: 100
    mbientlab: 128
    mobiact: 200
    mocap: 50
    motionsense: 50
    sisfall: 50
  lstm:
    lara_3s: 50
    lara_mm: 50
    mbientlab: 50
    mobiact: 100
    mocap: 50
    motionsense: 50
    sisfall: 50
dataset: lara_3s
dataset_finetuning: lara_3s
dataset_root: /vol/actrec/DFG_Project/2019/LARa_dataset/Motionminers/LARa_dataset_motionminers/
dataset_root_defaults:
  lara_3s: /vol/actrec/DFG_Project/2019/LARa_dataset/Motionminers/LARa_dataset_motionminers/
  lara_mm: /vol/actrec/DFG_Project/2019/Motionminers_Dataset/DFG-Data/
  mbientlab: /vol/actrec/DFG_Project/2019/LARa_dataset/Mbientlab/LARa_dataset_mbientlab/
  mobiact: /vol/actrec/MobiAct_Dataset/
  mocap: /vol/actrec/DFG_Project/2019/LARa_dataset/MoCap/LARa_dataset_mocap/
  motionsense: /vol/actrec/motion-sense-master/data/A_DeviceMotion_data/A_DeviceMotion_data
  sisfall: /vol/actrec/SisFall_dataset
dim_fc: 128
division_epochs: 1
division_epochs_defaults:
  lara_3s: 1
  lara_mm: 1
  mbientlab: 1
  mobiact: 1
  mocap: 2
  motionsense: 1
  sisfall: 1
dtw_application: false
dtw_aug: spawner
env: py311_pt212
epoch_mult: 1
epochs: 15
epochs_defaults:
  lara_3s:
    cnn:
      attribute: 10
      softmax: 10
    cnn_imu:
      attribute: 10
      softmax: 30
    cnn_transformer:
      attribute: 6
      softmax: 50
    lstm:
      attribute: 10
      softmax: 15
  lara_mm:
    cnn:
      attribute: 10
      softmax: 10
    cnn_imu:
      attribute: 10
      softmax: 30
    cnn_transformer:
      attribute: 6
      softmax: 50
    lstm:
      attribute: 10
      softmax: 15
  mbientlab:
    cnn:
      attribute: 10
      softmax: 10
    cnn_imu:
      attribute: 10
      softmax: 30
    cnn_transformer:
      attribute: 6
      softmax: 50
    lstm:
      attribute: 10
      softmax: 15
  mobiact:
    cnn:
      attribute: 50
      softmax: 10
    cnn_imu:
      attribute: 50
      softmax: 32
    cnn_transformer:
      attribute: 6
      softmax: 15
    lstm:
      attribute: 5
      softmax: 15
  mocap:
    cnn:
      attribute: 6
      softmax: 6
    cnn_imu:
      attribute: 6
      softmax: 10
    cnn_transformer:
      attribute: 6
      softmax: 15
    lstm:
      attribute: 6
      softmax: 15
  motionsense:
    cnn:
      attribute: 50
      softmax: 30
    cnn_imu:
      attribute: 10
      softmax: 32
    cnn_transformer:
      attribute: 6
      softmax: 15
    lstm:
      attribute: 5
      softmax: 15
  sisfall:
    cnn:
      attribute: 50
      softmax: 30
    cnn_imu:
      attribute: 50
      softmax: 32
    cnn_transformer:
      attribute: 6
      softmax: 15
    lstm:
      attribute: 5
      softmax: 15
evolution_iter: 10000
file_suffix: results_yy2024mm8dd19hh13mm11.xml
filter_size: 5
filter_size_defaults:
  lara_3s: 5
  lara_mm: 5
  mbientlab: 5
  mobiact: 5
  mocap: 5
  motionsense: 5
  sisfall: 5
fine_tune_path: null
folder_exp: /data/nnair/icpr2024/debug/lara_3s/results/8
folder_exp_defaults:
  lara_3s: /data/nnair/icpr2024/debug/lara_3s/results
  lara_mm: /data/nnair/icpr2024/debug/lara_mm/results
  mbientlab: /data/nnair/icpr2024/debug/lara_imu/results
  mobiact: /data/nnair/icpr2024/debug/mobiact/results
  mocap: /data/nnair/icpr2024/debug/lara/results
  motionsense: /data/nnair/icpr2024/debug/motionsense/results
  sisfall: /data/nnair/icpr2024/debug/sisfall/results
freeze_options: false
fully_convolutional: FC
half_dataset: true
hidden_layer: 256
label_pos: end
labeltype: class
layer_dim: 4
log_per_epoch: 20
lr: 0.001
lr_mult: 1.0
lstm_hidlyr: 256
lstm_lyrdim: 4
n_embedding_layers: 4
n_head: 8
n_layers: 6
name_counter: 0
network: cnn_transformer
num_attributes: 0
num_attributes_defaults:
  lara_3s: 0
  lara_mm: 0
  mbientlab: 19
  mobiact: 0
  mocap: 19
  motionsense: 0
  sisfall: 0
num_classes: 7
num_classes_defaults:
  lara_3s: 7
  lara_mm: 6
  mbientlab: 7
  mobiact: 9
  mocap: 7
  motionsense: 6
  sisfall: 15
num_filters: 64
num_filters_defaults:
  lara_3s:
    cnn: 64
    cnn_imu: 64
    cnn_transformer: 64
    lstm: 64
  lara_mm:
    cnn: 64
    cnn_imu: 64
    cnn_transformer: 64
    lstm: 64
  mbientlab:
    cnn: 64
    cnn_imu: 64
    cnn_transformer: 64
    lstm: 64
  mobiact:
    cnn: 64
    cnn_imu: 64
    cnn_transformer: 64
    lstm: 64
  mocap:
    cnn: 64
    cnn_imu: 64
    cnn_transformer: 64
    lstm: 64
  motionsense:
    cnn: 64
    cnn_imu: 64
    cnn_transformer: 64
    lstm: 64
  sisfall:
    cnn: 64
    cnn_imu: 64
    cnn_transformer: 64
    lstm: 64
num_tr_inputs: 94753
num_tr_inputs_defaults:
  lara_3s: 94753
  lara_mm: 94753
  mbientlab: 94753
  mobiact: 160561
  mocap: 345417
  motionsense: 118671
  sisfall: 118610
num_workers: 8
output: softmax
percentages_dataset:
- 0.01
- 0.02
- 0.05
- 0.1
- 0.2
- 0.3
- 0.4
- 0.5
- 0.6
- 0.7
- 0.8
- 0.9
- 1.0
percentages_names:
- '001'
- '002'
- '005'
- '01'
- '02'
- '03'
- '04'
- '05'
- '06'
- '07'
- 08
- 09
- '10'
plotting: false
polars_max_threads: 4
repetitions: 1
reshape_folder: noreshape
reshape_input: false
run_id: 8
sacred: true
seed: 42
sliding_window_length: 200
sliding_window_length_defaults:
  lara_3s: 100
  lara_mm: 100
  mbientlab: 100
  mobiact: 200
  mocap: 200
  motionsense: 200
  sisfall: 200
sliding_window_step: 12
sliding_window_step_defaults:
  lara_3s: 12
  lara_mm: 12
  mbientlab: 12
  mobiact: 50
  mocap: 25
  motionsense: 25
  sisfall: 50
train_show: 4
train_show_defaults:
  cnn: 4
  cnn_imu: 4
  cnn_transformer: 4
  lstm: 100
train_show_value: 473.765
trans_embed_layer: 4
trans_pos_embed: true
transformer_dim: 64
transformer_fc: 128
transformer_heads: 8
transformer_layers: 6
usage_modus: train
use_maxout: false
use_maxout_defaults:
  cnn: false
  cnn_imu: false
  cnn_transformer: false
  lstm: false
use_pos_embedding: true
valid_show: 9
valid_show_defaults:
  cnn: 9
  cnn_imu: 9
  cnn_transformer: 9
  lstm: 50

root        : INFO             Network_User: Constructor
root        : INFO         Network_selecter: Net modus: train
root        : INFO         Network_selecter: Train
root        : INFO         Network_selecter:    Train iter 0
root        : INFO             Network_User: Evolution evaluation iter 0
root        : INFO             Network_User: Training
root        : INFO             Network_User: Train---->
root        : INFO             Network_User:     Creating Dataloader---->
root        : INFO             Network_User:    Train:    creating network
root        : INFO                 Network: Constructor
root        : INFO                 Network: Wx 196.0 and Hx 27.0
root        : INFO                 Network: Wx 192.0 and Hx 27.0
root        : INFO                 Network: Wx 188.0 and Hx 27.0
root        : INFO                 Network: Wx 184.0 and Hx 27.0
root        : INFO     N_head = 8
root        : INFO             Network_User:    Train:    network layers
root        : INFO             Network_User:    Train:    cls_token : (1, 64)
root        : INFO             Network_User:    Train:    position_embed : (201, 1, 64)
root        : INFO             Network_User:    Train:    input_proj.0.0.weight : (64, 27, 1)
root        : INFO             Network_User:    Train:    input_proj.0.0.bias : (64,)
root        : INFO             Network_User:    Train:    input_proj.1.0.weight : (64, 64, 1)
root        : INFO             Network_User:    Train:    input_proj.1.0.bias : (64,)
root        : INFO             Network_User:    Train:    input_proj.2.0.weight : (64, 64, 1)
root        : INFO             Network_User:    Train:    input_proj.2.0.bias : (64,)
root        : INFO             Network_User:    Train:    input_proj.3.0.weight : (64, 64, 1)
root        : INFO             Network_User:    Train:    input_proj.3.0.bias : (64,)
root        : INFO             Network_User:    Train:    transformer_encoder.layers.0.self_attn.in_proj_weight : (192, 64)
root        : INFO             Network_User:    Train:    transformer_encoder.layers.0.self_attn.in_proj_bias : (192,)
root        : INFO             Network_User:    Train:    transformer_encoder.layers.0.self_attn.out_proj.weight : (64, 64)
root        : INFO             Network_User:    Train:    transformer_encoder.layers.0.self_attn.out_proj.bias : (64,)
root        : INFO             Network_User:    Train:    transformer_encoder.layers.0.linear1.weight : (128, 64)
root        : INFO             Network_User:    Train:    transformer_encoder.layers.0.linear1.bias : (128,)
root        : INFO             Network_User:    Train:    transformer_encoder.layers.0.linear2.weight : (64, 128)
root        : INFO             Network_User:    Train:    transformer_encoder.layers.0.linear2.bias : (64,)
root        : INFO             Network_User:    Train:    transformer_encoder.layers.0.norm1.weight : (64,)
root        : INFO             Network_User:    Train:    transformer_encoder.layers.0.norm1.bias : (64,)
root        : INFO             Network_User:    Train:    transformer_encoder.layers.0.norm2.weight : (64,)
root        : INFO             Network_User:    Train:    transformer_encoder.layers.0.norm2.bias : (64,)
root        : INFO             Network_User:    Train:    transformer_encoder.layers.1.self_attn.in_proj_weight : (192, 64)
root        : INFO             Network_User:    Train:    transformer_encoder.layers.1.self_attn.in_proj_bias : (192,)
root        : INFO             Network_User:    Train:    transformer_encoder.layers.1.self_attn.out_proj.weight : (64, 64)
root        : INFO             Network_User:    Train:    transformer_encoder.layers.1.self_attn.out_proj.bias : (64,)
root        : INFO             Network_User:    Train:    transformer_encoder.layers.1.linear1.weight : (128, 64)
root        : INFO             Network_User:    Train:    transformer_encoder.layers.1.linear1.bias : (128,)
root        : INFO             Network_User:    Train:    transformer_encoder.layers.1.linear2.weight : (64, 128)
root        : INFO             Network_User:    Train:    transformer_encoder.layers.1.linear2.bias : (64,)
root        : INFO             Network_User:    Train:    transformer_encoder.layers.1.norm1.weight : (64,)
root        : INFO             Network_User:    Train:    transformer_encoder.layers.1.norm1.bias : (64,)
root        : INFO             Network_User:    Train:    transformer_encoder.layers.1.norm2.weight : (64,)
root        : INFO             Network_User:    Train:    transformer_encoder.layers.1.norm2.bias : (64,)
root        : INFO             Network_User:    Train:    transformer_encoder.layers.2.self_attn.in_proj_weight : (192, 64)
root        : INFO             Network_User:    Train:    transformer_encoder.layers.2.self_attn.in_proj_bias : (192,)
root        : INFO             Network_User:    Train:    transformer_encoder.layers.2.self_attn.out_proj.weight : (64, 64)
root        : INFO             Network_User:    Train:    transformer_encoder.layers.2.self_attn.out_proj.bias : (64,)
root        : INFO             Network_User:    Train:    transformer_encoder.layers.2.linear1.weight : (128, 64)
root        : INFO             Network_User:    Train:    transformer_encoder.layers.2.linear1.bias : (128,)
root        : INFO             Network_User:    Train:    transformer_encoder.layers.2.linear2.weight : (64, 128)
root        : INFO             Network_User:    Train:    transformer_encoder.layers.2.linear2.bias : (64,)
root        : INFO             Network_User:    Train:    transformer_encoder.layers.2.norm1.weight : (64,)
root        : INFO             Network_User:    Train:    transformer_encoder.layers.2.norm1.bias : (64,)
root        : INFO             Network_User:    Train:    transformer_encoder.layers.2.norm2.weight : (64,)
root        : INFO             Network_User:    Train:    transformer_encoder.layers.2.norm2.bias : (64,)
root        : INFO             Network_User:    Train:    transformer_encoder.layers.3.self_attn.in_proj_weight : (192, 64)
root        : INFO             Network_User:    Train:    transformer_encoder.layers.3.self_attn.in_proj_bias : (192,)
root        : INFO             Network_User:    Train:    transformer_encoder.layers.3.self_attn.out_proj.weight : (64, 64)
root        : INFO             Network_User:    Train:    transformer_encoder.layers.3.self_attn.out_proj.bias : (64,)
root        : INFO             Network_User:    Train:    transformer_encoder.layers.3.linear1.weight : (128, 64)
root        : INFO             Network_User:    Train:    transformer_encoder.layers.3.linear1.bias : (128,)
root        : INFO             Network_User:    Train:    transformer_encoder.layers.3.linear2.weight : (64, 128)
root        : INFO             Network_User:    Train:    transformer_encoder.layers.3.linear2.bias : (64,)
root        : INFO             Network_User:    Train:    transformer_encoder.layers.3.norm1.weight : (64,)
root        : INFO             Network_User:    Train:    transformer_encoder.layers.3.norm1.bias : (64,)
root        : INFO             Network_User:    Train:    transformer_encoder.layers.3.norm2.weight : (64,)
root        : INFO             Network_User:    Train:    transformer_encoder.layers.3.norm2.bias : (64,)
root        : INFO             Network_User:    Train:    transformer_encoder.layers.4.self_attn.in_proj_weight : (192, 64)
root        : INFO             Network_User:    Train:    transformer_encoder.layers.4.self_attn.in_proj_bias : (192,)
root        : INFO             Network_User:    Train:    transformer_encoder.layers.4.self_attn.out_proj.weight : (64, 64)
root        : INFO             Network_User:    Train:    transformer_encoder.layers.4.self_attn.out_proj.bias : (64,)
root        : INFO             Network_User:    Train:    transformer_encoder.layers.4.linear1.weight : (128, 64)
root        : INFO             Network_User:    Train:    transformer_encoder.layers.4.linear1.bias : (128,)
root        : INFO             Network_User:    Train:    transformer_encoder.layers.4.linear2.weight : (64, 128)
root        : INFO             Network_User:    Train:    transformer_encoder.layers.4.linear2.bias : (64,)
root        : INFO             Network_User:    Train:    transformer_encoder.layers.4.norm1.weight : (64,)
root        : INFO             Network_User:    Train:    transformer_encoder.layers.4.norm1.bias : (64,)
root        : INFO             Network_User:    Train:    transformer_encoder.layers.4.norm2.weight : (64,)
root        : INFO             Network_User:    Train:    transformer_encoder.layers.4.norm2.bias : (64,)
root        : INFO             Network_User:    Train:    transformer_encoder.layers.5.self_attn.in_proj_weight : (192, 64)
root        : INFO             Network_User:    Train:    transformer_encoder.layers.5.self_attn.in_proj_bias : (192,)
root        : INFO             Network_User:    Train:    transformer_encoder.layers.5.self_attn.out_proj.weight : (64, 64)
root        : INFO             Network_User:    Train:    transformer_encoder.layers.5.self_attn.out_proj.bias : (64,)
root        : INFO             Network_User:    Train:    transformer_encoder.layers.5.linear1.weight : (128, 64)
root        : INFO             Network_User:    Train:    transformer_encoder.layers.5.linear1.bias : (128,)
root        : INFO             Network_User:    Train:    transformer_encoder.layers.5.linear2.weight : (64, 128)
root        : INFO             Network_User:    Train:    transformer_encoder.layers.5.linear2.bias : (64,)
root        : INFO             Network_User:    Train:    transformer_encoder.layers.5.norm1.weight : (64,)
root        : INFO             Network_User:    Train:    transformer_encoder.layers.5.norm1.bias : (64,)
root        : INFO             Network_User:    Train:    transformer_encoder.layers.5.norm2.weight : (64,)
root        : INFO             Network_User:    Train:    transformer_encoder.layers.5.norm2.bias : (64,)
root        : INFO             Network_User:    Train:    transformer_encoder.norm.weight : (64,)
root        : INFO             Network_User:    Train:    transformer_encoder.norm.bias : (64,)
root        : INFO             Network_User:    Train:    imu_head.0.weight : (64,)
root        : INFO             Network_User:    Train:    imu_head.0.bias : (64,)
root        : INFO             Network_User:    Train:    imu_head.1.weight : (16, 64)
root        : INFO             Network_User:    Train:    imu_head.1.bias : (16,)
root        : INFO             Network_User:    Train:    imu_head.4.weight : (7, 16)
root        : INFO             Network_User:    Train:    imu_head.4.bias : (7,)
root        : INFO             Network_User:    Train:    setting device
root        : INFO             Network_User:    Train:    setting criterion optimizer Softmax
root        : INFO                 Metrics: Constructor
root        : INFO     
        Network_User:    Train:    Training epoch 0
root        : INFO             Network_User:            Dataset lara_3s network cnn_transformer lr 0.001 lr_optimizer 0.001 Reshape False 
root        : INFO             Network_User:    Train:    epoch 0/15 batch 0/266 itera 1 elapsed time 0.482590913772583 best itera 0
root        : INFO             Network_User:    Train:    loss 0.485093355178833
root        : INFO             Network_User:    Train:    acc 0.08, f1_weighted 0.01926450990140438, f1_mean 0.03298848122358322
root        : INFO             Network_User:    Train:    Allocated 0.0 GB Cached 1.1 GB
root        : INFO     

--------------------------
root        : INFO             Network_User:            Dataset lara_3s network cnn_transformer lr 0.001 lr_optimizer 0.001 Reshape False 
root        : INFO             Network_User:    Train:    epoch 0/15 batch 13/266 itera 14 elapsed time 0.19100236892700195 best itera 0
root        : INFO             Network_User:    Train:    loss 0.3622479736804962
root        : INFO             Network_User:    Train:    acc 0.61, f1_weighted 0.46602484583854675, f1_mean 0.10825199633836746
root        : INFO             Network_User:    Train:    Allocated 0.0 GB Cached 1.1 GB
root        : INFO     

--------------------------
root        : INFO             Network_User:            Dataset lara_3s network cnn_transformer lr 0.001 lr_optimizer 0.001 Reshape False 
root        : INFO             Network_User:    Train:    epoch 0/15 batch 26/266 itera 27 elapsed time 0.19112491607666016 best itera 0
root        : INFO             Network_User:    Train:    loss 0.3578638434410095
root        : INFO             Network_User:    Train:    acc 0.59, f1_weighted 0.4378616213798523, f1_mean 0.1060197725892067
root        : INFO             Network_User:    Train:    Allocated 0.0 GB Cached 1.1 GB
root        : INFO     

--------------------------
root        : INFO             Network_User:            Dataset lara_3s network cnn_transformer lr 0.001 lr_optimizer 0.001 Reshape False 
root        : INFO             Network_User:    Train:    epoch 0/15 batch 39/266 itera 40 elapsed time 0.19063282012939453 best itera 0
root        : INFO             Network_User:    Train:    loss 0.3567124307155609
root        : INFO             Network_User:    Train:    acc 0.59, f1_weighted 0.4378616213798523, f1_mean 0.1060197725892067
root        : INFO             Network_User:    Train:    Allocated 0.0 GB Cached 1.1 GB
root        : INFO     

--------------------------
root        : INFO             Network_User:            Dataset lara_3s network cnn_transformer lr 0.001 lr_optimizer 0.001 Reshape False 
root        : INFO             Network_User:    Train:    epoch 0/15 batch 52/266 itera 53 elapsed time 0.19086718559265137 best itera 0
root        : INFO             Network_User:    Train:    loss 0.33208224177360535
root        : INFO             Network_User:    Train:    acc 0.615, f1_weighted 0.4683901071548462, f1_mean 0.10880141705274582
root        : INFO             Network_User:    Train:    Allocated 0.0 GB Cached 1.1 GB
root        : INFO     

--------------------------
root        : INFO             Network_User:            Dataset lara_3s network cnn_transformer lr 0.001 lr_optimizer 0.001 Reshape False 
root        : INFO             Network_User:    Train:    epoch 0/15 batch 65/266 itera 66 elapsed time 0.1960468292236328 best itera 0
root        : INFO             Network_User:    Train:    loss 0.35453665256500244
root        : INFO             Network_User:    Train:    acc 0.6, f1_weighted 0.45000001788139343, f1_mean 0.1071428582072258
root        : INFO             Network_User:    Train:    Allocated 0.0 GB Cached 1.1 GB
root        : INFO     

--------------------------
root        : INFO             Network_User:            Dataset lara_3s network cnn_transformer lr 0.001 lr_optimizer 0.001 Reshape False 
root        : INFO             Network_User:    Train:    epoch 0/15 batch 78/266 itera 79 elapsed time 0.19095921516418457 best itera 0
root        : INFO             Network_User:    Train:    loss 0.3521440029144287
root        : INFO             Network_User:    Train:    acc 0.6, f1_weighted 0.45000001788139343, f1_mean 0.1071428582072258
root        : INFO             Network_User:    Train:    Allocated 0.0 GB Cached 1.1 GB
root        : INFO     

--------------------------
root        : INFO             Network_User:            Dataset lara_3s network cnn_transformer lr 0.001 lr_optimizer 0.001 Reshape False 
root        : INFO             Network_User:    Train:    epoch 0/15 batch 91/266 itera 92 elapsed time 0.19061875343322754 best itera 0
root        : INFO             Network_User:    Train:    loss 0.33112993836402893
root        : INFO             Network_User:    Train:    acc 0.63, f1_weighted 0.4869938790798187, f1_mean 0.11042945086956024
root        : INFO             Network_User:    Train:    Allocated 0.0 GB Cached 1.1 GB
root        : INFO     

--------------------------
root        : INFO             Network_User:            Dataset lara_3s network cnn_transformer lr 0.001 lr_optimizer 0.001 Reshape False 
root        : INFO             Network_User:    Train:    epoch 0/15 batch 104/266 itera 105 elapsed time 0.1911311149597168 best itera 0
root        : INFO             Network_User:    Train:    loss 0.3467448949813843
root        : INFO             Network_User:    Train:    acc 0.605, f1_weighted 0.45610594749450684, f1_mean 0.10769915580749512
root        : INFO             Network_User:    Train:    Allocated 0.0 GB Cached 1.1 GB
root        : INFO     

--------------------------
root        : INFO             Network_User:            Dataset lara_3s network cnn_transformer lr 0.001 lr_optimizer 0.001 Reshape False 
root        : INFO             Network_User:    Train:    epoch 0/15 batch 117/266 itera 118 elapsed time 0.1939537525177002 best itera 0
root        : INFO             Network_User:    Train:    loss 0.36694270372390747
root        : INFO             Network_User:    Train:    acc 0.58, f1_weighted 0.42582279443740845, f1_mean 0.10488246381282806
root        : INFO             Network_User:    Train:    Allocated 0.0 GB Cached 1.1 GB
root        : INFO     

--------------------------
root        : INFO             Network_User:            Dataset lara_3s network cnn_transformer lr 0.001 lr_optimizer 0.001 Reshape False 
root        : INFO             Network_User:    Train:    epoch 0/15 batch 130/266 itera 131 elapsed time 0.19110536575317383 best itera 0
root        : INFO             Network_User:    Train:    loss 0.3544934093952179
root        : INFO             Network_User:    Train:    acc 0.575, f1_weighted 0.4198412299156189, f1_mean 0.10430838167667389
root        : INFO             Network_User:    Train:    Allocated 0.0 GB Cached 1.1 GB
root        : INFO     

--------------------------
root        : INFO             Network_User:            Dataset lara_3s network cnn_transformer lr 0.001 lr_optimizer 0.001 Reshape False 
root        : INFO             Network_User:    Train:    epoch 0/15 batch 143/266 itera 144 elapsed time 0.19504690170288086 best itera 0
root        : INFO             Network_User:    Train:    loss 0.3493703603744507
root        : INFO             Network_User:    Train:    acc 0.595, f1_weighted 0.44391852617263794, f1_mean 0.10658307373523712
root        : INFO             Network_User:    Train:    Allocated 0.0 GB Cached 1.1 GB
root        : INFO     

--------------------------
root        : INFO             Network_User:            Dataset lara_3s network cnn_transformer lr 0.001 lr_optimizer 0.001 Reshape False 
root        : INFO             Network_User:    Train:    epoch 0/15 batch 156/266 itera 157 elapsed time 0.19533205032348633 best itera 0
root        : INFO             Network_User:    Train:    loss 0.31474465131759644
root        : INFO             Network_User:    Train:    acc 0.66, f1_weighted 0.5248193144798279, f1_mean 0.11359725147485733
root        : INFO             Network_User:    Train:    Allocated 0.0 GB Cached 1.1 GB
root        : INFO     

--------------------------
root        : INFO             Network_User:            Dataset lara_3s network cnn_transformer lr 0.001 lr_optimizer 0.001 Reshape False 
root        : INFO             Network_User:    Train:    epoch 0/15 batch 169/266 itera 170 elapsed time 0.19545793533325195 best itera 0
root        : INFO             Network_User:    Train:    loss 0.3354535400867462
root        : INFO             Network_User:    Train:    acc 0.62, f1_weighted 0.4745679199695587, f1_mean 0.10934744775295258
root        : INFO             Network_User:    Train:    Allocated 0.0 GB Cached 1.1 GB
root        : INFO     

--------------------------
root        : INFO             Network_User:            Dataset lara_3s network cnn_transformer lr 0.001 lr_optimizer 0.001 Reshape False 
root        : INFO             Network_User:    Train:    epoch 0/15 batch 182/266 itera 183 elapsed time 0.19084882736206055 best itera 0
root        : INFO             Network_User:    Train:    loss 0.3267029821872711
root        : INFO             Network_User:    Train:    acc 0.625, f1_weighted 0.48076924681663513, f1_mean 0.10989011079072952
root        : INFO             Network_User:    Train:    Allocated 0.0 GB Cached 1.1 GB
root        : INFO     

--------------------------
root        : INFO             Network_User:            Dataset lara_3s network cnn_transformer lr 0.001 lr_optimizer 0.001 Reshape False 
root        : INFO             Network_User:    Train:    epoch 0/15 batch 195/266 itera 196 elapsed time 0.1905968189239502 best itera 0
root        : INFO             Network_User:    Train:    loss 0.38499724864959717
root        : INFO             Network_User:    Train:    acc 0.525, f1_weighted 0.3614753782749176, f1_mean 0.09836065024137497
root        : INFO             Network_User:    Train:    Allocated 0.0 GB Cached 1.1 GB
root        : INFO     

--------------------------
root        : INFO             Network_User:            Dataset lara_3s network cnn_transformer lr 0.001 lr_optimizer 0.001 Reshape False 
root        : INFO             Network_User:    Train:    epoch 0/15 batch 208/266 itera 209 elapsed time 0.1909806728363037 best itera 0
root        : INFO             Network_User:    Train:    loss 0.3423804044723511
root        : INFO             Network_User:    Train:    acc 0.605, f1_weighted 0.45610594749450684, f1_mean 0.10769915580749512
root        : INFO             Network_User:    Train:    Allocated 0.0 GB Cached 1.1 GB
root        : INFO     

--------------------------
root        : INFO             Network_User:            Dataset lara_3s network cnn_transformer lr 0.001 lr_optimizer 0.001 Reshape False 
root        : INFO             Network_User:    Train:    epoch 0/15 batch 221/266 itera 222 elapsed time 0.19090056419372559 best itera 0
root        : INFO             Network_User:    Train:    loss 0.3424334228038788
root        : INFO             Network_User:    Train:    acc 0.59, f1_weighted 0.4378616213798523, f1_mean 0.1060197725892067
root        : INFO             Network_User:    Train:    Allocated 0.0 GB Cached 1.1 GB
root        : INFO     

--------------------------
root        : INFO             Network_User:            Dataset lara_3s network cnn_transformer lr 0.001 lr_optimizer 0.001 Reshape False 
root        : INFO             Network_User:    Train:    epoch 0/15 batch 234/266 itera 235 elapsed time 0.19099116325378418 best itera 0
root        : INFO             Network_User:    Train:    loss 0.33662092685699463
root        : INFO             Network_User:    Train:    acc 0.61, f1_weighted 0.46223604679107666, f1_mean 0.10825199633836746
root        : INFO             Network_User:    Train:    Allocated 0.0 GB Cached 1.1 GB
root        : INFO     

--------------------------
root        : INFO             Network_User:            Dataset lara_3s network cnn_transformer lr 0.001 lr_optimizer 0.001 Reshape False 
root        : INFO             Network_User:    Train:    epoch 0/15 batch 247/266 itera 248 elapsed time 0.19065070152282715 best itera 0
root        : INFO             Network_User:    Train:    loss 0.364675372838974
root        : INFO             Network_User:    Train:    acc 0.545, f1_weighted 0.38449838757514954, f1_mean 0.10078594833612442
root        : INFO             Network_User:    Train:    Allocated 0.0 GB Cached 1.1 GB
root        : INFO     

--------------------------
root        : INFO             Network_User:            Dataset lara_3s network cnn_transformer lr 0.001 lr_optimizer 0.001 Reshape False 
root        : INFO             Network_User:    Train:    epoch 0/15 batch 260/266 itera 261 elapsed time 0.19279909133911133 best itera 0
root        : INFO             Network_User:    Train:    loss 0.3522568643093109
root        : INFO             Network_User:    Train:    acc 0.59, f1_weighted 0.4378616213798523, f1_mean 0.1060197725892067
root        : INFO             Network_User:    Train:    Allocated 0.0 GB Cached 1.1 GB
root        : INFO     

--------------------------
root        : INFO     

root        : INFO             Network_User:        Validating
root        : INFO                 Metrics: Constructor
root        : INFO     

root        : INFO             Network_User:        Validating:    epoch 0 batch 265 itera 266 elapsed time 8.930123805999756, best itera 0
root        : INFO             Network_User:        Validating:    acc 0.5242785662586147, f1_weighted 0.360653281211853, f1_mean 0.09827198088169098
root        : INFO             Network_User:            Saving the network
root        : INFO     
        Network_User:    Train:    Training epoch 1
root        : INFO             Network_User:            Dataset lara_3s network cnn_transformer lr 0.001 lr_optimizer 0.001 Reshape False 
root        : INFO             Network_User:    Train:    epoch 1/15 batch 0/266 itera 267 elapsed time 0.2000424861907959 best itera 266
root        : INFO             Network_User:    Train:    loss 0.32544630765914917
root        : INFO             Network_User:    Train:    acc 0.635, f1_weighted 0.4932416081428528, f1_mean 0.11096549034118652
root        : INFO             Network_User:    Train:    Allocated 0.0 GB Cached 1.1 GB
root        : INFO     

--------------------------
root        : INFO             Network_User:            Dataset lara_3s network cnn_transformer lr 0.001 lr_optimizer 0.001 Reshape False 
root        : INFO             Network_User:    Train:    epoch 1/15 batch 13/266 itera 280 elapsed time 0.19071698188781738 best itera 266
root        : INFO             Network_User:    Train:    loss 0.30693379044532776
root        : INFO             Network_User:    Train:    acc 0.66, f1_weighted 0.5248193144798279, f1_mean 0.11359725147485733
root        : INFO             Network_User:    Train:    Allocated 0.0 GB Cached 1.1 GB
root        : INFO     

--------------------------
root        : INFO             Network_User:            Dataset lara_3s network cnn_transformer lr 0.001 lr_optimizer 0.001 Reshape False 
root        : INFO             Network_User:    Train:    epoch 1/15 batch 26/266 itera 293 elapsed time 0.19450855255126953 best itera 266
root        : INFO             Network_User:    Train:    loss 0.3516198694705963
root        : INFO             Network_User:    Train:    acc 0.595, f1_weighted 0.44391852617263794, f1_mean 0.10658307373523712
root        : INFO             Network_User:    Train:    Allocated 0.0 GB Cached 1.1 GB
root        : INFO     

--------------------------
root        : INFO             Network_User:            Dataset lara_3s network cnn_transformer lr 0.001 lr_optimizer 0.001 Reshape False 
root        : INFO             Network_User:    Train:    epoch 1/15 batch 39/266 itera 306 elapsed time 0.19083547592163086 best itera 266
root        : INFO             Network_User:    Train:    loss 0.31112563610076904
root        : INFO             Network_User:    Train:    acc 0.65, f1_weighted 0.5121211409568787, f1_mean 0.11255411058664322
root        : INFO             Network_User:    Train:    Allocated 0.0 GB Cached 1.1 GB
root        : INFO     

--------------------------
root        : INFO             Network_User:            Dataset lara_3s network cnn_transformer lr 0.001 lr_optimizer 0.001 Reshape False 
root        : INFO             Network_User:    Train:    epoch 1/15 batch 52/266 itera 319 elapsed time 0.19103050231933594 best itera 266
root        : INFO             Network_User:    Train:    loss 0.2991766631603241
root        : INFO             Network_User:    Train:    acc 0.64, f1_weighted 0.514338493347168, f1_mean 0.15637226402759552
root        : INFO             Network_User:    Train:    Allocated 0.0 GB Cached 1.1 GB
root        : INFO     

--------------------------
root        : INFO             Network_User:            Dataset lara_3s network cnn_transformer lr 0.001 lr_optimizer 0.001 Reshape False 
root        : INFO             Network_User:    Train:    epoch 1/15 batch 65/266 itera 332 elapsed time 0.19088077545166016 best itera 266
root        : INFO             Network_User:    Train:    loss 0.32841938734054565
root        : INFO             Network_User:    Train:    acc 0.575, f1_weighted 0.47142529487609863, f1_mean 0.18098224699497223
root        : INFO             Network_User:    Train:    Allocated 0.0 GB Cached 1.1 GB
root        : INFO     

--------------------------
root        : INFO             Network_User:            Dataset lara_3s network cnn_transformer lr 0.001 lr_optimizer 0.001 Reshape False 
root        : INFO             Network_User:    Train:    epoch 1/15 batch 78/266 itera 345 elapsed time 0.1918046474456787 best itera 266
root        : INFO             Network_User:    Train:    loss 0.3346327543258667
root        : INFO             Network_User:    Train:    acc 0.585, f1_weighted 0.4657055139541626, f1_mean 0.17505061626434326
root        : INFO             Network_User:    Train:    Allocated 0.0 GB Cached 1.1 GB
root        : INFO     

--------------------------
root        : INFO             Network_User:            Dataset lara_3s network cnn_transformer lr 0.001 lr_optimizer 0.001 Reshape False 
root        : INFO             Network_User:    Train:    epoch 1/15 batch 91/266 itera 358 elapsed time 0.19100570678710938 best itera 266
root        : INFO             Network_User:    Train:    loss 0.2966160476207733
root        : INFO             Network_User:    Train:    acc 0.635, f1_weighted 0.5204994082450867, f1_mean 0.15830311179161072
root        : INFO             Network_User:    Train:    Allocated 0.0 GB Cached 1.1 GB
root        : INFO     

--------------------------
root        : INFO             Network_User:            Dataset lara_3s network cnn_transformer lr 0.001 lr_optimizer 0.001 Reshape False 
root        : INFO             Network_User:    Train:    epoch 1/15 batch 104/266 itera 371 elapsed time 0.19569873809814453 best itera 266
root        : INFO             Network_User:    Train:    loss 0.2921159863471985
root        : INFO             Network_User:    Train:    acc 0.635, f1_weighted 0.5194534659385681, f1_mean 0.16571633517742157
root        : INFO             Network_User:    Train:    Allocated 0.0 GB Cached 1.1 GB
root        : INFO     

--------------------------
root        : INFO             Network_User:            Dataset lara_3s network cnn_transformer lr 0.001 lr_optimizer 0.001 Reshape False 
root        : INFO             Network_User:    Train:    epoch 1/15 batch 117/266 itera 384 elapsed time 0.19505929946899414 best itera 266
root        : INFO             Network_User:    Train:    loss 0.27693742513656616
root        : INFO             Network_User:    Train:    acc 0.665, f1_weighted 0.5593684315681458, f1_mean 0.1578505039215088
root        : INFO             Network_User:    Train:    Allocated 0.0 GB Cached 1.1 GB
root        : INFO     

--------------------------
root        : INFO             Network_User:            Dataset lara_3s network cnn_transformer lr 0.001 lr_optimizer 0.001 Reshape False 
root        : INFO             Network_User:    Train:    epoch 1/15 batch 130/266 itera 397 elapsed time 0.1910693645477295 best itera 266
root        : INFO             Network_User:    Train:    loss 0.2962666451931
root        : INFO             Network_User:    Train:    acc 0.655, f1_weighted 0.5331249833106995, f1_mean 0.16785714030265808
root        : INFO             Network_User:    Train:    Allocated 0.0 GB Cached 1.1 GB
root        : INFO     

--------------------------
root        : INFO             Network_User:            Dataset lara_3s network cnn_transformer lr 0.001 lr_optimizer 0.001 Reshape False 
root        : INFO             Network_User:    Train:    epoch 1/15 batch 143/266 itera 410 elapsed time 0.19115734100341797 best itera 266
root        : INFO             Network_User:    Train:    loss 0.3236744701862335
root        : INFO             Network_User:    Train:    acc 0.61, f1_weighted 0.4823525846004486, f1_mean 0.19517329335212708
root        : INFO             Network_User:    Train:    Allocated 0.0 GB Cached 1.1 GB
root        : INFO     

--------------------------
root        : INFO             Network_User:            Dataset lara_3s network cnn_transformer lr 0.001 lr_optimizer 0.001 Reshape False 
root        : INFO             Network_User:    Train:    epoch 1/15 batch 156/266 itera 423 elapsed time 0.19128632545471191 best itera 266
root        : INFO             Network_User:    Train:    loss 0.3134523630142212
root        : INFO             Network_User:    Train:    acc 0.585, f1_weighted 0.45793870091438293, f1_mean 0.19459077715873718
root        : INFO             Network_User:    Train:    Allocated 0.0 GB Cached 1.1 GB
root        : INFO     

--------------------------
root        : INFO             Network_User:            Dataset lara_3s network cnn_transformer lr 0.001 lr_optimizer 0.001 Reshape False 
root        : INFO             Network_User:    Train:    epoch 1/15 batch 169/266 itera 436 elapsed time 0.19067668914794922 best itera 266
root        : INFO             Network_User:    Train:    loss 0.3018537759780884
root        : INFO             Network_User:    Train:    acc 0.585, f1_weighted 0.46854180097579956, f1_mean 0.2043280303478241
root        : INFO             Network_User:    Train:    Allocated 0.0 GB Cached 1.1 GB
root        : INFO     

--------------------------
root        : INFO             Network_User:            Dataset lara_3s network cnn_transformer lr 0.001 lr_optimizer 0.001 Reshape False 
root        : INFO             Network_User:    Train:    epoch 1/15 batch 182/266 itera 449 elapsed time 0.19082260131835938 best itera 266
root        : INFO             Network_User:    Train:    loss 0.26990360021591187
root        : INFO             Network_User:    Train:    acc 0.68, f1_weighted 0.5746738314628601, f1_mean 0.24939189851284027
root        : INFO             Network_User:    Train:    Allocated 0.0 GB Cached 1.1 GB
root        : INFO     

--------------------------
root        : INFO             Network_User:            Dataset lara_3s network cnn_transformer lr 0.001 lr_optimizer 0.001 Reshape False 
root        : INFO             Network_User:    Train:    epoch 1/15 batch 195/266 itera 462 elapsed time 0.1909191608428955 best itera 266
root        : INFO             Network_User:    Train:    loss 0.28848227858543396
root        : INFO             Network_User:    Train:    acc 0.62, f1_weighted 0.48973166942596436, f1_mean 0.16668188571929932
root        : INFO             Network_User:    Train:    Allocated 0.0 GB Cached 1.1 GB
root        : INFO     

--------------------------
root        : INFO             Network_User:            Dataset lara_3s network cnn_transformer lr 0.001 lr_optimizer 0.001 Reshape False 
root        : INFO             Network_User:    Train:    epoch 1/15 batch 208/266 itera 475 elapsed time 0.19100284576416016 best itera 266
root        : INFO             Network_User:    Train:    loss 0.28231918811798096
root        : INFO             Network_User:    Train:    acc 0.605, f1_weighted 0.4744536876678467, f1_mean 0.18022705614566803
root        : INFO             Network_User:    Train:    Allocated 0.0 GB Cached 1.1 GB
root        : INFO     

--------------------------
root        : INFO             Network_User:            Dataset lara_3s network cnn_transformer lr 0.001 lr_optimizer 0.001 Reshape False 
root        : INFO             Network_User:    Train:    epoch 1/15 batch 221/266 itera 488 elapsed time 0.19063019752502441 best itera 266
root        : INFO             Network_User:    Train:    loss 0.2756577432155609
root        : INFO             Network_User:    Train:    acc 0.62, f1_weighted 0.4973205327987671, f1_mean 0.16611722111701965
root        : INFO             Network_User:    Train:    Allocated 0.0 GB Cached 1.1 GB
root        : INFO     

--------------------------
root        : INFO             Network_User:            Dataset lara_3s network cnn_transformer lr 0.001 lr_optimizer 0.001 Reshape False 
root        : INFO             Network_User:    Train:    epoch 1/15 batch 234/266 itera 501 elapsed time 0.19086027145385742 best itera 266
root        : INFO             Network_User:    Train:    loss 0.26010018587112427
root        : INFO             Network_User:    Train:    acc 0.65, f1_weighted 0.5372186899185181, f1_mean 0.20834851264953613
root        : INFO             Network_User:    Train:    Allocated 0.0 GB Cached 1.1 GB
root        : INFO     

--------------------------
root        : INFO             Network_User:            Dataset lara_3s network cnn_transformer lr 0.001 lr_optimizer 0.001 Reshape False 
root        : INFO             Network_User:    Train:    epoch 1/15 batch 247/266 itera 514 elapsed time 0.19086933135986328 best itera 266
root        : INFO             Network_User:    Train:    loss 0.27237826585769653
root        : INFO             Network_User:    Train:    acc 0.665, f1_weighted 0.5549959540367126, f1_mean 0.22215881943702698
root        : INFO             Network_User:    Train:    Allocated 0.0 GB Cached 1.1 GB
root        : INFO     

--------------------------
root        : INFO             Network_User:            Dataset lara_3s network cnn_transformer lr 0.001 lr_optimizer 0.001 Reshape False 
root        : INFO             Network_User:    Train:    epoch 1/15 batch 260/266 itera 527 elapsed time 0.1956925392150879 best itera 266
root        : INFO             Network_User:    Train:    loss 0.26882204413414
root        : INFO             Network_User:    Train:    acc 0.64, f1_weighted 0.5408976674079895, f1_mean 0.25687655806541443
root        : INFO             Network_User:    Train:    Allocated 0.0 GB Cached 1.1 GB
root        : INFO     

--------------------------
root        : INFO     

root        : INFO             Network_User:        Validating
root        : INFO                 Metrics: Constructor
root        : INFO     

root        : INFO             Network_User:        Validating:    epoch 1 batch 265 itera 532 elapsed time 8.67554259300232, best itera 266
root        : INFO             Network_User:        Validating:    acc 0.5350410674387135, f1_weighted 0.42377015948295593, f1_mean 0.22598223388195038
root        : INFO             Network_User:            Saving the network
root        : INFO     
        Network_User:    Train:    Training epoch 2
root        : INFO             Network_User:            Dataset lara_3s network cnn_transformer lr 0.001 lr_optimizer 0.001 Reshape False 
root        : INFO             Network_User:    Train:    epoch 2/15 batch 0/266 itera 533 elapsed time 0.19864535331726074 best itera 532
root        : INFO             Network_User:    Train:    loss 0.2475089281797409
root        : INFO             Network_User:    Train:    acc 0.71, f1_weighted 0.6245955228805542, f1_mean 0.30339738726615906
root        : INFO             Network_User:    Train:    Allocated 0.0 GB Cached 1.1 GB
root        : INFO     

--------------------------
root        : INFO             Network_User:            Dataset lara_3s network cnn_transformer lr 0.001 lr_optimizer 0.001 Reshape False 
root        : INFO             Network_User:    Train:    epoch 2/15 batch 13/266 itera 546 elapsed time 0.19546294212341309 best itera 532
root        : INFO             Network_User:    Train:    loss 0.2592463791370392
root        : INFO             Network_User:    Train:    acc 0.68, f1_weighted 0.5864043831825256, f1_mean 0.3185217082500458
root        : INFO             Network_User:    Train:    Allocated 0.0 GB Cached 1.1 GB
root        : INFO     

--------------------------
root        : INFO             Network_User:            Dataset lara_3s network cnn_transformer lr 0.001 lr_optimizer 0.001 Reshape False 
root        : INFO             Network_User:    Train:    epoch 2/15 batch 26/266 itera 559 elapsed time 0.1909019947052002 best itera 532
root        : INFO             Network_User:    Train:    loss 0.28298693895339966
root        : INFO             Network_User:    Train:    acc 0.62, f1_weighted 0.5120437145233154, f1_mean 0.26825839281082153
root        : INFO             Network_User:    Train:    Allocated 0.0 GB Cached 1.1 GB
root        : INFO     

--------------------------
root        : INFO             Network_User:            Dataset lara_3s network cnn_transformer lr 0.001 lr_optimizer 0.001 Reshape False 
root        : INFO             Network_User:    Train:    epoch 2/15 batch 39/266 itera 572 elapsed time 0.19055628776550293 best itera 532
root        : INFO             Network_User:    Train:    loss 0.24320073425769806
root        : INFO             Network_User:    Train:    acc 0.675, f1_weighted 0.592972993850708, f1_mean 0.28008750081062317
root        : INFO             Network_User:    Train:    Allocated 0.0 GB Cached 1.1 GB
root        : INFO     

--------------------------
root        : INFO             Network_User:            Dataset lara_3s network cnn_transformer lr 0.001 lr_optimizer 0.001 Reshape False 
root        : INFO             Network_User:    Train:    epoch 2/15 batch 52/266 itera 585 elapsed time 0.19085383415222168 best itera 532
root        : INFO             Network_User:    Train:    loss 0.2723490595817566
root        : INFO             Network_User:    Train:    acc 0.64, f1_weighted 0.5555641055107117, f1_mean 0.3194715678691864
root        : INFO             Network_User:    Train:    Allocated 0.0 GB Cached 1.1 GB
root        : INFO     

--------------------------
root        : INFO             Network_User:            Dataset lara_3s network cnn_transformer lr 0.001 lr_optimizer 0.001 Reshape False 
root        : INFO             Network_User:    Train:    epoch 2/15 batch 65/266 itera 598 elapsed time 0.19082164764404297 best itera 532
root        : INFO             Network_User:    Train:    loss 0.21612070500850677
root        : INFO             Network_User:    Train:    acc 0.73, f1_weighted 0.6700741648674011, f1_mean 0.3110139071941376
root        : INFO             Network_User:    Train:    Allocated 0.0 GB Cached 1.1 GB
root        : INFO     

--------------------------
root        : INFO             Network_User:            Dataset lara_3s network cnn_transformer lr 0.001 lr_optimizer 0.001 Reshape False 
root        : INFO             Network_User:    Train:    epoch 2/15 batch 78/266 itera 611 elapsed time 0.19090890884399414 best itera 532
root        : INFO             Network_User:    Train:    loss 0.2221265286207199
root        : INFO             Network_User:    Train:    acc 0.695, f1_weighted 0.6131898164749146, f1_mean 0.293623685836792
root        : INFO             Network_User:    Train:    Allocated 0.0 GB Cached 1.1 GB
root        : INFO     

--------------------------
root        : INFO             Network_User:            Dataset lara_3s network cnn_transformer lr 0.001 lr_optimizer 0.001 Reshape False 
root        : INFO             Network_User:    Train:    epoch 2/15 batch 91/266 itera 624 elapsed time 0.19561076164245605 best itera 532
root        : INFO             Network_User:    Train:    loss 0.23222917318344116
root        : INFO             Network_User:    Train:    acc 0.655, f1_weighted 0.5850854516029358, f1_mean 0.2594240605831146
root        : INFO             Network_User:    Train:    Allocated 0.0 GB Cached 1.1 GB
root        : INFO     

--------------------------
root        : INFO             Network_User:            Dataset lara_3s network cnn_transformer lr 0.001 lr_optimizer 0.001 Reshape False 
root        : INFO             Network_User:    Train:    epoch 2/15 batch 104/266 itera 637 elapsed time 0.19536256790161133 best itera 532
root        : INFO             Network_User:    Train:    loss 0.22935537993907928
root        : INFO             Network_User:    Train:    acc 0.715, f1_weighted 0.6339994072914124, f1_mean 0.3255574405193329
root        : INFO             Network_User:    Train:    Allocated 0.0 GB Cached 1.1 GB
root        : INFO     

--------------------------
root        : INFO             Network_User:            Dataset lara_3s network cnn_transformer lr 0.001 lr_optimizer 0.001 Reshape False 
root        : INFO             Network_User:    Train:    epoch 2/15 batch 117/266 itera 650 elapsed time 0.19086742401123047 best itera 532
root        : INFO             Network_User:    Train:    loss 0.24760355055332184
root        : INFO             Network_User:    Train:    acc 0.65, f1_weighted 0.5545426607131958, f1_mean 0.2623477280139923
root        : INFO             Network_User:    Train:    Allocated 0.0 GB Cached 1.1 GB
root        : INFO     

--------------------------
root        : INFO             Network_User:            Dataset lara_3s network cnn_transformer lr 0.001 lr_optimizer 0.001 Reshape False 
root        : INFO             Network_User:    Train:    epoch 2/15 batch 130/266 itera 663 elapsed time 0.19077348709106445 best itera 532
root        : INFO             Network_User:    Train:    loss 0.25835373997688293
root        : INFO             Network_User:    Train:    acc 0.64, f1_weighted 0.5543197989463806, f1_mean 0.29337677359580994
root        : INFO             Network_User:    Train:    Allocated 0.0 GB Cached 1.1 GB
root        : INFO     

--------------------------
root        : INFO             Network_User:            Dataset lara_3s network cnn_transformer lr 0.001 lr_optimizer 0.001 Reshape False 
root        : INFO             Network_User:    Train:    epoch 2/15 batch 143/266 itera 676 elapsed time 0.19059062004089355 best itera 532
root        : INFO             Network_User:    Train:    loss 0.2539249658584595
root        : INFO             Network_User:    Train:    acc 0.67, f1_weighted 0.5930494666099548, f1_mean 0.3210146725177765
root        : INFO             Network_User:    Train:    Allocated 0.0 GB Cached 1.1 GB
root        : INFO     

--------------------------
root        : INFO             Network_User:            Dataset lara_3s network cnn_transformer lr 0.001 lr_optimizer 0.001 Reshape False 
root        : INFO             Network_User:    Train:    epoch 2/15 batch 156/266 itera 689 elapsed time 0.1908562183380127 best itera 532
root        : INFO             Network_User:    Train:    loss 0.23577800393104553
root        : INFO             Network_User:    Train:    acc 0.68, f1_weighted 0.6103312373161316, f1_mean 0.3054499328136444
root        : INFO             Network_User:    Train:    Allocated 0.0 GB Cached 1.1 GB
root        : INFO     

--------------------------
root        : INFO             Network_User:            Dataset lara_3s network cnn_transformer lr 0.001 lr_optimizer 0.001 Reshape False 
root        : INFO             Network_User:    Train:    epoch 2/15 batch 169/266 itera 702 elapsed time 0.19081425666809082 best itera 532
root        : INFO             Network_User:    Train:    loss 0.269832968711853
root        : INFO             Network_User:    Train:    acc 0.665, f1_weighted 0.5785497426986694, f1_mean 0.3495948910713196
root        : INFO             Network_User:    Train:    Allocated 0.0 GB Cached 1.1 GB
root        : INFO     

--------------------------
root        : INFO             Network_User:            Dataset lara_3s network cnn_transformer lr 0.001 lr_optimizer 0.001 Reshape False 
root        : INFO             Network_User:    Train:    epoch 2/15 batch 182/266 itera 715 elapsed time 0.19101834297180176 best itera 532
root        : INFO             Network_User:    Train:    loss 0.21273444592952728
root        : INFO             Network_User:    Train:    acc 0.74, f1_weighted 0.6900913715362549, f1_mean 0.4094509184360504
root        : INFO             Network_User:    Train:    Allocated 0.0 GB Cached 1.1 GB
root        : INFO     

--------------------------
root        : INFO             Network_User:            Dataset lara_3s network cnn_transformer lr 0.001 lr_optimizer 0.001 Reshape False 
root        : INFO             Network_User:    Train:    epoch 2/15 batch 195/266 itera 728 elapsed time 0.19072771072387695 best itera 532
root        : INFO             Network_User:    Train:    loss 0.24695564806461334
root        : INFO             Network_User:    Train:    acc 0.665, f1_weighted 0.5976437330245972, f1_mean 0.2898193895816803
root        : INFO             Network_User:    Train:    Allocated 0.0 GB Cached 1.1 GB
root        : INFO     

--------------------------
root        : INFO             Network_User:            Dataset lara_3s network cnn_transformer lr 0.001 lr_optimizer 0.001 Reshape False 
root        : INFO             Network_User:    Train:    epoch 2/15 batch 208/266 itera 741 elapsed time 0.1908421516418457 best itera 532
root        : INFO             Network_User:    Train:    loss 0.2217520922422409
root        : INFO             Network_User:    Train:    acc 0.685, f1_weighted 0.6015207171440125, f1_mean 0.33503156900405884
root        : INFO             Network_User:    Train:    Allocated 0.0 GB Cached 1.1 GB
root        : INFO     

--------------------------
root        : INFO             Network_User:            Dataset lara_3s network cnn_transformer lr 0.001 lr_optimizer 0.001 Reshape False 
root        : INFO             Network_User:    Train:    epoch 2/15 batch 221/266 itera 754 elapsed time 0.19532465934753418 best itera 532
root        : INFO             Network_User:    Train:    loss 0.21686726808547974
root        : INFO             Network_User:    Train:    acc 0.7, f1_weighted 0.6390767097473145, f1_mean 0.33219391107559204
root        : INFO             Network_User:    Train:    Allocated 0.0 GB Cached 1.1 GB
root        : INFO     

--------------------------
root        : INFO             Network_User:            Dataset lara_3s network cnn_transformer lr 0.001 lr_optimizer 0.001 Reshape False 
root        : INFO             Network_User:    Train:    epoch 2/15 batch 234/266 itera 767 elapsed time 0.19539499282836914 best itera 532
root        : INFO             Network_User:    Train:    loss 0.24496078491210938
root        : INFO             Network_User:    Train:    acc 0.635, f1_weighted 0.560333788394928, f1_mean 0.2832069396972656
root        : INFO             Network_User:    Train:    Allocated 0.0 GB Cached 1.1 GB
root        : INFO     

--------------------------
root        : INFO             Network_User:            Dataset lara_3s network cnn_transformer lr 0.001 lr_optimizer 0.001 Reshape False 
root        : INFO             Network_User:    Train:    epoch 2/15 batch 247/266 itera 780 elapsed time 0.1951923370361328 best itera 532
root        : INFO             Network_User:    Train:    loss 0.23277509212493896
root        : INFO             Network_User:    Train:    acc 0.715, f1_weighted 0.659672737121582, f1_mean 0.4465218484401703
root        : INFO             Network_User:    Train:    Allocated 0.0 GB Cached 1.1 GB
root        : INFO     

--------------------------
root        : INFO             Network_User:            Dataset lara_3s network cnn_transformer lr 0.001 lr_optimizer 0.001 Reshape False 
root        : INFO             Network_User:    Train:    epoch 2/15 batch 260/266 itera 793 elapsed time 0.19477295875549316 best itera 532
root        : INFO             Network_User:    Train:    loss 0.21364223957061768
root        : INFO             Network_User:    Train:    acc 0.71, f1_weighted 0.6706575751304626, f1_mean 0.41968461871147156
root        : INFO             Network_User:    Train:    Allocated 0.0 GB Cached 1.1 GB
root        : INFO     

--------------------------
root        : INFO     

root        : INFO             Network_User:        Validating
root        : INFO                 Metrics: Constructor
root        : INFO     

root        : INFO             Network_User:        Validating:    epoch 2 batch 265 itera 798 elapsed time 8.85142707824707, best itera 532
root        : INFO             Network_User:        Validating:    acc 0.42338798502061237, f1_weighted 0.3790072798728943, f1_mean 0.2320662885904312
root        : INFO     
        Network_User:    Train:    Training epoch 3
root        : INFO             Network_User:            Dataset lara_3s network cnn_transformer lr 0.001 lr_optimizer 0.0005 Reshape False 
root        : INFO             Network_User:    Train:    epoch 3/15 batch 0/266 itera 799 elapsed time 0.19932842254638672 best itera 532
root        : INFO             Network_User:    Train:    loss 0.22034984827041626
root        : INFO             Network_User:    Train:    acc 0.695, f1_weighted 0.6314969658851624, f1_mean 0.36471399664878845
root        : INFO             Network_User:    Train:    Allocated 0.0 GB Cached 1.1 GB
root        : INFO     

--------------------------
root        : INFO             Network_User:            Dataset lara_3s network cnn_transformer lr 0.001 lr_optimizer 0.0005 Reshape False 
root        : INFO             Network_User:    Train:    epoch 3/15 batch 13/266 itera 812 elapsed time 0.19515442848205566 best itera 532
root        : INFO             Network_User:    Train:    loss 0.24488860368728638
root        : INFO             Network_User:    Train:    acc 0.665, f1_weighted 0.6013649106025696, f1_mean 0.3428950905799866
root        : INFO             Network_User:    Train:    Allocated 0.0 GB Cached 1.1 GB
root        : INFO     

--------------------------
root        : INFO             Network_User:            Dataset lara_3s network cnn_transformer lr 0.001 lr_optimizer 0.0005 Reshape False 
root        : INFO             Network_User:    Train:    epoch 3/15 batch 26/266 itera 825 elapsed time 0.195631742477417 best itera 532
root        : INFO             Network_User:    Train:    loss 0.24052481353282928
root        : INFO             Network_User:    Train:    acc 0.69, f1_weighted 0.6304273009300232, f1_mean 0.40122660994529724
root        : INFO             Network_User:    Train:    Allocated 0.0 GB Cached 1.1 GB
root        : INFO     

--------------------------
root        : INFO             Network_User:            Dataset lara_3s network cnn_transformer lr 0.001 lr_optimizer 0.0005 Reshape False 
root        : INFO             Network_User:    Train:    epoch 3/15 batch 39/266 itera 838 elapsed time 0.19087457656860352 best itera 532
root        : INFO             Network_User:    Train:    loss 0.22884784638881683
root        : INFO             Network_User:    Train:    acc 0.695, f1_weighted 0.629263162612915, f1_mean 0.3545122742652893
root        : INFO             Network_User:    Train:    Allocated 0.0 GB Cached 1.1 GB
root        : INFO     

--------------------------
root        : INFO             Network_User:            Dataset lara_3s network cnn_transformer lr 0.001 lr_optimizer 0.0005 Reshape False 
root        : INFO             Network_User:    Train:    epoch 3/15 batch 52/266 itera 851 elapsed time 0.19093990325927734 best itera 532
root        : INFO             Network_User:    Train:    loss 0.23596464097499847
root        : INFO             Network_User:    Train:    acc 0.685, f1_weighted 0.6211569309234619, f1_mean 0.32799020409584045
root        : INFO             Network_User:    Train:    Allocated 0.0 GB Cached 1.1 GB
root        : INFO     

--------------------------
root        : INFO             Network_User:            Dataset lara_3s network cnn_transformer lr 0.001 lr_optimizer 0.0005 Reshape False 
root        : INFO             Network_User:    Train:    epoch 3/15 batch 65/266 itera 864 elapsed time 0.19086098670959473 best itera 532
root        : INFO             Network_User:    Train:    loss 0.2230822741985321
root        : INFO             Network_User:    Train:    acc 0.675, f1_weighted 0.6268245577812195, f1_mean 0.40611982345581055
root        : INFO             Network_User:    Train:    Allocated 0.0 GB Cached 1.1 GB
root        : INFO     

--------------------------
root        : INFO             Network_User:            Dataset lara_3s network cnn_transformer lr 0.001 lr_optimizer 0.0005 Reshape False 
root        : INFO             Network_User:    Train:    epoch 3/15 batch 78/266 itera 877 elapsed time 0.19100022315979004 best itera 532
root        : INFO             Network_User:    Train:    loss 0.24202437698841095
root        : INFO             Network_User:    Train:    acc 0.67, f1_weighted 0.5976265668869019, f1_mean 0.385968416929245
root        : INFO             Network_User:    Train:    Allocated 0.0 GB Cached 1.1 GB
root        : INFO     

--------------------------
root        : INFO             Network_User:            Dataset lara_3s network cnn_transformer lr 0.001 lr_optimizer 0.0005 Reshape False 
root        : INFO             Network_User:    Train:    epoch 3/15 batch 91/266 itera 890 elapsed time 0.1908559799194336 best itera 532
root        : INFO             Network_User:    Train:    loss 0.24428324401378632
root        : INFO             Network_User:    Train:    acc 0.67, f1_weighted 0.5953017473220825, f1_mean 0.3330605924129486
root        : INFO             Network_User:    Train:    Allocated 0.0 GB Cached 1.1 GB
root        : INFO     

--------------------------
root        : INFO             Network_User:            Dataset lara_3s network cnn_transformer lr 0.001 lr_optimizer 0.0005 Reshape False 
root        : INFO             Network_User:    Train:    epoch 3/15 batch 104/266 itera 903 elapsed time 0.19102144241333008 best itera 532
root        : INFO             Network_User:    Train:    loss 0.2207472026348114
root        : INFO             Network_User:    Train:    acc 0.72, f1_weighted 0.6811267733573914, f1_mean 0.4272175133228302
root        : INFO             Network_User:    Train:    Allocated 0.0 GB Cached 1.1 GB
root        : INFO     

--------------------------
root        : INFO             Network_User:            Dataset lara_3s network cnn_transformer lr 0.001 lr_optimizer 0.0005 Reshape False 
root        : INFO             Network_User:    Train:    epoch 3/15 batch 117/266 itera 916 elapsed time 0.19055676460266113 best itera 532
root        : INFO             Network_User:    Train:    loss 0.2251187562942505
root        : INFO             Network_User:    Train:    acc 0.725, f1_weighted 0.6646038293838501, f1_mean 0.365064799785614
root        : INFO             Network_User:    Train:    Allocated 0.0 GB Cached 1.1 GB
root        : INFO     

--------------------------
root        : INFO             Network_User:            Dataset lara_3s network cnn_transformer lr 0.001 lr_optimizer 0.0005 Reshape False 
root        : INFO             Network_User:    Train:    epoch 3/15 batch 130/266 itera 929 elapsed time 0.1909317970275879 best itera 532
root        : INFO             Network_User:    Train:    loss 0.24216720461845398
root        : INFO             Network_User:    Train:    acc 0.695, f1_weighted 0.6244915127754211, f1_mean 0.45988932251930237
root        : INFO             Network_User:    Train:    Allocated 0.0 GB Cached 1.1 GB
root        : INFO     

--------------------------
root        : INFO             Network_User:            Dataset lara_3s network cnn_transformer lr 0.001 lr_optimizer 0.0005 Reshape False 
root        : INFO             Network_User:    Train:    epoch 3/15 batch 143/266 itera 942 elapsed time 0.19109272956848145 best itera 532
root        : INFO             Network_User:    Train:    loss 0.2228621542453766
root        : INFO             Network_User:    Train:    acc 0.71, f1_weighted 0.6773301362991333, f1_mean 0.5004571676254272
root        : INFO             Network_User:    Train:    Allocated 0.0 GB Cached 1.1 GB
root        : INFO     

--------------------------
root        : INFO             Network_User:            Dataset lara_3s network cnn_transformer lr 0.001 lr_optimizer 0.0005 Reshape False 
root        : INFO             Network_User:    Train:    epoch 3/15 batch 156/266 itera 955 elapsed time 0.1909644603729248 best itera 532
root        : INFO             Network_User:    Train:    loss 0.21053265035152435
root        : INFO             Network_User:    Train:    acc 0.72, f1_weighted 0.6760907769203186, f1_mean 0.4361593425273895
root        : INFO             Network_User:    Train:    Allocated 0.0 GB Cached 1.1 GB
root        : INFO     

--------------------------
root        : INFO             Network_User:            Dataset lara_3s network cnn_transformer lr 0.001 lr_optimizer 0.0005 Reshape False 
root        : INFO             Network_User:    Train:    epoch 3/15 batch 169/266 itera 968 elapsed time 0.19547510147094727 best itera 532
root        : INFO             Network_User:    Train:    loss 0.20969383418560028
root        : INFO             Network_User:    Train:    acc 0.755, f1_weighted 0.703747570514679, f1_mean 0.40623632073402405
root        : INFO             Network_User:    Train:    Allocated 0.0 GB Cached 1.1 GB
root        : INFO     

--------------------------
root        : INFO             Network_User:            Dataset lara_3s network cnn_transformer lr 0.001 lr_optimizer 0.0005 Reshape False 
root        : INFO             Network_User:    Train:    epoch 3/15 batch 182/266 itera 981 elapsed time 0.19085979461669922 best itera 532
root        : INFO             Network_User:    Train:    loss 0.23343384265899658
root        : INFO             Network_User:    Train:    acc 0.645, f1_weighted 0.584251880645752, f1_mean 0.3925541043281555
root        : INFO             Network_User:    Train:    Allocated 0.0 GB Cached 1.1 GB
root        : INFO     

--------------------------
root        : INFO             Network_User:            Dataset lara_3s network cnn_transformer lr 0.001 lr_optimizer 0.0005 Reshape False 
root        : INFO             Network_User:    Train:    epoch 3/15 batch 195/266 itera 994 elapsed time 0.19112062454223633 best itera 532
root        : INFO             Network_User:    Train:    loss 0.21823066473007202
root        : INFO             Network_User:    Train:    acc 0.695, f1_weighted 0.6409711241722107, f1_mean 0.36649414896965027
root        : INFO             Network_User:    Train:    Allocated 0.0 GB Cached 1.1 GB
root        : INFO     

--------------------------
root        : INFO             Network_User:            Dataset lara_3s network cnn_transformer lr 0.001 lr_optimizer 0.0005 Reshape False 
root        : INFO             Network_User:    Train:    epoch 3/15 batch 208/266 itera 1007 elapsed time 0.1910867691040039 best itera 532
root        : INFO             Network_User:    Train:    loss 0.21107055246829987
root        : INFO             Network_User:    Train:    acc 0.74, f1_weighted 0.7057937979698181, f1_mean 0.45678606629371643
root        : INFO             Network_User:    Train:    Allocated 0.0 GB Cached 1.1 GB
root        : INFO     

--------------------------
root        : INFO             Network_User:            Dataset lara_3s network cnn_transformer lr 0.001 lr_optimizer 0.0005 Reshape False 
root        : INFO             Network_User:    Train:    epoch 3/15 batch 221/266 itera 1020 elapsed time 0.19060277938842773 best itera 532
root        : INFO             Network_User:    Train:    loss 0.2066625952720642
root        : INFO             Network_User:    Train:    acc 0.73, f1_weighted 0.6912997961044312, f1_mean 0.39941439032554626
root        : INFO             Network_User:    Train:    Allocated 0.0 GB Cached 1.1 GB
root        : INFO     

--------------------------
root        : INFO             Network_User:            Dataset lara_3s network cnn_transformer lr 0.001 lr_optimizer 0.0005 Reshape False 
root        : INFO             Network_User:    Train:    epoch 3/15 batch 234/266 itera 1033 elapsed time 0.19086098670959473 best itera 532
root        : INFO             Network_User:    Train:    loss 0.23444825410842896
root        : INFO             Network_User:    Train:    acc 0.675, f1_weighted 0.6206482648849487, f1_mean 0.3816540241241455
root        : INFO             Network_User:    Train:    Allocated 0.0 GB Cached 1.1 GB
root        : INFO     

--------------------------
root        : INFO             Network_User:            Dataset lara_3s network cnn_transformer lr 0.001 lr_optimizer 0.0005 Reshape False 
root        : INFO             Network_User:    Train:    epoch 3/15 batch 247/266 itera 1046 elapsed time 0.1908407211303711 best itera 532
root        : INFO             Network_User:    Train:    loss 0.24239329993724823
root        : INFO             Network_User:    Train:    acc 0.685, f1_weighted 0.6535237431526184, f1_mean 0.42754101753234863
root        : INFO             Network_User:    Train:    Allocated 0.0 GB Cached 1.1 GB
root        : INFO     

--------------------------
root        : INFO             Network_User:            Dataset lara_3s network cnn_transformer lr 0.001 lr_optimizer 0.0005 Reshape False 
root        : INFO             Network_User:    Train:    epoch 3/15 batch 260/266 itera 1059 elapsed time 0.1907038688659668 best itera 532
root        : INFO             Network_User:    Train:    loss 0.21943439543247223
root        : INFO             Network_User:    Train:    acc 0.7, f1_weighted 0.6695201992988586, f1_mean 0.6021836996078491
root        : INFO             Network_User:    Train:    Allocated 0.0 GB Cached 1.1 GB
root        : INFO     

--------------------------
root        : INFO     

root        : INFO             Network_User:        Validating
root        : INFO                 Metrics: Constructor
root        : INFO     

root        : INFO             Network_User:        Validating:    epoch 3 batch 265 itera 1064 elapsed time 8.674346923828125, best itera 532
root        : INFO             Network_User:        Validating:    acc 0.4300280076785096, f1_weighted 0.3872604966163635, f1_mean 0.23571345210075378
root        : INFO     
        Network_User:    Train:    Training epoch 4
root        : INFO             Network_User:            Dataset lara_3s network cnn_transformer lr 0.001 lr_optimizer 0.0005 Reshape False 
root        : INFO             Network_User:    Train:    epoch 4/15 batch 0/266 itera 1065 elapsed time 0.1987748146057129 best itera 532
root        : INFO             Network_User:    Train:    loss 0.21575847268104553
root        : INFO             Network_User:    Train:    acc 0.685, f1_weighted 0.6404303908348083, f1_mean 0.4068455100059509
root        : INFO             Network_User:    Train:    Allocated 0.0 GB Cached 1.1 GB
root        : INFO     

--------------------------
root        : INFO             Network_User:            Dataset lara_3s network cnn_transformer lr 0.001 lr_optimizer 0.0005 Reshape False 
root        : INFO             Network_User:    Train:    epoch 4/15 batch 13/266 itera 1078 elapsed time 0.19533348083496094 best itera 532
root        : INFO             Network_User:    Train:    loss 0.2325209379196167
root        : INFO             Network_User:    Train:    acc 0.685, f1_weighted 0.6195079684257507, f1_mean 0.4093012511730194
root        : INFO             Network_User:    Train:    Allocated 0.0 GB Cached 1.1 GB
root        : INFO     

--------------------------
root        : INFO             Network_User:            Dataset lara_3s network cnn_transformer lr 0.001 lr_optimizer 0.0005 Reshape False 
root        : INFO             Network_User:    Train:    epoch 4/15 batch 26/266 itera 1091 elapsed time 0.19543075561523438 best itera 532
root        : INFO             Network_User:    Train:    loss 0.22509685158729553
root        : INFO             Network_User:    Train:    acc 0.695, f1_weighted 0.6662343144416809, f1_mean 0.5624242424964905
root        : INFO             Network_User:    Train:    Allocated 0.0 GB Cached 1.1 GB
root        : INFO     

--------------------------
root        : INFO             Network_User:            Dataset lara_3s network cnn_transformer lr 0.001 lr_optimizer 0.0005 Reshape False 
root        : INFO             Network_User:    Train:    epoch 4/15 batch 39/266 itera 1104 elapsed time 0.19057083129882812 best itera 532
root        : INFO             Network_User:    Train:    loss 0.20059342682361603
root        : INFO             Network_User:    Train:    acc 0.74, f1_weighted 0.6959497928619385, f1_mean 0.612127959728241
root        : INFO             Network_User:    Train:    Allocated 0.0 GB Cached 1.1 GB
root        : INFO     

--------------------------
root        : INFO             Network_User:            Dataset lara_3s network cnn_transformer lr 0.001 lr_optimizer 0.0005 Reshape False 
root        : INFO             Network_User:    Train:    epoch 4/15 batch 52/266 itera 1117 elapsed time 0.19087600708007812 best itera 532
root        : INFO             Network_User:    Train:    loss 0.2418493777513504
root        : INFO             Network_User:    Train:    acc 0.69, f1_weighted 0.6316664814949036, f1_mean 0.37651053071022034
root        : INFO             Network_User:    Train:    Allocated 0.0 GB Cached 1.1 GB
root        : INFO     

--------------------------
root        : INFO             Network_User:            Dataset lara_3s network cnn_transformer lr 0.001 lr_optimizer 0.0005 Reshape False 
root        : INFO             Network_User:    Train:    epoch 4/15 batch 65/266 itera 1130 elapsed time 0.19086813926696777 best itera 532
root        : INFO             Network_User:    Train:    loss 0.23409242928028107
root        : INFO             Network_User:    Train:    acc 0.69, f1_weighted 0.6471990942955017, f1_mean 0.41693729162216187
root        : INFO             Network_User:    Train:    Allocated 0.0 GB Cached 1.1 GB
root        : INFO     

--------------------------
root        : INFO             Network_User:            Dataset lara_3s network cnn_transformer lr 0.001 lr_optimizer 0.0005 Reshape False 
root        : INFO             Network_User:    Train:    epoch 4/15 batch 78/266 itera 1143 elapsed time 0.19087600708007812 best itera 532
root        : INFO             Network_User:    Train:    loss 0.193809375166893
root        : INFO             Network_User:    Train:    acc 0.76, f1_weighted 0.7222903370857239, f1_mean 0.4756145477294922
root        : INFO             Network_User:    Train:    Allocated 0.0 GB Cached 1.1 GB
root        : INFO     

--------------------------
root        : INFO             Network_User:            Dataset lara_3s network cnn_transformer lr 0.001 lr_optimizer 0.0005 Reshape False 
root        : INFO             Network_User:    Train:    epoch 4/15 batch 91/266 itera 1156 elapsed time 0.19060540199279785 best itera 532
root        : INFO             Network_User:    Train:    loss 0.19292469322681427
root        : INFO             Network_User:    Train:    acc 0.76, f1_weighted 0.7370192408561707, f1_mean 0.45996442437171936
root        : INFO             Network_User:    Train:    Allocated 0.0 GB Cached 1.1 GB
root        : INFO     

--------------------------
root        : INFO             Network_User:            Dataset lara_3s network cnn_transformer lr 0.001 lr_optimizer 0.0005 Reshape False 
root        : INFO             Network_User:    Train:    epoch 4/15 batch 104/266 itera 1169 elapsed time 0.1906585693359375 best itera 532
root        : INFO             Network_User:    Train:    loss 0.18644209206104279
root        : INFO             Network_User:    Train:    acc 0.765, f1_weighted 0.7285597324371338, f1_mean 0.4925951361656189
root        : INFO             Network_User:    Train:    Allocated 0.0 GB Cached 1.1 GB
root        : INFO     

--------------------------
root        : INFO             Network_User:            Dataset lara_3s network cnn_transformer lr 0.001 lr_optimizer 0.0005 Reshape False 
root        : INFO             Network_User:    Train:    epoch 4/15 batch 117/266 itera 1182 elapsed time 0.19070744514465332 best itera 532
root        : INFO             Network_User:    Train:    loss 0.20341220498085022
root        : INFO             Network_User:    Train:    acc 0.77, f1_weighted 0.7292636632919312, f1_mean 0.5249510407447815
root        : INFO             Network_User:    Train:    Allocated 0.0 GB Cached 1.1 GB
root        : INFO     

--------------------------
root        : INFO             Network_User:            Dataset lara_3s network cnn_transformer lr 0.001 lr_optimizer 0.0005 Reshape False 
root        : INFO             Network_User:    Train:    epoch 4/15 batch 130/266 itera 1195 elapsed time 0.19084429740905762 best itera 532
root        : INFO             Network_User:    Train:    loss 0.24120353162288666
root        : INFO             Network_User:    Train:    acc 0.64, f1_weighted 0.6008036732673645, f1_mean 0.4191167652606964
root        : INFO             Network_User:    Train:    Allocated 0.0 GB Cached 1.1 GB
root        : INFO     

--------------------------
root        : INFO             Network_User:            Dataset lara_3s network cnn_transformer lr 0.001 lr_optimizer 0.0005 Reshape False 
root        : INFO             Network_User:    Train:    epoch 4/15 batch 143/266 itera 1208 elapsed time 0.195387601852417 best itera 532
root        : INFO             Network_User:    Train:    loss 0.20164985954761505
root        : INFO             Network_User:    Train:    acc 0.75, f1_weighted 0.7092083692550659, f1_mean 0.4997556507587433
root        : INFO             Network_User:    Train:    Allocated 0.0 GB Cached 1.1 GB
root        : INFO     

--------------------------
root        : INFO             Network_User:            Dataset lara_3s network cnn_transformer lr 0.001 lr_optimizer 0.0005 Reshape False 
root        : INFO             Network_User:    Train:    epoch 4/15 batch 156/266 itera 1221 elapsed time 0.19077777862548828 best itera 532
root        : INFO             Network_User:    Train:    loss 0.25585073232650757
root        : INFO             Network_User:    Train:    acc 0.68, f1_weighted 0.6396118998527527, f1_mean 0.4293213486671448
root        : INFO             Network_User:    Train:    Allocated 0.0 GB Cached 1.1 GB
root        : INFO     

--------------------------
root        : INFO             Network_User:            Dataset lara_3s network cnn_transformer lr 0.001 lr_optimizer 0.0005 Reshape False 
root        : INFO             Network_User:    Train:    epoch 4/15 batch 169/266 itera 1234 elapsed time 0.19077658653259277 best itera 532
root        : INFO             Network_User:    Train:    loss 0.20954641699790955
root        : INFO             Network_User:    Train:    acc 0.72, f1_weighted 0.6695961952209473, f1_mean 0.5461496114730835
root        : INFO             Network_User:    Train:    Allocated 0.0 GB Cached 1.1 GB
root        : INFO     

--------------------------
root        : INFO             Network_User:            Dataset lara_3s network cnn_transformer lr 0.001 lr_optimizer 0.0005 Reshape False 
root        : INFO             Network_User:    Train:    epoch 4/15 batch 182/266 itera 1247 elapsed time 0.19092679023742676 best itera 532
root        : INFO             Network_User:    Train:    loss 0.2147785723209381
root        : INFO             Network_User:    Train:    acc 0.7, f1_weighted 0.6688216328620911, f1_mean 0.4628020226955414
root        : INFO             Network_User:    Train:    Allocated 0.0 GB Cached 1.1 GB
root        : INFO     

--------------------------
root        : INFO             Network_User:            Dataset lara_3s network cnn_transformer lr 0.001 lr_optimizer 0.0005 Reshape False 
root        : INFO             Network_User:    Train:    epoch 4/15 batch 195/266 itera 1260 elapsed time 0.19063949584960938 best itera 532
root        : INFO             Network_User:    Train:    loss 0.26076534390449524
root        : INFO             Network_User:    Train:    acc 0.65, f1_weighted 0.6100834012031555, f1_mean 0.4742127060890198
root        : INFO             Network_User:    Train:    Allocated 0.0 GB Cached 1.1 GB
root        : INFO     

--------------------------
root        : INFO             Network_User:            Dataset lara_3s network cnn_transformer lr 0.001 lr_optimizer 0.0005 Reshape False 
root        : INFO             Network_User:    Train:    epoch 4/15 batch 208/266 itera 1273 elapsed time 0.19068646430969238 best itera 532
root        : INFO             Network_User:    Train:    loss 0.20274169743061066
root        : INFO             Network_User:    Train:    acc 0.755, f1_weighted 0.7264081835746765, f1_mean 0.5568242073059082
root        : INFO             Network_User:    Train:    Allocated 0.0 GB Cached 1.1 GB
root        : INFO     

--------------------------
root        : INFO             Network_User:            Dataset lara_3s network cnn_transformer lr 0.001 lr_optimizer 0.0005 Reshape False 
root        : INFO             Network_User:    Train:    epoch 4/15 batch 221/266 itera 1286 elapsed time 0.19064640998840332 best itera 532
root        : INFO             Network_User:    Train:    loss 0.23225586116313934
root        : INFO             Network_User:    Train:    acc 0.725, f1_weighted 0.6861316561698914, f1_mean 0.4426553249359131
root        : INFO             Network_User:    Train:    Allocated 0.0 GB Cached 1.1 GB
root        : INFO     

--------------------------
root        : INFO             Network_User:            Dataset lara_3s network cnn_transformer lr 0.001 lr_optimizer 0.0005 Reshape False 
root        : INFO             Network_User:    Train:    epoch 4/15 batch 234/266 itera 1299 elapsed time 0.19086813926696777 best itera 532
root        : INFO             Network_User:    Train:    loss 0.1944504976272583
root        : INFO             Network_User:    Train:    acc 0.72, f1_weighted 0.6705724000930786, f1_mean 0.42889758944511414
root        : INFO             Network_User:    Train:    Allocated 0.0 GB Cached 1.1 GB
root        : INFO     

--------------------------
root        : INFO             Network_User:            Dataset lara_3s network cnn_transformer lr 0.001 lr_optimizer 0.0005 Reshape False 
root        : INFO             Network_User:    Train:    epoch 4/15 batch 247/266 itera 1312 elapsed time 0.19566965103149414 best itera 532
root        : INFO             Network_User:    Train:    loss 0.20390631258487701
root        : INFO             Network_User:    Train:    acc 0.695, f1_weighted 0.6633857488632202, f1_mean 0.44550684094429016
root        : INFO             Network_User:    Train:    Allocated 0.0 GB Cached 1.1 GB
root        : INFO     

--------------------------
root        : INFO             Network_User:            Dataset lara_3s network cnn_transformer lr 0.001 lr_optimizer 0.0005 Reshape False 
root        : INFO             Network_User:    Train:    epoch 4/15 batch 260/266 itera 1325 elapsed time 0.19062423706054688 best itera 532
root        : INFO             Network_User:    Train:    loss 0.22972826659679413
root        : INFO             Network_User:    Train:    acc 0.71, f1_weighted 0.6597293615341187, f1_mean 0.456032931804657
root        : INFO             Network_User:    Train:    Allocated 0.0 GB Cached 1.1 GB
root        : INFO     

--------------------------
root        : INFO     

root        : INFO             Network_User:        Validating
root        : INFO                 Metrics: Constructor
root        : INFO     

root        : INFO             Network_User:        Validating:    epoch 4 batch 265 itera 1330 elapsed time 8.708823919296265, best itera 532
root        : INFO             Network_User:        Validating:    acc 0.40730717185385656, f1_weighted 0.3729739487171173, f1_mean 0.23579683899879456
root        : INFO     
        Network_User:    Train:    Training epoch 5
root        : INFO             Network_User:            Dataset lara_3s network cnn_transformer lr 0.001 lr_optimizer 0.00025 Reshape False 
root        : INFO             Network_User:    Train:    epoch 5/15 batch 0/266 itera 1331 elapsed time 0.3429265022277832 best itera 532
root        : INFO             Network_User:    Train:    loss 0.1985044926404953
root        : INFO             Network_User:    Train:    acc 0.735, f1_weighted 0.6948200464248657, f1_mean 0.49141302704811096
root        : INFO             Network_User:    Train:    Allocated 0.0 GB Cached 1.1 GB
root        : INFO     

--------------------------
root        : INFO             Network_User:            Dataset lara_3s network cnn_transformer lr 0.001 lr_optimizer 0.00025 Reshape False 
root        : INFO             Network_User:    Train:    epoch 5/15 batch 13/266 itera 1344 elapsed time 0.1906728744506836 best itera 532
root        : INFO             Network_User:    Train:    loss 0.17642660439014435
root        : INFO             Network_User:    Train:    acc 0.745, f1_weighted 0.7142516374588013, f1_mean 0.5541048645973206
root        : INFO             Network_User:    Train:    Allocated 0.0 GB Cached 1.1 GB
root        : INFO     

--------------------------
root        : INFO             Network_User:            Dataset lara_3s network cnn_transformer lr 0.001 lr_optimizer 0.00025 Reshape False 
root        : INFO             Network_User:    Train:    epoch 5/15 batch 26/266 itera 1357 elapsed time 0.19081902503967285 best itera 532
root        : INFO             Network_User:    Train:    loss 0.18562930822372437
root        : INFO             Network_User:    Train:    acc 0.78, f1_weighted 0.7516306042671204, f1_mean 0.6267289519309998
root        : INFO             Network_User:    Train:    Allocated 0.0 GB Cached 1.1 GB
root        : INFO     

--------------------------
root        : INFO             Network_User:            Dataset lara_3s network cnn_transformer lr 0.001 lr_optimizer 0.00025 Reshape False 
root        : INFO             Network_User:    Train:    epoch 5/15 batch 39/266 itera 1370 elapsed time 0.1908254623413086 best itera 532
root        : INFO             Network_User:    Train:    loss 0.20243482291698456
root        : INFO             Network_User:    Train:    acc 0.735, f1_weighted 0.6952881217002869, f1_mean 0.4702247679233551
root        : INFO             Network_User:    Train:    Allocated 0.0 GB Cached 1.1 GB
root        : INFO     

--------------------------
root        : INFO             Network_User:            Dataset lara_3s network cnn_transformer lr 0.001 lr_optimizer 0.00025 Reshape False 
root        : INFO             Network_User:    Train:    epoch 5/15 batch 52/266 itera 1383 elapsed time 0.19109392166137695 best itera 532
root        : INFO             Network_User:    Train:    loss 0.2200973629951477
root        : INFO             Network_User:    Train:    acc 0.7, f1_weighted 0.6714890599250793, f1_mean 0.4258885085582733
root        : INFO             Network_User:    Train:    Allocated 0.0 GB Cached 1.1 GB
root        : INFO     

--------------------------
root        : INFO             Network_User:            Dataset lara_3s network cnn_transformer lr 0.001 lr_optimizer 0.00025 Reshape False 
root        : INFO             Network_User:    Train:    epoch 5/15 batch 65/266 itera 1396 elapsed time 0.19066762924194336 best itera 532
root        : INFO             Network_User:    Train:    loss 0.2276923954486847
root        : INFO             Network_User:    Train:    acc 0.685, f1_weighted 0.6414908170700073, f1_mean 0.3699776828289032
root        : INFO             Network_User:    Train:    Allocated 0.0 GB Cached 1.1 GB
root        : INFO     

--------------------------
root        : INFO             Network_User:            Dataset lara_3s network cnn_transformer lr 0.001 lr_optimizer 0.00025 Reshape False 
root        : INFO             Network_User:    Train:    epoch 5/15 batch 78/266 itera 1409 elapsed time 0.19078660011291504 best itera 532
root        : INFO             Network_User:    Train:    loss 0.21422964334487915
root        : INFO             Network_User:    Train:    acc 0.705, f1_weighted 0.6555762887001038, f1_mean 0.40880364179611206
root        : INFO             Network_User:    Train:    Allocated 0.0 GB Cached 1.1 GB
root        : INFO     

--------------------------
root        : INFO             Network_User:            Dataset lara_3s network cnn_transformer lr 0.001 lr_optimizer 0.00025 Reshape False 
root        : INFO             Network_User:    Train:    epoch 5/15 batch 91/266 itera 1422 elapsed time 0.19081330299377441 best itera 532
root        : INFO             Network_User:    Train:    loss 0.22701340913772583
root        : INFO             Network_User:    Train:    acc 0.68, f1_weighted 0.641080915927887, f1_mean 0.42122381925582886
root        : INFO             Network_User:    Train:    Allocated 0.0 GB Cached 1.1 GB
root        : INFO     

--------------------------
root        : INFO             Network_User:            Dataset lara_3s network cnn_transformer lr 0.001 lr_optimizer 0.00025 Reshape False 
root        : INFO             Network_User:    Train:    epoch 5/15 batch 104/266 itera 1435 elapsed time 0.19099783897399902 best itera 532
root        : INFO             Network_User:    Train:    loss 0.21906700730323792
root        : INFO             Network_User:    Train:    acc 0.715, f1_weighted 0.6752291321754456, f1_mean 0.5975143313407898
root        : INFO             Network_User:    Train:    Allocated 0.0 GB Cached 1.1 GB
root        : INFO     

--------------------------
root        : INFO             Network_User:            Dataset lara_3s network cnn_transformer lr 0.001 lr_optimizer 0.00025 Reshape False 
root        : INFO             Network_User:    Train:    epoch 5/15 batch 117/266 itera 1448 elapsed time 0.19058489799499512 best itera 532
root        : INFO             Network_User:    Train:    loss 0.1885617971420288
root        : INFO             Network_User:    Train:    acc 0.755, f1_weighted 0.7134428024291992, f1_mean 0.5043537616729736
root        : INFO             Network_User:    Train:    Allocated 0.0 GB Cached 1.1 GB
root        : INFO     

--------------------------
root        : INFO             Network_User:            Dataset lara_3s network cnn_transformer lr 0.001 lr_optimizer 0.00025 Reshape False 
root        : INFO             Network_User:    Train:    epoch 5/15 batch 130/266 itera 1461 elapsed time 0.19553804397583008 best itera 532
root        : INFO             Network_User:    Train:    loss 0.2099194973707199
root        : INFO             Network_User:    Train:    acc 0.705, f1_weighted 0.6585201621055603, f1_mean 0.3846755921840668
root        : INFO             Network_User:    Train:    Allocated 0.0 GB Cached 1.1 GB
root        : INFO     

--------------------------
root        : INFO             Network_User:            Dataset lara_3s network cnn_transformer lr 0.001 lr_optimizer 0.00025 Reshape False 
root        : INFO             Network_User:    Train:    epoch 5/15 batch 143/266 itera 1474 elapsed time 0.19065403938293457 best itera 532
root        : INFO             Network_User:    Train:    loss 0.18950209021568298
root        : INFO             Network_User:    Train:    acc 0.755, f1_weighted 0.7112553119659424, f1_mean 0.5646372437477112
root        : INFO             Network_User:    Train:    Allocated 0.0 GB Cached 1.1 GB
root        : INFO     

--------------------------
root        : INFO             Network_User:            Dataset lara_3s network cnn_transformer lr 0.001 lr_optimizer 0.00025 Reshape False 
root        : INFO             Network_User:    Train:    epoch 5/15 batch 156/266 itera 1487 elapsed time 0.19098496437072754 best itera 532
root        : INFO             Network_User:    Train:    loss 0.20145253837108612
root        : INFO             Network_User:    Train:    acc 0.74, f1_weighted 0.6871106624603271, f1_mean 0.563766598701477
root        : INFO             Network_User:    Train:    Allocated 0.0 GB Cached 1.1 GB
root        : INFO     

--------------------------
root        : INFO             Network_User:            Dataset lara_3s network cnn_transformer lr 0.001 lr_optimizer 0.00025 Reshape False 
root        : INFO             Network_User:    Train:    epoch 5/15 batch 169/266 itera 1500 elapsed time 0.19071745872497559 best itera 532
root        : INFO             Network_User:    Train:    loss 0.222460076212883
root        : INFO             Network_User:    Train:    acc 0.73, f1_weighted 0.6917198896408081, f1_mean 0.5971550345420837
root        : INFO             Network_User:    Train:    Allocated 0.0 GB Cached 1.1 GB
root        : INFO     

--------------------------
root        : INFO             Network_User:            Dataset lara_3s network cnn_transformer lr 0.001 lr_optimizer 0.00025 Reshape False 
root        : INFO             Network_User:    Train:    epoch 5/15 batch 182/266 itera 1513 elapsed time 0.19078397750854492 best itera 532
root        : INFO             Network_User:    Train:    loss 0.19604207575321198
root        : INFO             Network_User:    Train:    acc 0.755, f1_weighted 0.7266812324523926, f1_mean 0.4584099352359772
root        : INFO             Network_User:    Train:    Allocated 0.0 GB Cached 1.1 GB
root        : INFO     

--------------------------
root        : INFO             Network_User:            Dataset lara_3s network cnn_transformer lr 0.001 lr_optimizer 0.00025 Reshape False 
root        : INFO             Network_User:    Train:    epoch 5/15 batch 195/266 itera 1526 elapsed time 0.19084501266479492 best itera 532
root        : INFO             Network_User:    Train:    loss 0.21993915736675262
root        : INFO             Network_User:    Train:    acc 0.73, f1_weighted 0.6910381317138672, f1_mean 0.5677071213722229
root        : INFO             Network_User:    Train:    Allocated 0.0 GB Cached 1.1 GB
root        : INFO     

--------------------------
root        : INFO             Network_User:            Dataset lara_3s network cnn_transformer lr 0.001 lr_optimizer 0.00025 Reshape False 
root        : INFO             Network_User:    Train:    epoch 5/15 batch 208/266 itera 1539 elapsed time 0.1909646987915039 best itera 532
root        : INFO             Network_User:    Train:    loss 0.19112469255924225
root        : INFO             Network_User:    Train:    acc 0.765, f1_weighted 0.7333828210830688, f1_mean 0.46745067834854126
root        : INFO             Network_User:    Train:    Allocated 0.0 GB Cached 1.1 GB
root        : INFO     

--------------------------
root        : INFO             Network_User:            Dataset lara_3s network cnn_transformer lr 0.001 lr_optimizer 0.00025 Reshape False 
root        : INFO             Network_User:    Train:    epoch 5/15 batch 221/266 itera 1552 elapsed time 0.1904768943786621 best itera 532
root        : INFO             Network_User:    Train:    loss 0.21996696293354034
root        : INFO             Network_User:    Train:    acc 0.73, f1_weighted 0.6793124675750732, f1_mean 0.48770299553871155
root        : INFO             Network_User:    Train:    Allocated 0.0 GB Cached 1.1 GB
root        : INFO     

--------------------------
root        : INFO             Network_User:            Dataset lara_3s network cnn_transformer lr 0.001 lr_optimizer 0.00025 Reshape False 
root        : INFO             Network_User:    Train:    epoch 5/15 batch 234/266 itera 1565 elapsed time 0.1908421516418457 best itera 532
root        : INFO             Network_User:    Train:    loss 0.1969776153564453
root        : INFO             Network_User:    Train:    acc 0.745, f1_weighted 0.7156672477722168, f1_mean 0.48698097467422485
root        : INFO             Network_User:    Train:    Allocated 0.0 GB Cached 1.1 GB
root        : INFO     

--------------------------
root        : INFO             Network_User:            Dataset lara_3s network cnn_transformer lr 0.001 lr_optimizer 0.00025 Reshape False 
root        : INFO             Network_User:    Train:    epoch 5/15 batch 247/266 itera 1578 elapsed time 0.19465112686157227 best itera 532
root        : INFO             Network_User:    Train:    loss 0.2486216425895691
root        : INFO             Network_User:    Train:    acc 0.63, f1_weighted 0.5930430889129639, f1_mean 0.35047319531440735
root        : INFO             Network_User:    Train:    Allocated 0.0 GB Cached 1.1 GB
root        : INFO     

--------------------------
root        : INFO             Network_User:            Dataset lara_3s network cnn_transformer lr 0.001 lr_optimizer 0.00025 Reshape False 
root        : INFO             Network_User:    Train:    epoch 5/15 batch 260/266 itera 1591 elapsed time 0.1908876895904541 best itera 532
root        : INFO             Network_User:    Train:    loss 0.23540158569812775
root        : INFO             Network_User:    Train:    acc 0.7, f1_weighted 0.6610637903213501, f1_mean 0.5059840083122253
root        : INFO             Network_User:    Train:    Allocated 0.0 GB Cached 1.1 GB
root        : INFO     

--------------------------
root        : INFO     

root        : INFO             Network_User:        Validating
root        : INFO                 Metrics: Constructor
root        : INFO     

root        : INFO             Network_User:        Validating:    epoch 5 batch 265 itera 1596 elapsed time 8.71187949180603, best itera 532
root        : INFO             Network_User:        Validating:    acc 0.4152374358812978, f1_weighted 0.379781574010849, f1_mean 0.24386443197727203
root        : INFO     
        Network_User:    Train:    Training epoch 6
root        : INFO             Network_User:            Dataset lara_3s network cnn_transformer lr 0.001 lr_optimizer 0.00025 Reshape False 
root        : INFO             Network_User:    Train:    epoch 6/15 batch 0/266 itera 1597 elapsed time 0.19504857063293457 best itera 532
root        : INFO             Network_User:    Train:    loss 0.21790552139282227
root        : INFO             Network_User:    Train:    acc 0.705, f1_weighted 0.6548868417739868, f1_mean 0.4470444321632385
root        : INFO             Network_User:    Train:    Allocated 0.0 GB Cached 1.1 GB
root        : INFO     

--------------------------
root        : INFO             Network_User:            Dataset lara_3s network cnn_transformer lr 0.001 lr_optimizer 0.00025 Reshape False 
root        : INFO             Network_User:    Train:    epoch 6/15 batch 13/266 itera 1610 elapsed time 0.19082379341125488 best itera 532
root        : INFO             Network_User:    Train:    loss 0.21779532730579376
root        : INFO             Network_User:    Train:    acc 0.71, f1_weighted 0.6696244478225708, f1_mean 0.4455859959125519
root        : INFO             Network_User:    Train:    Allocated 0.0 GB Cached 1.1 GB
root        : INFO     

--------------------------
root        : INFO             Network_User:            Dataset lara_3s network cnn_transformer lr 0.001 lr_optimizer 0.00025 Reshape False 
root        : INFO             Network_User:    Train:    epoch 6/15 batch 26/266 itera 1623 elapsed time 0.19077658653259277 best itera 532
root        : INFO             Network_User:    Train:    loss 0.244497150182724
root        : INFO             Network_User:    Train:    acc 0.68, f1_weighted 0.6323841214179993, f1_mean 0.39683911204338074
root        : INFO             Network_User:    Train:    Allocated 0.0 GB Cached 1.1 GB
root        : INFO     

--------------------------
root        : INFO             Network_User:            Dataset lara_3s network cnn_transformer lr 0.001 lr_optimizer 0.00025 Reshape False 
root        : INFO             Network_User:    Train:    epoch 6/15 batch 39/266 itera 1636 elapsed time 0.1905829906463623 best itera 532
root        : INFO             Network_User:    Train:    loss 0.21713386476039886
root        : INFO             Network_User:    Train:    acc 0.73, f1_weighted 0.6960890293121338, f1_mean 0.46782493591308594
root        : INFO             Network_User:    Train:    Allocated 0.0 GB Cached 1.1 GB
root        : INFO     

--------------------------
root        : INFO             Network_User:            Dataset lara_3s network cnn_transformer lr 0.001 lr_optimizer 0.00025 Reshape False 
root        : INFO             Network_User:    Train:    epoch 6/15 batch 52/266 itera 1649 elapsed time 0.19080090522766113 best itera 532
root        : INFO             Network_User:    Train:    loss 0.19146199524402618
root        : INFO             Network_User:    Train:    acc 0.735, f1_weighted 0.7093823552131653, f1_mean 0.47538837790489197
root        : INFO             Network_User:    Train:    Allocated 0.0 GB Cached 1.1 GB
root        : INFO     

--------------------------
root        : INFO             Network_User:            Dataset lara_3s network cnn_transformer lr 0.001 lr_optimizer 0.00025 Reshape False 
root        : INFO             Network_User:    Train:    epoch 6/15 batch 65/266 itera 1662 elapsed time 0.1908726692199707 best itera 532
root        : INFO             Network_User:    Train:    loss 0.24093449115753174
root        : INFO             Network_User:    Train:    acc 0.68, f1_weighted 0.6344332695007324, f1_mean 0.4201277196407318
root        : INFO             Network_User:    Train:    Allocated 0.0 GB Cached 1.1 GB
root        : INFO     

--------------------------
root        : INFO             Network_User:            Dataset lara_3s network cnn_transformer lr 0.001 lr_optimizer 0.00025 Reshape False 
root        : INFO             Network_User:    Train:    epoch 6/15 batch 78/266 itera 1675 elapsed time 0.19086432456970215 best itera 532
root        : INFO             Network_User:    Train:    loss 0.19976924359798431
root        : INFO             Network_User:    Train:    acc 0.755, f1_weighted 0.7253748178482056, f1_mean 0.5420885682106018
root        : INFO             Network_User:    Train:    Allocated 0.0 GB Cached 1.1 GB
root        : INFO     

--------------------------
root        : INFO             Network_User:            Dataset lara_3s network cnn_transformer lr 0.001 lr_optimizer 0.00025 Reshape False 
root        : INFO             Network_User:    Train:    epoch 6/15 batch 91/266 itera 1688 elapsed time 0.19063353538513184 best itera 532
root        : INFO             Network_User:    Train:    loss 0.23012904822826385
root        : INFO             Network_User:    Train:    acc 0.68, f1_weighted 0.6312947273254395, f1_mean 0.35558462142944336
root        : INFO             Network_User:    Train:    Allocated 0.0 GB Cached 1.1 GB
root        : INFO     

--------------------------
root        : INFO             Network_User:            Dataset lara_3s network cnn_transformer lr 0.001 lr_optimizer 0.00025 Reshape False 
root        : INFO             Network_User:    Train:    epoch 6/15 batch 104/266 itera 1701 elapsed time 0.1909959316253662 best itera 532
root        : INFO             Network_User:    Train:    loss 0.2106824368238449
root        : INFO             Network_User:    Train:    acc 0.745, f1_weighted 0.7076607942581177, f1_mean 0.4584219753742218
root        : INFO             Network_User:    Train:    Allocated 0.0 GB Cached 1.1 GB
root        : INFO     

--------------------------
root        : INFO             Network_User:            Dataset lara_3s network cnn_transformer lr 0.001 lr_optimizer 0.00025 Reshape False 
root        : INFO             Network_User:    Train:    epoch 6/15 batch 117/266 itera 1714 elapsed time 0.19086861610412598 best itera 532
root        : INFO             Network_User:    Train:    loss 0.2127498835325241
root        : INFO             Network_User:    Train:    acc 0.71, f1_weighted 0.6603399515151978, f1_mean 0.43278005719184875
root        : INFO             Network_User:    Train:    Allocated 0.0 GB Cached 1.1 GB
root        : INFO     

--------------------------
root        : INFO             Network_User:            Dataset lara_3s network cnn_transformer lr 0.001 lr_optimizer 0.00025 Reshape False 
root        : INFO             Network_User:    Train:    epoch 6/15 batch 130/266 itera 1727 elapsed time 0.19092082977294922 best itera 532
root        : INFO             Network_User:    Train:    loss 0.19611972570419312
root        : INFO             Network_User:    Train:    acc 0.74, f1_weighted 0.70192950963974, f1_mean 0.4831812381744385
root        : INFO             Network_User:    Train:    Allocated 0.0 GB Cached 1.1 GB
root        : INFO     

--------------------------
root        : INFO             Network_User:            Dataset lara_3s network cnn_transformer lr 0.001 lr_optimizer 0.00025 Reshape False 
root        : INFO             Network_User:    Train:    epoch 6/15 batch 143/266 itera 1740 elapsed time 0.1954185962677002 best itera 532
root        : INFO             Network_User:    Train:    loss 0.2083580195903778
root        : INFO             Network_User:    Train:    acc 0.74, f1_weighted 0.7060120105743408, f1_mean 0.5295165181159973
root        : INFO             Network_User:    Train:    Allocated 0.0 GB Cached 1.1 GB
root        : INFO     

--------------------------
root        : INFO             Network_User:            Dataset lara_3s network cnn_transformer lr 0.001 lr_optimizer 0.00025 Reshape False 
root        : INFO             Network_User:    Train:    epoch 6/15 batch 156/266 itera 1753 elapsed time 0.19074273109436035 best itera 532
root        : INFO             Network_User:    Train:    loss 0.2006792277097702
root        : INFO             Network_User:    Train:    acc 0.73, f1_weighted 0.6993690729141235, f1_mean 0.503782331943512
root        : INFO             Network_User:    Train:    Allocated 0.0 GB Cached 1.1 GB
root        : INFO     

--------------------------
root        : INFO             Network_User:            Dataset lara_3s network cnn_transformer lr 0.001 lr_optimizer 0.00025 Reshape False 
root        : INFO             Network_User:    Train:    epoch 6/15 batch 169/266 itera 1766 elapsed time 0.19118523597717285 best itera 532
root        : INFO             Network_User:    Train:    loss 0.18976280093193054
root        : INFO             Network_User:    Train:    acc 0.775, f1_weighted 0.7455933094024658, f1_mean 0.48549360036849976
root        : INFO             Network_User:    Train:    Allocated 0.0 GB Cached 1.1 GB
root        : INFO     

--------------------------
root        : INFO             Network_User:            Dataset lara_3s network cnn_transformer lr 0.001 lr_optimizer 0.00025 Reshape False 
root        : INFO             Network_User:    Train:    epoch 6/15 batch 182/266 itera 1779 elapsed time 0.19573020935058594 best itera 532
root        : INFO             Network_User:    Train:    loss 0.19398221373558044
root        : INFO             Network_User:    Train:    acc 0.76, f1_weighted 0.7295492887496948, f1_mean 0.5327715277671814
root        : INFO             Network_User:    Train:    Allocated 0.0 GB Cached 1.1 GB
root        : INFO     

--------------------------
root        : INFO             Network_User:            Dataset lara_3s network cnn_transformer lr 0.001 lr_optimizer 0.00025 Reshape False 
root        : INFO             Network_User:    Train:    epoch 6/15 batch 195/266 itera 1792 elapsed time 0.19557833671569824 best itera 532
root        : INFO             Network_User:    Train:    loss 0.22991761565208435
root        : INFO             Network_User:    Train:    acc 0.685, f1_weighted 0.6458591818809509, f1_mean 0.49131351709365845
root        : INFO             Network_User:    Train:    Allocated 0.0 GB Cached 1.1 GB
root        : INFO     

--------------------------
root        : INFO             Network_User:            Dataset lara_3s network cnn_transformer lr 0.001 lr_optimizer 0.00025 Reshape False 
root        : INFO             Network_User:    Train:    epoch 6/15 batch 208/266 itera 1805 elapsed time 0.19077038764953613 best itera 532
root        : INFO             Network_User:    Train:    loss 0.22187523543834686
root        : INFO             Network_User:    Train:    acc 0.705, f1_weighted 0.6658398509025574, f1_mean 0.45225730538368225
root        : INFO             Network_User:    Train:    Allocated 0.0 GB Cached 1.1 GB
root        : INFO     

--------------------------
root        : INFO             Network_User:            Dataset lara_3s network cnn_transformer lr 0.001 lr_optimizer 0.00025 Reshape False 
root        : INFO             Network_User:    Train:    epoch 6/15 batch 221/266 itera 1818 elapsed time 0.19071435928344727 best itera 532
root        : INFO             Network_User:    Train:    loss 0.24301892518997192
root        : INFO             Network_User:    Train:    acc 0.66, f1_weighted 0.6247353553771973, f1_mean 0.40779009461402893
root        : INFO             Network_User:    Train:    Allocated 0.0 GB Cached 1.1 GB
root        : INFO     

--------------------------
root        : INFO             Network_User:            Dataset lara_3s network cnn_transformer lr 0.001 lr_optimizer 0.00025 Reshape False 
root        : INFO             Network_User:    Train:    epoch 6/15 batch 234/266 itera 1831 elapsed time 0.19101572036743164 best itera 532
root        : INFO             Network_User:    Train:    loss 0.21044236421585083
root        : INFO             Network_User:    Train:    acc 0.73, f1_weighted 0.6861267685890198, f1_mean 0.44640401005744934
root        : INFO             Network_User:    Train:    Allocated 0.0 GB Cached 1.1 GB
root        : INFO     

--------------------------
root        : INFO             Network_User:            Dataset lara_3s network cnn_transformer lr 0.001 lr_optimizer 0.00025 Reshape False 
root        : INFO             Network_User:    Train:    epoch 6/15 batch 247/266 itera 1844 elapsed time 0.19547033309936523 best itera 532
root        : INFO             Network_User:    Train:    loss 0.17849068343639374
root        : INFO             Network_User:    Train:    acc 0.76, f1_weighted 0.7196788191795349, f1_mean 0.4659486413002014
root        : INFO             Network_User:    Train:    Allocated 0.0 GB Cached 1.1 GB
root        : INFO     

--------------------------
root        : INFO             Network_User:            Dataset lara_3s network cnn_transformer lr 0.001 lr_optimizer 0.00025 Reshape False 
root        : INFO             Network_User:    Train:    epoch 6/15 batch 260/266 itera 1857 elapsed time 0.19074082374572754 best itera 532
root        : INFO             Network_User:    Train:    loss 0.1694054752588272
root        : INFO             Network_User:    Train:    acc 0.8, f1_weighted 0.7614375948905945, f1_mean 0.5064502358436584
root        : INFO             Network_User:    Train:    Allocated 0.0 GB Cached 1.1 GB
root        : INFO     

--------------------------
root        : INFO     

root        : INFO             Network_User:        Validating
root        : INFO                 Metrics: Constructor
root        : INFO     

root        : INFO             Network_User:        Validating:    epoch 6 batch 265 itera 1862 elapsed time 8.577914476394653, best itera 532
root        : INFO             Network_User:        Validating:    acc 0.43112943323787645, f1_weighted 0.3912111818790436, f1_mean 0.248213991522789
root        : INFO     
        Network_User:    Train:    Training epoch 7
root        : INFO             Network_User:            Dataset lara_3s network cnn_transformer lr 0.001 lr_optimizer 0.00025 Reshape False 
root        : INFO             Network_User:    Train:    epoch 7/15 batch 0/266 itera 1863 elapsed time 0.19275617599487305 best itera 532
root        : INFO             Network_User:    Train:    loss 0.19585587084293365
root        : INFO             Network_User:    Train:    acc 0.725, f1_weighted 0.6807805895805359, f1_mean 0.45575276017189026
root        : INFO             Network_User:    Train:    Allocated 0.0 GB Cached 1.1 GB
root        : INFO     

--------------------------
root        : INFO             Network_User:            Dataset lara_3s network cnn_transformer lr 0.001 lr_optimizer 0.00025 Reshape False 
root        : INFO             Network_User:    Train:    epoch 7/15 batch 13/266 itera 1876 elapsed time 0.19057035446166992 best itera 532
root        : INFO             Network_User:    Train:    loss 0.21267637610435486
root        : INFO             Network_User:    Train:    acc 0.74, f1_weighted 0.691483199596405, f1_mean 0.46380743384361267
root        : INFO             Network_User:    Train:    Allocated 0.0 GB Cached 1.1 GB
root        : INFO     

--------------------------
root        : INFO             Network_User:            Dataset lara_3s network cnn_transformer lr 0.001 lr_optimizer 0.00025 Reshape False 
root        : INFO             Network_User:    Train:    epoch 7/15 batch 26/266 itera 1889 elapsed time 0.19086337089538574 best itera 532
root        : INFO             Network_User:    Train:    loss 0.18962079286575317
root        : INFO             Network_User:    Train:    acc 0.755, f1_weighted 0.7097468972206116, f1_mean 0.47951260209083557
root        : INFO             Network_User:    Train:    Allocated 0.0 GB Cached 1.1 GB
root        : INFO     

--------------------------
root        : INFO             Network_User:            Dataset lara_3s network cnn_transformer lr 0.001 lr_optimizer 0.00025 Reshape False 
root        : INFO             Network_User:    Train:    epoch 7/15 batch 39/266 itera 1902 elapsed time 0.19091224670410156 best itera 532
root        : INFO             Network_User:    Train:    loss 0.20717459917068481
root        : INFO             Network_User:    Train:    acc 0.715, f1_weighted 0.6728789806365967, f1_mean 0.5740184783935547
root        : INFO             Network_User:    Train:    Allocated 0.0 GB Cached 1.1 GB
root        : INFO     

--------------------------
root        : INFO             Network_User:            Dataset lara_3s network cnn_transformer lr 0.001 lr_optimizer 0.00025 Reshape False 
root        : INFO             Network_User:    Train:    epoch 7/15 batch 52/266 itera 1915 elapsed time 0.1908731460571289 best itera 532
root        : INFO             Network_User:    Train:    loss 0.16501428186893463
root        : INFO             Network_User:    Train:    acc 0.785, f1_weighted 0.7509544491767883, f1_mean 0.5259203910827637
root        : INFO             Network_User:    Train:    Allocated 0.0 GB Cached 1.1 GB
root        : INFO     

--------------------------
root        : INFO             Network_User:            Dataset lara_3s network cnn_transformer lr 0.001 lr_optimizer 0.00025 Reshape False 
root        : INFO             Network_User:    Train:    epoch 7/15 batch 65/266 itera 1928 elapsed time 0.1906120777130127 best itera 532
root        : INFO             Network_User:    Train:    loss 0.2111240029335022
root        : INFO             Network_User:    Train:    acc 0.77, f1_weighted 0.7395341992378235, f1_mean 0.5336089730262756
root        : INFO             Network_User:    Train:    Allocated 0.0 GB Cached 1.1 GB
root        : INFO     

--------------------------
root        : INFO             Network_User:            Dataset lara_3s network cnn_transformer lr 0.001 lr_optimizer 0.00025 Reshape False 
root        : INFO             Network_User:    Train:    epoch 7/15 batch 78/266 itera 1941 elapsed time 0.19086694717407227 best itera 532
root        : INFO             Network_User:    Train:    loss 0.211093470454216
root        : INFO             Network_User:    Train:    acc 0.75, f1_weighted 0.7155181765556335, f1_mean 0.507782518863678
root        : INFO             Network_User:    Train:    Allocated 0.0 GB Cached 1.1 GB
root        : INFO     

--------------------------
root        : INFO             Network_User:            Dataset lara_3s network cnn_transformer lr 0.001 lr_optimizer 0.00025 Reshape False 
root        : INFO             Network_User:    Train:    epoch 7/15 batch 91/266 itera 1954 elapsed time 0.19072318077087402 best itera 532
root        : INFO             Network_User:    Train:    loss 0.20546042919158936
root        : INFO             Network_User:    Train:    acc 0.74, f1_weighted 0.7033929824829102, f1_mean 0.4766295254230499
root        : INFO             Network_User:    Train:    Allocated 0.0 GB Cached 1.1 GB
root        : INFO     

--------------------------
root        : INFO             Network_User:            Dataset lara_3s network cnn_transformer lr 0.001 lr_optimizer 0.00025 Reshape False 
root        : INFO             Network_User:    Train:    epoch 7/15 batch 104/266 itera 1967 elapsed time 0.19088363647460938 best itera 532
root        : INFO             Network_User:    Train:    loss 0.20814809203147888
root        : INFO             Network_User:    Train:    acc 0.73, f1_weighted 0.6945978403091431, f1_mean 0.45333221554756165
root        : INFO             Network_User:    Train:    Allocated 0.0 GB Cached 1.1 GB
root        : INFO     

--------------------------
root        : INFO             Network_User:            Dataset lara_3s network cnn_transformer lr 0.001 lr_optimizer 0.00025 Reshape False 
root        : INFO             Network_User:    Train:    epoch 7/15 batch 117/266 itera 1980 elapsed time 0.19054961204528809 best itera 532
root        : INFO             Network_User:    Train:    loss 0.20261606574058533
root        : INFO             Network_User:    Train:    acc 0.765, f1_weighted 0.7209830284118652, f1_mean 0.5584063529968262
root        : INFO             Network_User:    Train:    Allocated 0.0 GB Cached 1.1 GB
root        : INFO     

--------------------------
root        : INFO             Network_User:            Dataset lara_3s network cnn_transformer lr 0.001 lr_optimizer 0.00025 Reshape False 
root        : INFO             Network_User:    Train:    epoch 7/15 batch 130/266 itera 1993 elapsed time 0.1908113956451416 best itera 532
root        : INFO             Network_User:    Train:    loss 0.20810624957084656
root        : INFO             Network_User:    Train:    acc 0.735, f1_weighted 0.6853961944580078, f1_mean 0.47060373425483704
root        : INFO             Network_User:    Train:    Allocated 0.0 GB Cached 1.1 GB
root        : INFO     

--------------------------
root        : INFO             Network_User:            Dataset lara_3s network cnn_transformer lr 0.001 lr_optimizer 0.00025 Reshape False 
root        : INFO             Network_User:    Train:    epoch 7/15 batch 143/266 itera 2006 elapsed time 0.19574546813964844 best itera 532
root        : INFO             Network_User:    Train:    loss 0.20953269302845
root        : INFO             Network_User:    Train:    acc 0.72, f1_weighted 0.6791868209838867, f1_mean 0.4108254611492157
root        : INFO             Network_User:    Train:    Allocated 0.0 GB Cached 1.1 GB
root        : INFO     

--------------------------
root        : INFO             Network_User:            Dataset lara_3s network cnn_transformer lr 0.001 lr_optimizer 0.00025 Reshape False 
root        : INFO             Network_User:    Train:    epoch 7/15 batch 156/266 itera 2019 elapsed time 0.19086837768554688 best itera 532
root        : INFO             Network_User:    Train:    loss 0.21783554553985596
root        : INFO             Network_User:    Train:    acc 0.71, f1_weighted 0.6767149567604065, f1_mean 0.4895114004611969
root        : INFO             Network_User:    Train:    Allocated 0.0 GB Cached 1.1 GB
root        : INFO     

--------------------------
root        : INFO             Network_User:            Dataset lara_3s network cnn_transformer lr 0.001 lr_optimizer 0.00025 Reshape False 
root        : INFO             Network_User:    Train:    epoch 7/15 batch 169/266 itera 2032 elapsed time 0.19057536125183105 best itera 532
root        : INFO             Network_User:    Train:    loss 0.19360432028770447
root        : INFO             Network_User:    Train:    acc 0.74, f1_weighted 0.7021819353103638, f1_mean 0.4912385046482086
root        : INFO             Network_User:    Train:    Allocated 0.0 GB Cached 1.1 GB
root        : INFO     

--------------------------
root        : INFO             Network_User:            Dataset lara_3s network cnn_transformer lr 0.001 lr_optimizer 0.00025 Reshape False 
root        : INFO             Network_User:    Train:    epoch 7/15 batch 182/266 itera 2045 elapsed time 0.1955270767211914 best itera 532
root        : INFO             Network_User:    Train:    loss 0.23789800703525543
root        : INFO             Network_User:    Train:    acc 0.705, f1_weighted 0.6531147956848145, f1_mean 0.4910409450531006
root        : INFO             Network_User:    Train:    Allocated 0.0 GB Cached 1.1 GB
root        : INFO     

--------------------------
root        : INFO             Network_User:            Dataset lara_3s network cnn_transformer lr 0.001 lr_optimizer 0.00025 Reshape False 
root        : INFO             Network_User:    Train:    epoch 7/15 batch 195/266 itera 2058 elapsed time 0.1908862590789795 best itera 532
root        : INFO             Network_User:    Train:    loss 0.2196836620569229
root        : INFO             Network_User:    Train:    acc 0.705, f1_weighted 0.6721095442771912, f1_mean 0.5031952857971191
root        : INFO             Network_User:    Train:    Allocated 0.0 GB Cached 1.1 GB
root        : INFO     

--------------------------
root        : INFO             Network_User:            Dataset lara_3s network cnn_transformer lr 0.001 lr_optimizer 0.00025 Reshape False 
root        : INFO             Network_User:    Train:    epoch 7/15 batch 208/266 itera 2071 elapsed time 0.19098138809204102 best itera 532
root        : INFO             Network_User:    Train:    loss 0.22074827551841736
root        : INFO             Network_User:    Train:    acc 0.715, f1_weighted 0.6782633066177368, f1_mean 0.5023733973503113
root        : INFO             Network_User:    Train:    Allocated 0.0 GB Cached 1.1 GB
root        : INFO     

--------------------------
root        : INFO             Network_User:            Dataset lara_3s network cnn_transformer lr 0.001 lr_optimizer 0.00025 Reshape False 
root        : INFO             Network_User:    Train:    epoch 7/15 batch 221/266 itera 2084 elapsed time 0.1907045841217041 best itera 532
root        : INFO             Network_User:    Train:    loss 0.17992709577083588
root        : INFO             Network_User:    Train:    acc 0.775, f1_weighted 0.7386131286621094, f1_mean 0.4231157898902893
root        : INFO             Network_User:    Train:    Allocated 0.0 GB Cached 1.1 GB
root        : INFO     

--------------------------
root        : INFO             Network_User:            Dataset lara_3s network cnn_transformer lr 0.001 lr_optimizer 0.00025 Reshape False 
root        : INFO             Network_User:    Train:    epoch 7/15 batch 234/266 itera 2097 elapsed time 0.19083952903747559 best itera 532
root        : INFO             Network_User:    Train:    loss 0.21973836421966553
root        : INFO             Network_User:    Train:    acc 0.7, f1_weighted 0.6569653153419495, f1_mean 0.43612226843833923
root        : INFO             Network_User:    Train:    Allocated 0.0 GB Cached 1.1 GB
root        : INFO     

--------------------------
root        : INFO             Network_User:            Dataset lara_3s network cnn_transformer lr 0.001 lr_optimizer 0.00025 Reshape False 
root        : INFO             Network_User:    Train:    epoch 7/15 batch 247/266 itera 2110 elapsed time 0.19538640975952148 best itera 532
root        : INFO             Network_User:    Train:    loss 0.17639780044555664
root        : INFO             Network_User:    Train:    acc 0.765, f1_weighted 0.7379564046859741, f1_mean 0.5165440440177917
root        : INFO             Network_User:    Train:    Allocated 0.0 GB Cached 1.1 GB
root        : INFO     

--------------------------
root        : INFO             Network_User:            Dataset lara_3s network cnn_transformer lr 0.001 lr_optimizer 0.00025 Reshape False 
root        : INFO             Network_User:    Train:    epoch 7/15 batch 260/266 itera 2123 elapsed time 0.19068527221679688 best itera 532
root        : INFO             Network_User:    Train:    loss 0.20109553635120392
root        : INFO             Network_User:    Train:    acc 0.735, f1_weighted 0.6896576285362244, f1_mean 0.5609863996505737
root        : INFO             Network_User:    Train:    Allocated 0.0 GB Cached 1.1 GB
root        : INFO     

--------------------------
root        : INFO     

root        : INFO             Network_User:        Validating
root        : INFO                 Metrics: Constructor
root        : INFO     

root        : INFO             Network_User:        Validating:    epoch 7 batch 265 itera 2128 elapsed time 8.808008909225464, best itera 532
root        : INFO             Network_User:        Validating:    acc 0.43663656103471066, f1_weighted 0.39341193437576294, f1_mean 0.24864423274993896
root        : INFO     
        Network_User:    Train:    Training epoch 8
root        : INFO             Network_User:            Dataset lara_3s network cnn_transformer lr 0.001 lr_optimizer 0.000125 Reshape False 
root        : INFO             Network_User:    Train:    epoch 8/15 batch 0/266 itera 2129 elapsed time 0.19646763801574707 best itera 532
root        : INFO             Network_User:    Train:    loss 0.19731083512306213
root        : INFO             Network_User:    Train:    acc 0.765, f1_weighted 0.7315812706947327, f1_mean 0.5542954802513123
root        : INFO             Network_User:    Train:    Allocated 0.0 GB Cached 1.1 GB
root        : INFO     

--------------------------
root        : INFO             Network_User:            Dataset lara_3s network cnn_transformer lr 0.001 lr_optimizer 0.000125 Reshape False 
root        : INFO             Network_User:    Train:    epoch 8/15 batch 13/266 itera 2142 elapsed time 0.19086265563964844 best itera 532
root        : INFO             Network_User:    Train:    loss 0.19185617566108704
root        : INFO             Network_User:    Train:    acc 0.75, f1_weighted 0.7117452621459961, f1_mean 0.584406852722168
root        : INFO             Network_User:    Train:    Allocated 0.0 GB Cached 1.1 GB
root        : INFO     

--------------------------
root        : INFO             Network_User:            Dataset lara_3s network cnn_transformer lr 0.001 lr_optimizer 0.000125 Reshape False 
root        : INFO             Network_User:    Train:    epoch 8/15 batch 26/266 itera 2155 elapsed time 0.19103384017944336 best itera 532
root        : INFO             Network_User:    Train:    loss 0.2142748087644577
root        : INFO             Network_User:    Train:    acc 0.745, f1_weighted 0.7073995471000671, f1_mean 0.48992109298706055
root        : INFO             Network_User:    Train:    Allocated 0.0 GB Cached 1.1 GB
root        : INFO     

--------------------------
root        : INFO             Network_User:            Dataset lara_3s network cnn_transformer lr 0.001 lr_optimizer 0.000125 Reshape False 
root        : INFO             Network_User:    Train:    epoch 8/15 batch 39/266 itera 2168 elapsed time 0.19531679153442383 best itera 532
root        : INFO             Network_User:    Train:    loss 0.20848789811134338
root        : INFO             Network_User:    Train:    acc 0.745, f1_weighted 0.7114071249961853, f1_mean 0.5155154466629028
root        : INFO             Network_User:    Train:    Allocated 0.0 GB Cached 1.1 GB
root        : INFO     

--------------------------
root        : INFO             Network_User:            Dataset lara_3s network cnn_transformer lr 0.001 lr_optimizer 0.000125 Reshape False 
root        : INFO             Network_User:    Train:    epoch 8/15 batch 52/266 itera 2181 elapsed time 0.19081449508666992 best itera 532
root        : INFO             Network_User:    Train:    loss 0.20773664116859436
root        : INFO             Network_User:    Train:    acc 0.7, f1_weighted 0.6697428822517395, f1_mean 0.4518272280693054
root        : INFO             Network_User:    Train:    Allocated 0.0 GB Cached 1.1 GB
root        : INFO     

--------------------------
root        : INFO             Network_User:            Dataset lara_3s network cnn_transformer lr 0.001 lr_optimizer 0.000125 Reshape False 
root        : INFO             Network_User:    Train:    epoch 8/15 batch 65/266 itera 2194 elapsed time 0.19077825546264648 best itera 532
root        : INFO             Network_User:    Train:    loss 0.2090320736169815
root        : INFO             Network_User:    Train:    acc 0.72, f1_weighted 0.6869080662727356, f1_mean 0.5074784159660339
root        : INFO             Network_User:    Train:    Allocated 0.0 GB Cached 1.1 GB
root        : INFO     

--------------------------
root        : INFO             Network_User:            Dataset lara_3s network cnn_transformer lr 0.001 lr_optimizer 0.000125 Reshape False 
root        : INFO             Network_User:    Train:    epoch 8/15 batch 78/266 itera 2207 elapsed time 0.19321084022521973 best itera 532
root        : INFO             Network_User:    Train:    loss 0.22997170686721802
root        : INFO             Network_User:    Train:    acc 0.695, f1_weighted 0.6573097705841064, f1_mean 0.5009507536888123
root        : INFO             Network_User:    Train:    Allocated 0.0 GB Cached 1.1 GB
root        : INFO     

--------------------------
root        : INFO             Network_User:            Dataset lara_3s network cnn_transformer lr 0.001 lr_optimizer 0.000125 Reshape False 
root        : INFO             Network_User:    Train:    epoch 8/15 batch 91/266 itera 2220 elapsed time 0.1907031536102295 best itera 532
root        : INFO             Network_User:    Train:    loss 0.18596471846103668
root        : INFO             Network_User:    Train:    acc 0.78, f1_weighted 0.739666759967804, f1_mean 0.4432373046875
root        : INFO             Network_User:    Train:    Allocated 0.0 GB Cached 1.1 GB
root        : INFO     

--------------------------
root        : INFO             Network_User:            Dataset lara_3s network cnn_transformer lr 0.001 lr_optimizer 0.000125 Reshape False 
root        : INFO             Network_User:    Train:    epoch 8/15 batch 104/266 itera 2233 elapsed time 0.19077110290527344 best itera 532
root        : INFO             Network_User:    Train:    loss 0.23477107286453247
root        : INFO             Network_User:    Train:    acc 0.685, f1_weighted 0.6483408212661743, f1_mean 0.3834488093852997
root        : INFO             Network_User:    Train:    Allocated 0.0 GB Cached 1.1 GB
root        : INFO     

--------------------------
root        : INFO             Network_User:            Dataset lara_3s network cnn_transformer lr 0.001 lr_optimizer 0.000125 Reshape False 
root        : INFO             Network_User:    Train:    epoch 8/15 batch 117/266 itera 2246 elapsed time 0.1907951831817627 best itera 532
root        : INFO             Network_User:    Train:    loss 0.1970049887895584
root        : INFO             Network_User:    Train:    acc 0.725, f1_weighted 0.6851866841316223, f1_mean 0.5079028606414795
root        : INFO             Network_User:    Train:    Allocated 0.0 GB Cached 1.1 GB
root        : INFO     

--------------------------
root        : INFO             Network_User:            Dataset lara_3s network cnn_transformer lr 0.001 lr_optimizer 0.000125 Reshape False 
root        : INFO             Network_User:    Train:    epoch 8/15 batch 130/266 itera 2259 elapsed time 0.19101357460021973 best itera 532
root        : INFO             Network_User:    Train:    loss 0.21456938982009888
root        : INFO             Network_User:    Train:    acc 0.69, f1_weighted 0.6541039943695068, f1_mean 0.43847164511680603
root        : INFO             Network_User:    Train:    Allocated 0.0 GB Cached 1.1 GB
root        : INFO     

--------------------------
root        : INFO             Network_User:            Dataset lara_3s network cnn_transformer lr 0.001 lr_optimizer 0.000125 Reshape False 
root        : INFO             Network_User:    Train:    epoch 8/15 batch 143/266 itera 2272 elapsed time 0.1907050609588623 best itera 532
root        : INFO             Network_User:    Train:    loss 0.2376602292060852
root        : INFO             Network_User:    Train:    acc 0.72, f1_weighted 0.6874449849128723, f1_mean 0.5340624451637268
root        : INFO             Network_User:    Train:    Allocated 0.0 GB Cached 1.1 GB
root        : INFO     

--------------------------
root        : INFO             Network_User:            Dataset lara_3s network cnn_transformer lr 0.001 lr_optimizer 0.000125 Reshape False 
root        : INFO             Network_User:    Train:    epoch 8/15 batch 156/266 itera 2285 elapsed time 0.19083070755004883 best itera 532
root        : INFO             Network_User:    Train:    loss 0.21534620225429535
root        : INFO             Network_User:    Train:    acc 0.69, f1_weighted 0.652238667011261, f1_mean 0.4589881896972656
root        : INFO             Network_User:    Train:    Allocated 0.0 GB Cached 1.1 GB
root        : INFO     

--------------------------
root        : INFO             Network_User:            Dataset lara_3s network cnn_transformer lr 0.001 lr_optimizer 0.000125 Reshape False 
root        : INFO             Network_User:    Train:    epoch 8/15 batch 169/266 itera 2298 elapsed time 0.19087433815002441 best itera 532
root        : INFO             Network_User:    Train:    loss 0.2223382592201233
root        : INFO             Network_User:    Train:    acc 0.705, f1_weighted 0.6672561168670654, f1_mean 0.47283369302749634
root        : INFO             Network_User:    Train:    Allocated 0.0 GB Cached 1.1 GB
root        : INFO     

--------------------------
root        : INFO             Network_User:            Dataset lara_3s network cnn_transformer lr 0.001 lr_optimizer 0.000125 Reshape False 
root        : INFO             Network_User:    Train:    epoch 8/15 batch 182/266 itera 2311 elapsed time 0.19089055061340332 best itera 532
root        : INFO             Network_User:    Train:    loss 0.18792963027954102
root        : INFO             Network_User:    Train:    acc 0.75, f1_weighted 0.7220457792282104, f1_mean 0.4618743360042572
root        : INFO             Network_User:    Train:    Allocated 0.0 GB Cached 1.1 GB
root        : INFO     

--------------------------
root        : INFO             Network_User:            Dataset lara_3s network cnn_transformer lr 0.001 lr_optimizer 0.000125 Reshape False 
root        : INFO             Network_User:    Train:    epoch 8/15 batch 195/266 itera 2324 elapsed time 0.19068384170532227 best itera 532
root        : INFO             Network_User:    Train:    loss 0.20330828428268433
root        : INFO             Network_User:    Train:    acc 0.765, f1_weighted 0.7215536832809448, f1_mean 0.4513779282569885
root        : INFO             Network_User:    Train:    Allocated 0.0 GB Cached 1.1 GB
root        : INFO     

--------------------------
root        : INFO             Network_User:            Dataset lara_3s network cnn_transformer lr 0.001 lr_optimizer 0.000125 Reshape False 
root        : INFO             Network_User:    Train:    epoch 8/15 batch 208/266 itera 2337 elapsed time 0.19075775146484375 best itera 532
root        : INFO             Network_User:    Train:    loss 0.19413499534130096
root        : INFO             Network_User:    Train:    acc 0.76, f1_weighted 0.7172011137008667, f1_mean 0.4467458128929138
root        : INFO             Network_User:    Train:    Allocated 0.0 GB Cached 1.1 GB
root        : INFO     

--------------------------
root        : INFO             Network_User:            Dataset lara_3s network cnn_transformer lr 0.001 lr_optimizer 0.000125 Reshape False 
root        : INFO             Network_User:    Train:    epoch 8/15 batch 221/266 itera 2350 elapsed time 0.19562768936157227 best itera 532
root        : INFO             Network_User:    Train:    loss 0.16256245970726013
root        : INFO             Network_User:    Train:    acc 0.785, f1_weighted 0.7663173675537109, f1_mean 0.5587481260299683
root        : INFO             Network_User:    Train:    Allocated 0.0 GB Cached 1.1 GB
root        : INFO     

--------------------------
root        : INFO             Network_User:            Dataset lara_3s network cnn_transformer lr 0.001 lr_optimizer 0.000125 Reshape False 
root        : INFO             Network_User:    Train:    epoch 8/15 batch 234/266 itera 2363 elapsed time 0.1909642219543457 best itera 532
root        : INFO             Network_User:    Train:    loss 0.21477806568145752
root        : INFO             Network_User:    Train:    acc 0.73, f1_weighted 0.6711755990982056, f1_mean 0.5603392124176025
root        : INFO             Network_User:    Train:    Allocated 0.0 GB Cached 1.1 GB
root        : INFO     

--------------------------
root        : INFO             Network_User:            Dataset lara_3s network cnn_transformer lr 0.001 lr_optimizer 0.000125 Reshape False 
root        : INFO             Network_User:    Train:    epoch 8/15 batch 247/266 itera 2376 elapsed time 0.19075918197631836 best itera 532
root        : INFO             Network_User:    Train:    loss 0.21514110267162323
root        : INFO             Network_User:    Train:    acc 0.73, f1_weighted 0.6823177337646484, f1_mean 0.5241473913192749
root        : INFO             Network_User:    Train:    Allocated 0.0 GB Cached 1.1 GB
root        : INFO     

--------------------------
root        : INFO             Network_User:            Dataset lara_3s network cnn_transformer lr 0.001 lr_optimizer 0.000125 Reshape False 
root        : INFO             Network_User:    Train:    epoch 8/15 batch 260/266 itera 2389 elapsed time 0.19077372550964355 best itera 532
root        : INFO             Network_User:    Train:    loss 0.18882602453231812
root        : INFO             Network_User:    Train:    acc 0.74, f1_weighted 0.7051970362663269, f1_mean 0.46548256278038025
root        : INFO             Network_User:    Train:    Allocated 0.0 GB Cached 1.1 GB
root        : INFO     

--------------------------
root        : INFO     

root        : INFO             Network_User:        Validating
root        : INFO                 Metrics: Constructor
root        : INFO     

root        : INFO             Network_User:        Validating:    epoch 8 batch 265 itera 2394 elapsed time 8.615704536437988, best itera 532
root        : INFO             Network_User:        Validating:    acc 0.42219215155615697, f1_weighted 0.3866511285305023, f1_mean 0.25023552775382996
root        : INFO     
        Network_User:    Train:    Training epoch 9
root        : INFO             Network_User:            Dataset lara_3s network cnn_transformer lr 0.001 lr_optimizer 0.000125 Reshape False 
root        : INFO             Network_User:    Train:    epoch 9/15 batch 0/266 itera 2395 elapsed time 0.19587087631225586 best itera 532
root        : INFO             Network_User:    Train:    loss 0.20797109603881836
root        : INFO             Network_User:    Train:    acc 0.735, f1_weighted 0.7044532895088196, f1_mean 0.49138396978378296
root        : INFO             Network_User:    Train:    Allocated 0.0 GB Cached 1.1 GB
root        : INFO     

--------------------------
root        : INFO             Network_User:            Dataset lara_3s network cnn_transformer lr 0.001 lr_optimizer 0.000125 Reshape False 
root        : INFO             Network_User:    Train:    epoch 9/15 batch 13/266 itera 2408 elapsed time 0.19053983688354492 best itera 532
root        : INFO             Network_User:    Train:    loss 0.20205740630626678
root        : INFO             Network_User:    Train:    acc 0.745, f1_weighted 0.71066814661026, f1_mean 0.49911069869995117
root        : INFO             Network_User:    Train:    Allocated 0.0 GB Cached 1.1 GB
root        : INFO     

--------------------------
root        : INFO             Network_User:            Dataset lara_3s network cnn_transformer lr 0.001 lr_optimizer 0.000125 Reshape False 
root        : INFO             Network_User:    Train:    epoch 9/15 batch 26/266 itera 2421 elapsed time 0.19076180458068848 best itera 532
root        : INFO             Network_User:    Train:    loss 0.2127457857131958
root        : INFO             Network_User:    Train:    acc 0.725, f1_weighted 0.691399872303009, f1_mean 0.5451142191886902
root        : INFO             Network_User:    Train:    Allocated 0.0 GB Cached 1.1 GB
root        : INFO     

--------------------------
root        : INFO             Network_User:            Dataset lara_3s network cnn_transformer lr 0.001 lr_optimizer 0.000125 Reshape False 
root        : INFO             Network_User:    Train:    epoch 9/15 batch 39/266 itera 2434 elapsed time 0.19073963165283203 best itera 532
root        : INFO             Network_User:    Train:    loss 0.2432701140642166
root        : INFO             Network_User:    Train:    acc 0.66, f1_weighted 0.603348433971405, f1_mean 0.39950305223464966
root        : INFO             Network_User:    Train:    Allocated 0.0 GB Cached 1.1 GB
root        : INFO     

--------------------------
root        : INFO             Network_User:            Dataset lara_3s network cnn_transformer lr 0.001 lr_optimizer 0.000125 Reshape False 
root        : INFO             Network_User:    Train:    epoch 9/15 batch 52/266 itera 2447 elapsed time 0.19075679779052734 best itera 532
root        : INFO             Network_User:    Train:    loss 0.22147443890571594
root        : INFO             Network_User:    Train:    acc 0.705, f1_weighted 0.6642982959747314, f1_mean 0.5377085208892822
root        : INFO             Network_User:    Train:    Allocated 0.0 GB Cached 1.1 GB
root        : INFO     

--------------------------
root        : INFO             Network_User:            Dataset lara_3s network cnn_transformer lr 0.001 lr_optimizer 0.000125 Reshape False 
root        : INFO             Network_User:    Train:    epoch 9/15 batch 65/266 itera 2460 elapsed time 0.19519376754760742 best itera 532
root        : INFO             Network_User:    Train:    loss 0.22593025863170624
root        : INFO             Network_User:    Train:    acc 0.665, f1_weighted 0.6210110187530518, f1_mean 0.4766101837158203
root        : INFO             Network_User:    Train:    Allocated 0.0 GB Cached 1.1 GB
root        : INFO     

--------------------------
root        : INFO             Network_User:            Dataset lara_3s network cnn_transformer lr 0.001 lr_optimizer 0.000125 Reshape False 
root        : INFO             Network_User:    Train:    epoch 9/15 batch 78/266 itera 2473 elapsed time 0.19086337089538574 best itera 532
root        : INFO             Network_User:    Train:    loss 0.1983223706483841
root        : INFO             Network_User:    Train:    acc 0.725, f1_weighted 0.6829729080200195, f1_mean 0.5342919230461121
root        : INFO             Network_User:    Train:    Allocated 0.0 GB Cached 1.1 GB
root        : INFO     

--------------------------
root        : INFO             Network_User:            Dataset lara_3s network cnn_transformer lr 0.001 lr_optimizer 0.000125 Reshape False 
root        : INFO             Network_User:    Train:    epoch 9/15 batch 91/266 itera 2486 elapsed time 0.1908705234527588 best itera 532
root        : INFO             Network_User:    Train:    loss 0.21163669228553772
root        : INFO             Network_User:    Train:    acc 0.73, f1_weighted 0.689967155456543, f1_mean 0.44410040974617004
root        : INFO             Network_User:    Train:    Allocated 0.0 GB Cached 1.1 GB
root        : INFO     

--------------------------
root        : INFO             Network_User:            Dataset lara_3s network cnn_transformer lr 0.001 lr_optimizer 0.000125 Reshape False 
root        : INFO             Network_User:    Train:    epoch 9/15 batch 104/266 itera 2499 elapsed time 0.19299101829528809 best itera 532
root        : INFO             Network_User:    Train:    loss 0.2225099354982376
root        : INFO             Network_User:    Train:    acc 0.7, f1_weighted 0.6488505005836487, f1_mean 0.49390485882759094
root        : INFO             Network_User:    Train:    Allocated 0.0 GB Cached 1.1 GB
root        : INFO     

--------------------------
root        : INFO             Network_User:            Dataset lara_3s network cnn_transformer lr 0.001 lr_optimizer 0.000125 Reshape False 
root        : INFO             Network_User:    Train:    epoch 9/15 batch 117/266 itera 2512 elapsed time 0.1907966136932373 best itera 532
root        : INFO             Network_User:    Train:    loss 0.23384998738765717
root        : INFO             Network_User:    Train:    acc 0.705, f1_weighted 0.6690210103988647, f1_mean 0.4787917733192444
root        : INFO             Network_User:    Train:    Allocated 0.0 GB Cached 1.1 GB
root        : INFO     

--------------------------
root        : INFO             Network_User:            Dataset lara_3s network cnn_transformer lr 0.001 lr_optimizer 0.000125 Reshape False 
root        : INFO             Network_User:    Train:    epoch 9/15 batch 130/266 itera 2525 elapsed time 0.1907961368560791 best itera 532
root        : INFO             Network_User:    Train:    loss 0.20393699407577515
root        : INFO             Network_User:    Train:    acc 0.725, f1_weighted 0.6907584071159363, f1_mean 0.47783493995666504
root        : INFO             Network_User:    Train:    Allocated 0.0 GB Cached 1.1 GB
root        : INFO     

--------------------------
root        : INFO             Network_User:            Dataset lara_3s network cnn_transformer lr 0.001 lr_optimizer 0.000125 Reshape False 
root        : INFO             Network_User:    Train:    epoch 9/15 batch 143/266 itera 2538 elapsed time 0.1906909942626953 best itera 532
root        : INFO             Network_User:    Train:    loss 0.19887910783290863
root        : INFO             Network_User:    Train:    acc 0.735, f1_weighted 0.6968413591384888, f1_mean 0.46753841638565063
root        : INFO             Network_User:    Train:    Allocated 0.0 GB Cached 1.1 GB
root        : INFO     

--------------------------
root        : INFO             Network_User:            Dataset lara_3s network cnn_transformer lr 0.001 lr_optimizer 0.000125 Reshape False 
root        : INFO             Network_User:    Train:    epoch 9/15 batch 156/266 itera 2551 elapsed time 0.19080638885498047 best itera 532
root        : INFO             Network_User:    Train:    loss 0.22784772515296936
root        : INFO             Network_User:    Train:    acc 0.69, f1_weighted 0.6589238047599792, f1_mean 0.4291195869445801
root        : INFO             Network_User:    Train:    Allocated 0.0 GB Cached 1.1 GB
root        : INFO     

--------------------------
root        : INFO             Network_User:            Dataset lara_3s network cnn_transformer lr 0.001 lr_optimizer 0.000125 Reshape False 
root        : INFO             Network_User:    Train:    epoch 9/15 batch 169/266 itera 2564 elapsed time 0.1906733512878418 best itera 532
root        : INFO             Network_User:    Train:    loss 0.20807720720767975
root        : INFO             Network_User:    Train:    acc 0.73, f1_weighted 0.6815468072891235, f1_mean 0.5916796922683716
root        : INFO             Network_User:    Train:    Allocated 0.0 GB Cached 1.1 GB
root        : INFO     

--------------------------
root        : INFO             Network_User:            Dataset lara_3s network cnn_transformer lr 0.001 lr_optimizer 0.000125 Reshape False 
root        : INFO             Network_User:    Train:    epoch 9/15 batch 182/266 itera 2577 elapsed time 0.19076156616210938 best itera 532
root        : INFO             Network_User:    Train:    loss 0.2006484419107437
root        : INFO             Network_User:    Train:    acc 0.75, f1_weighted 0.713763952255249, f1_mean 0.5575069189071655
root        : INFO             Network_User:    Train:    Allocated 0.0 GB Cached 1.1 GB
root        : INFO     

--------------------------
root        : INFO             Network_User:            Dataset lara_3s network cnn_transformer lr 0.001 lr_optimizer 0.000125 Reshape False 
root        : INFO             Network_User:    Train:    epoch 9/15 batch 195/266 itera 2590 elapsed time 0.190842866897583 best itera 532
root        : INFO             Network_User:    Train:    loss 0.19153472781181335
root        : INFO             Network_User:    Train:    acc 0.745, f1_weighted 0.7086113691329956, f1_mean 0.5774934887886047
root        : INFO             Network_User:    Train:    Allocated 0.0 GB Cached 1.1 GB
root        : INFO     

--------------------------
root        : INFO             Network_User:            Dataset lara_3s network cnn_transformer lr 0.001 lr_optimizer 0.000125 Reshape False 
root        : INFO             Network_User:    Train:    epoch 9/15 batch 208/266 itera 2603 elapsed time 0.19085478782653809 best itera 532
root        : INFO             Network_User:    Train:    loss 0.191511332988739
root        : INFO             Network_User:    Train:    acc 0.745, f1_weighted 0.7128826379776001, f1_mean 0.484364777803421
root        : INFO             Network_User:    Train:    Allocated 0.0 GB Cached 1.1 GB
root        : INFO     

--------------------------
root        : INFO             Network_User:            Dataset lara_3s network cnn_transformer lr 0.001 lr_optimizer 0.000125 Reshape False 
root        : INFO             Network_User:    Train:    epoch 9/15 batch 221/266 itera 2616 elapsed time 0.190598726272583 best itera 532
root        : INFO             Network_User:    Train:    loss 0.1835876852273941
root        : INFO             Network_User:    Train:    acc 0.75, f1_weighted 0.711315929889679, f1_mean 0.4788806736469269
root        : INFO             Network_User:    Train:    Allocated 0.0 GB Cached 1.1 GB
root        : INFO     

--------------------------
root        : INFO             Network_User:            Dataset lara_3s network cnn_transformer lr 0.001 lr_optimizer 0.000125 Reshape False 
root        : INFO             Network_User:    Train:    epoch 9/15 batch 234/266 itera 2629 elapsed time 0.1961820125579834 best itera 532
root        : INFO             Network_User:    Train:    loss 0.19639939069747925
root        : INFO             Network_User:    Train:    acc 0.765, f1_weighted 0.7378489971160889, f1_mean 0.49124401807785034
root        : INFO             Network_User:    Train:    Allocated 0.0 GB Cached 1.1 GB
root        : INFO     

--------------------------
root        : INFO             Network_User:            Dataset lara_3s network cnn_transformer lr 0.001 lr_optimizer 0.000125 Reshape False 
root        : INFO             Network_User:    Train:    epoch 9/15 batch 247/266 itera 2642 elapsed time 0.19088530540466309 best itera 532
root        : INFO             Network_User:    Train:    loss 0.22504329681396484
root        : INFO             Network_User:    Train:    acc 0.69, f1_weighted 0.6494808793067932, f1_mean 0.4441719055175781
root        : INFO             Network_User:    Train:    Allocated 0.0 GB Cached 1.1 GB
root        : INFO     

--------------------------
root        : INFO             Network_User:            Dataset lara_3s network cnn_transformer lr 0.001 lr_optimizer 0.000125 Reshape False 
root        : INFO             Network_User:    Train:    epoch 9/15 batch 260/266 itera 2655 elapsed time 0.19090032577514648 best itera 532
root        : INFO             Network_User:    Train:    loss 0.2503871023654938
root        : INFO             Network_User:    Train:    acc 0.68, f1_weighted 0.6441640853881836, f1_mean 0.46956831216812134
root        : INFO             Network_User:    Train:    Allocated 0.0 GB Cached 1.1 GB
root        : INFO     

--------------------------
root        : INFO     

root        : INFO             Network_User:        Validating
root        : INFO                 Metrics: Constructor
root        : INFO     

root        : INFO             Network_User:        Validating:    epoch 9 batch 265 itera 2660 elapsed time 8.780526876449585, best itera 532
root        : INFO             Network_User:        Validating:    acc 0.43987789910941877, f1_weighted 0.40065884590148926, f1_mean 0.25827306509017944
root        : INFO     
        Network_User:    Train:    Training epoch 10
root        : INFO             Network_User:            Dataset lara_3s network cnn_transformer lr 0.001 lr_optimizer 6.25e-05 Reshape False 
root        : INFO             Network_User:    Train:    epoch 10/15 batch 0/266 itera 2661 elapsed time 0.3494281768798828 best itera 532
root        : INFO             Network_User:    Train:    loss 0.21941927075386047
root        : INFO             Network_User:    Train:    acc 0.735, f1_weighted 0.7028287649154663, f1_mean 0.6409115195274353
root        : INFO             Network_User:    Train:    Allocated 0.0 GB Cached 1.1 GB
root        : INFO     

--------------------------
root        : INFO             Network_User:            Dataset lara_3s network cnn_transformer lr 0.001 lr_optimizer 6.25e-05 Reshape False 
root        : INFO             Network_User:    Train:    epoch 10/15 batch 13/266 itera 2674 elapsed time 0.19089722633361816 best itera 532
root        : INFO             Network_User:    Train:    loss 0.20186887681484222
root        : INFO             Network_User:    Train:    acc 0.75, f1_weighted 0.726298451423645, f1_mean 0.46160492300987244
root        : INFO             Network_User:    Train:    Allocated 0.0 GB Cached 1.1 GB
root        : INFO     

--------------------------
root        : INFO             Network_User:            Dataset lara_3s network cnn_transformer lr 0.001 lr_optimizer 6.25e-05 Reshape False 
root        : INFO             Network_User:    Train:    epoch 10/15 batch 26/266 itera 2687 elapsed time 0.190964937210083 best itera 532
root        : INFO             Network_User:    Train:    loss 0.19710582494735718
root        : INFO             Network_User:    Train:    acc 0.74, f1_weighted 0.7166216969490051, f1_mean 0.522049069404602
root        : INFO             Network_User:    Train:    Allocated 0.0 GB Cached 1.1 GB
root        : INFO     

--------------------------
root        : INFO             Network_User:            Dataset lara_3s network cnn_transformer lr 0.001 lr_optimizer 6.25e-05 Reshape False 
root        : INFO             Network_User:    Train:    epoch 10/15 batch 39/266 itera 2700 elapsed time 0.19062066078186035 best itera 532
root        : INFO             Network_User:    Train:    loss 0.1932762712240219
root        : INFO             Network_User:    Train:    acc 0.755, f1_weighted 0.7214735150337219, f1_mean 0.5630108118057251
root        : INFO             Network_User:    Train:    Allocated 0.0 GB Cached 1.1 GB
root        : INFO     

--------------------------
root        : INFO             Network_User:            Dataset lara_3s network cnn_transformer lr 0.001 lr_optimizer 6.25e-05 Reshape False 
root        : INFO             Network_User:    Train:    epoch 10/15 batch 52/266 itera 2713 elapsed time 0.1908724308013916 best itera 532
root        : INFO             Network_User:    Train:    loss 0.17449596524238586
root        : INFO             Network_User:    Train:    acc 0.805, f1_weighted 0.7737710475921631, f1_mean 0.591249406337738
root        : INFO             Network_User:    Train:    Allocated 0.0 GB Cached 1.1 GB
root        : INFO     

--------------------------
root        : INFO             Network_User:            Dataset lara_3s network cnn_transformer lr 0.001 lr_optimizer 6.25e-05 Reshape False 
root        : INFO             Network_User:    Train:    epoch 10/15 batch 65/266 itera 2726 elapsed time 0.19090580940246582 best itera 532
root        : INFO             Network_User:    Train:    loss 0.18306931853294373
root        : INFO             Network_User:    Train:    acc 0.765, f1_weighted 0.7307034134864807, f1_mean 0.4817925989627838
root        : INFO             Network_User:    Train:    Allocated 0.0 GB Cached 1.1 GB
root        : INFO     

--------------------------
root        : INFO             Network_User:            Dataset lara_3s network cnn_transformer lr 0.001 lr_optimizer 6.25e-05 Reshape False 
root        : INFO             Network_User:    Train:    epoch 10/15 batch 78/266 itera 2739 elapsed time 0.190964937210083 best itera 532
root        : INFO             Network_User:    Train:    loss 0.19843770563602448
root        : INFO             Network_User:    Train:    acc 0.74, f1_weighted 0.699800968170166, f1_mean 0.54082190990448
root        : INFO             Network_User:    Train:    Allocated 0.0 GB Cached 1.1 GB
root        : INFO     

--------------------------
root        : INFO             Network_User:            Dataset lara_3s network cnn_transformer lr 0.001 lr_optimizer 6.25e-05 Reshape False 
root        : INFO             Network_User:    Train:    epoch 10/15 batch 91/266 itera 2752 elapsed time 0.19593429565429688 best itera 532
root        : INFO             Network_User:    Train:    loss 0.2035519778728485
root        : INFO             Network_User:    Train:    acc 0.74, f1_weighted 0.701446533203125, f1_mean 0.5559915900230408
root        : INFO             Network_User:    Train:    Allocated 0.0 GB Cached 1.1 GB
root        : INFO     

--------------------------
root        : INFO             Network_User:            Dataset lara_3s network cnn_transformer lr 0.001 lr_optimizer 6.25e-05 Reshape False 
root        : INFO             Network_User:    Train:    epoch 10/15 batch 104/266 itera 2765 elapsed time 0.19088387489318848 best itera 532
root        : INFO             Network_User:    Train:    loss 0.22118937969207764
root        : INFO             Network_User:    Train:    acc 0.725, f1_weighted 0.6870530247688293, f1_mean 0.48575475811958313
root        : INFO             Network_User:    Train:    Allocated 0.0 GB Cached 1.1 GB
root        : INFO     

--------------------------
root        : INFO             Network_User:            Dataset lara_3s network cnn_transformer lr 0.001 lr_optimizer 6.25e-05 Reshape False 
root        : INFO             Network_User:    Train:    epoch 10/15 batch 117/266 itera 2778 elapsed time 0.19077062606811523 best itera 532
root        : INFO             Network_User:    Train:    loss 0.186044842004776
root        : INFO             Network_User:    Train:    acc 0.75, f1_weighted 0.721045970916748, f1_mean 0.5987392663955688
root        : INFO             Network_User:    Train:    Allocated 0.0 GB Cached 1.1 GB
root        : INFO     

--------------------------
root        : INFO             Network_User:            Dataset lara_3s network cnn_transformer lr 0.001 lr_optimizer 6.25e-05 Reshape False 
root        : INFO             Network_User:    Train:    epoch 10/15 batch 130/266 itera 2791 elapsed time 0.19094276428222656 best itera 532
root        : INFO             Network_User:    Train:    loss 0.2078554481267929
root        : INFO             Network_User:    Train:    acc 0.73, f1_weighted 0.7055488228797913, f1_mean 0.5332933664321899
root        : INFO             Network_User:    Train:    Allocated 0.0 GB Cached 1.1 GB
root        : INFO     

--------------------------
root        : INFO             Network_User:            Dataset lara_3s network cnn_transformer lr 0.001 lr_optimizer 6.25e-05 Reshape False 
root        : INFO             Network_User:    Train:    epoch 10/15 batch 143/266 itera 2804 elapsed time 0.19069242477416992 best itera 532
root        : INFO             Network_User:    Train:    loss 0.19904442131519318
root        : INFO             Network_User:    Train:    acc 0.77, f1_weighted 0.7435845136642456, f1_mean 0.5460478067398071
root        : INFO             Network_User:    Train:    Allocated 0.0 GB Cached 1.1 GB
root        : INFO     

--------------------------
root        : INFO             Network_User:            Dataset lara_3s network cnn_transformer lr 0.001 lr_optimizer 6.25e-05 Reshape False 
root        : INFO             Network_User:    Train:    epoch 10/15 batch 156/266 itera 2817 elapsed time 0.19346046447753906 best itera 532
root        : INFO             Network_User:    Train:    loss 0.21144424378871918
root        : INFO             Network_User:    Train:    acc 0.68, f1_weighted 0.650049090385437, f1_mean 0.5593277215957642
root        : INFO             Network_User:    Train:    Allocated 0.0 GB Cached 1.1 GB
root        : INFO     

--------------------------
root        : INFO             Network_User:            Dataset lara_3s network cnn_transformer lr 0.001 lr_optimizer 6.25e-05 Reshape False 
root        : INFO             Network_User:    Train:    epoch 10/15 batch 169/266 itera 2830 elapsed time 0.19076013565063477 best itera 532
root        : INFO             Network_User:    Train:    loss 0.21591930091381073
root        : INFO             Network_User:    Train:    acc 0.72, f1_weighted 0.685523509979248, f1_mean 0.47690266370773315
root        : INFO             Network_User:    Train:    Allocated 0.0 GB Cached 1.1 GB
root        : INFO     

--------------------------
root        : INFO             Network_User:            Dataset lara_3s network cnn_transformer lr 0.001 lr_optimizer 6.25e-05 Reshape False 
root        : INFO             Network_User:    Train:    epoch 10/15 batch 182/266 itera 2843 elapsed time 0.19096922874450684 best itera 532
root        : INFO             Network_User:    Train:    loss 0.19950628280639648
root        : INFO             Network_User:    Train:    acc 0.745, f1_weighted 0.7061967253684998, f1_mean 0.4802069365978241
root        : INFO             Network_User:    Train:    Allocated 0.0 GB Cached 1.1 GB
root        : INFO     

--------------------------
root        : INFO             Network_User:            Dataset lara_3s network cnn_transformer lr 0.001 lr_optimizer 6.25e-05 Reshape False 
root        : INFO             Network_User:    Train:    epoch 10/15 batch 195/266 itera 2856 elapsed time 0.19071364402770996 best itera 532
root        : INFO             Network_User:    Train:    loss 0.2024438977241516
root        : INFO             Network_User:    Train:    acc 0.72, f1_weighted 0.6686240434646606, f1_mean 0.48138609528541565
root        : INFO             Network_User:    Train:    Allocated 0.0 GB Cached 1.1 GB
root        : INFO     

--------------------------
root        : INFO             Network_User:            Dataset lara_3s network cnn_transformer lr 0.001 lr_optimizer 6.25e-05 Reshape False 
root        : INFO             Network_User:    Train:    epoch 10/15 batch 208/266 itera 2869 elapsed time 0.19079971313476562 best itera 532
root        : INFO             Network_User:    Train:    loss 0.20589479804039001
root        : INFO             Network_User:    Train:    acc 0.725, f1_weighted 0.6910073161125183, f1_mean 0.47873276472091675
root        : INFO             Network_User:    Train:    Allocated 0.0 GB Cached 1.1 GB
root        : INFO     

--------------------------
root        : INFO             Network_User:            Dataset lara_3s network cnn_transformer lr 0.001 lr_optimizer 6.25e-05 Reshape False 
root        : INFO             Network_User:    Train:    epoch 10/15 batch 221/266 itera 2882 elapsed time 0.19099783897399902 best itera 532
root        : INFO             Network_User:    Train:    loss 0.19300724565982819
root        : INFO             Network_User:    Train:    acc 0.745, f1_weighted 0.7225499749183655, f1_mean 0.5461015105247498
root        : INFO             Network_User:    Train:    Allocated 0.0 GB Cached 1.1 GB
root        : INFO     

--------------------------
root        : INFO             Network_User:            Dataset lara_3s network cnn_transformer lr 0.001 lr_optimizer 6.25e-05 Reshape False 
root        : INFO             Network_User:    Train:    epoch 10/15 batch 234/266 itera 2895 elapsed time 0.1911640167236328 best itera 532
root        : INFO             Network_User:    Train:    loss 0.19894245266914368
root        : INFO             Network_User:    Train:    acc 0.725, f1_weighted 0.6853559613227844, f1_mean 0.5717141032218933
root        : INFO             Network_User:    Train:    Allocated 0.0 GB Cached 1.1 GB
root        : INFO     

--------------------------
root        : INFO             Network_User:            Dataset lara_3s network cnn_transformer lr 0.001 lr_optimizer 6.25e-05 Reshape False 
root        : INFO             Network_User:    Train:    epoch 10/15 batch 247/266 itera 2908 elapsed time 0.1909801959991455 best itera 532
root        : INFO             Network_User:    Train:    loss 0.18947520852088928
root        : INFO             Network_User:    Train:    acc 0.745, f1_weighted 0.7047434449195862, f1_mean 0.5615238547325134
root        : INFO             Network_User:    Train:    Allocated 0.0 GB Cached 1.1 GB
root        : INFO     

--------------------------
root        : INFO             Network_User:            Dataset lara_3s network cnn_transformer lr 0.001 lr_optimizer 6.25e-05 Reshape False 
root        : INFO             Network_User:    Train:    epoch 10/15 batch 260/266 itera 2921 elapsed time 0.19066166877746582 best itera 532
root        : INFO             Network_User:    Train:    loss 0.20682074129581451
root        : INFO             Network_User:    Train:    acc 0.71, f1_weighted 0.6682245135307312, f1_mean 0.4523561894893646
root        : INFO             Network_User:    Train:    Allocated 0.0 GB Cached 1.1 GB
root        : INFO     

--------------------------
root        : INFO     

root        : INFO             Network_User:        Validating
root        : INFO                 Metrics: Constructor
root        : INFO     

root        : INFO             Network_User:        Validating:    epoch 10 batch 265 itera 2926 elapsed time 8.613030672073364, best itera 532
root        : INFO             Network_User:        Validating:    acc 0.4396261446958492, f1_weighted 0.39677542448043823, f1_mean 0.25521960854530334
root        : INFO     
        Network_User:    Train:    Training epoch 11
root        : INFO             Network_User:            Dataset lara_3s network cnn_transformer lr 0.001 lr_optimizer 6.25e-05 Reshape False 
root        : INFO             Network_User:    Train:    epoch 11/15 batch 0/266 itera 2927 elapsed time 0.19797515869140625 best itera 532
root        : INFO             Network_User:    Train:    loss 0.20121370255947113
root        : INFO             Network_User:    Train:    acc 0.725, f1_weighted 0.6955681443214417, f1_mean 0.482304185628891
root        : INFO             Network_User:    Train:    Allocated 0.0 GB Cached 1.1 GB
root        : INFO     

--------------------------
root        : INFO             Network_User:            Dataset lara_3s network cnn_transformer lr 0.001 lr_optimizer 6.25e-05 Reshape False 
root        : INFO             Network_User:    Train:    epoch 11/15 batch 13/266 itera 2940 elapsed time 0.1906583309173584 best itera 532
root        : INFO             Network_User:    Train:    loss 0.2425471842288971
root        : INFO             Network_User:    Train:    acc 0.67, f1_weighted 0.6342924237251282, f1_mean 0.42238596081733704
root        : INFO             Network_User:    Train:    Allocated 0.0 GB Cached 1.1 GB
root        : INFO     

--------------------------
root        : INFO             Network_User:            Dataset lara_3s network cnn_transformer lr 0.001 lr_optimizer 6.25e-05 Reshape False 
root        : INFO             Network_User:    Train:    epoch 11/15 batch 26/266 itera 2953 elapsed time 0.19092273712158203 best itera 532
root        : INFO             Network_User:    Train:    loss 0.18372468650341034
root        : INFO             Network_User:    Train:    acc 0.775, f1_weighted 0.7371280193328857, f1_mean 0.46663331985473633
root        : INFO             Network_User:    Train:    Allocated 0.0 GB Cached 1.1 GB
root        : INFO     

--------------------------
root        : INFO             Network_User:            Dataset lara_3s network cnn_transformer lr 0.001 lr_optimizer 6.25e-05 Reshape False 
root        : INFO             Network_User:    Train:    epoch 11/15 batch 39/266 itera 2966 elapsed time 0.1907973289489746 best itera 532
root        : INFO             Network_User:    Train:    loss 0.21711671352386475
root        : INFO             Network_User:    Train:    acc 0.69, f1_weighted 0.6585298180580139, f1_mean 0.4884665012359619
root        : INFO             Network_User:    Train:    Allocated 0.0 GB Cached 1.1 GB
root        : INFO     

--------------------------
root        : INFO             Network_User:            Dataset lara_3s network cnn_transformer lr 0.001 lr_optimizer 6.25e-05 Reshape False 
root        : INFO             Network_User:    Train:    epoch 11/15 batch 52/266 itera 2979 elapsed time 0.19101953506469727 best itera 532
root        : INFO             Network_User:    Train:    loss 0.22120463848114014
root        : INFO             Network_User:    Train:    acc 0.7, f1_weighted 0.6562989950180054, f1_mean 0.48211953043937683
root        : INFO             Network_User:    Train:    Allocated 0.0 GB Cached 1.1 GB
root        : INFO     

--------------------------
root        : INFO             Network_User:            Dataset lara_3s network cnn_transformer lr 0.001 lr_optimizer 6.25e-05 Reshape False 
root        : INFO             Network_User:    Train:    epoch 11/15 batch 65/266 itera 2992 elapsed time 0.19071173667907715 best itera 532
root        : INFO             Network_User:    Train:    loss 0.1901589035987854
root        : INFO             Network_User:    Train:    acc 0.78, f1_weighted 0.7330623865127563, f1_mean 0.6413589715957642
root        : INFO             Network_User:    Train:    Allocated 0.0 GB Cached 1.1 GB
root        : INFO     

--------------------------
root        : INFO             Network_User:            Dataset lara_3s network cnn_transformer lr 0.001 lr_optimizer 6.25e-05 Reshape False 
root        : INFO             Network_User:    Train:    epoch 11/15 batch 78/266 itera 3005 elapsed time 0.1958625316619873 best itera 532
root        : INFO             Network_User:    Train:    loss 0.19925861060619354
root        : INFO             Network_User:    Train:    acc 0.73, f1_weighted 0.6846022009849548, f1_mean 0.47512468695640564
root        : INFO             Network_User:    Train:    Allocated 0.0 GB Cached 1.1 GB
root        : INFO     

--------------------------
root        : INFO             Network_User:            Dataset lara_3s network cnn_transformer lr 0.001 lr_optimizer 6.25e-05 Reshape False 
root        : INFO             Network_User:    Train:    epoch 11/15 batch 91/266 itera 3018 elapsed time 0.19086074829101562 best itera 532
root        : INFO             Network_User:    Train:    loss 0.17939773201942444
root        : INFO             Network_User:    Train:    acc 0.775, f1_weighted 0.7451103329658508, f1_mean 0.6300873756408691
root        : INFO             Network_User:    Train:    Allocated 0.0 GB Cached 1.1 GB
root        : INFO     

--------------------------
root        : INFO             Network_User:            Dataset lara_3s network cnn_transformer lr 0.001 lr_optimizer 6.25e-05 Reshape False 
root        : INFO             Network_User:    Train:    epoch 11/15 batch 104/266 itera 3031 elapsed time 0.19142508506774902 best itera 532
root        : INFO             Network_User:    Train:    loss 0.19020380079746246
root        : INFO             Network_User:    Train:    acc 0.765, f1_weighted 0.7305577993392944, f1_mean 0.545386552810669
root        : INFO             Network_User:    Train:    Allocated 0.0 GB Cached 1.1 GB
root        : INFO     

--------------------------
root        : INFO             Network_User:            Dataset lara_3s network cnn_transformer lr 0.001 lr_optimizer 6.25e-05 Reshape False 
root        : INFO             Network_User:    Train:    epoch 11/15 batch 117/266 itera 3044 elapsed time 0.19069337844848633 best itera 532
root        : INFO             Network_User:    Train:    loss 0.20646920800209045
root        : INFO             Network_User:    Train:    acc 0.735, f1_weighted 0.693507730960846, f1_mean 0.4518541693687439
root        : INFO             Network_User:    Train:    Allocated 0.0 GB Cached 1.1 GB
root        : INFO     

--------------------------
root        : INFO             Network_User:            Dataset lara_3s network cnn_transformer lr 0.001 lr_optimizer 6.25e-05 Reshape False 
root        : INFO             Network_User:    Train:    epoch 11/15 batch 130/266 itera 3057 elapsed time 0.19541096687316895 best itera 532
root        : INFO             Network_User:    Train:    loss 0.20089557766914368
root        : INFO             Network_User:    Train:    acc 0.74, f1_weighted 0.7007821202278137, f1_mean 0.5628072023391724
root        : INFO             Network_User:    Train:    Allocated 0.0 GB Cached 1.1 GB
root        : INFO     

--------------------------
root        : INFO             Network_User:            Dataset lara_3s network cnn_transformer lr 0.001 lr_optimizer 6.25e-05 Reshape False 
root        : INFO             Network_User:    Train:    epoch 11/15 batch 143/266 itera 3070 elapsed time 0.19351434707641602 best itera 532
root        : INFO             Network_User:    Train:    loss 0.2241092175245285
root        : INFO             Network_User:    Train:    acc 0.71, f1_weighted 0.6741392016410828, f1_mean 0.45936986804008484
root        : INFO             Network_User:    Train:    Allocated 0.0 GB Cached 1.1 GB
root        : INFO     

--------------------------
root        : INFO             Network_User:            Dataset lara_3s network cnn_transformer lr 0.001 lr_optimizer 6.25e-05 Reshape False 
root        : INFO             Network_User:    Train:    epoch 11/15 batch 156/266 itera 3083 elapsed time 0.1961214542388916 best itera 532
root        : INFO             Network_User:    Train:    loss 0.1856127381324768
root        : INFO             Network_User:    Train:    acc 0.755, f1_weighted 0.7152053713798523, f1_mean 0.578487753868103
root        : INFO             Network_User:    Train:    Allocated 0.0 GB Cached 1.1 GB
root        : INFO     

--------------------------
root        : INFO             Network_User:            Dataset lara_3s network cnn_transformer lr 0.001 lr_optimizer 6.25e-05 Reshape False 
root        : INFO             Network_User:    Train:    epoch 11/15 batch 169/266 itera 3096 elapsed time 0.19079113006591797 best itera 532
root        : INFO             Network_User:    Train:    loss 0.21857395768165588
root        : INFO             Network_User:    Train:    acc 0.715, f1_weighted 0.6672157645225525, f1_mean 0.42294842004776
root        : INFO             Network_User:    Train:    Allocated 0.0 GB Cached 1.1 GB
root        : INFO     

--------------------------
root        : INFO             Network_User:            Dataset lara_3s network cnn_transformer lr 0.001 lr_optimizer 6.25e-05 Reshape False 
root        : INFO             Network_User:    Train:    epoch 11/15 batch 182/266 itera 3109 elapsed time 0.19103312492370605 best itera 532
root        : INFO             Network_User:    Train:    loss 0.23798972368240356
root        : INFO             Network_User:    Train:    acc 0.685, f1_weighted 0.642452597618103, f1_mean 0.49231189489364624
root        : INFO             Network_User:    Train:    Allocated 0.0 GB Cached 1.1 GB
root        : INFO     

--------------------------
root        : INFO             Network_User:            Dataset lara_3s network cnn_transformer lr 0.001 lr_optimizer 6.25e-05 Reshape False 
root        : INFO             Network_User:    Train:    epoch 11/15 batch 195/266 itera 3122 elapsed time 0.19110870361328125 best itera 532
root        : INFO             Network_User:    Train:    loss 0.2085261195898056
root        : INFO             Network_User:    Train:    acc 0.72, f1_weighted 0.6797293424606323, f1_mean 0.5477057695388794
root        : INFO             Network_User:    Train:    Allocated 0.0 GB Cached 1.1 GB
root        : INFO     

--------------------------
root        : INFO             Network_User:            Dataset lara_3s network cnn_transformer lr 0.001 lr_optimizer 6.25e-05 Reshape False 
root        : INFO             Network_User:    Train:    epoch 11/15 batch 208/266 itera 3135 elapsed time 0.19092726707458496 best itera 532
root        : INFO             Network_User:    Train:    loss 0.19514769315719604
root        : INFO             Network_User:    Train:    acc 0.73, f1_weighted 0.6915587782859802, f1_mean 0.4851563274860382
root        : INFO             Network_User:    Train:    Allocated 0.0 GB Cached 1.1 GB
root        : INFO     

--------------------------
root        : INFO             Network_User:            Dataset lara_3s network cnn_transformer lr 0.001 lr_optimizer 6.25e-05 Reshape False 
root        : INFO             Network_User:    Train:    epoch 11/15 batch 221/266 itera 3148 elapsed time 0.19760513305664062 best itera 532
root        : INFO             Network_User:    Train:    loss 0.20560480654239655
root        : INFO             Network_User:    Train:    acc 0.71, f1_weighted 0.6519359946250916, f1_mean 0.4400404095649719
root        : INFO             Network_User:    Train:    Allocated 0.0 GB Cached 1.1 GB
root        : INFO     

--------------------------
root        : INFO             Network_User:            Dataset lara_3s network cnn_transformer lr 0.001 lr_optimizer 6.25e-05 Reshape False 
root        : INFO             Network_User:    Train:    epoch 11/15 batch 234/266 itera 3161 elapsed time 0.190871000289917 best itera 532
root        : INFO             Network_User:    Train:    loss 0.22464747726917267
root        : INFO             Network_User:    Train:    acc 0.73, f1_weighted 0.6935648322105408, f1_mean 0.4811491370201111
root        : INFO             Network_User:    Train:    Allocated 0.0 GB Cached 1.1 GB
root        : INFO     

--------------------------
root        : INFO             Network_User:            Dataset lara_3s network cnn_transformer lr 0.001 lr_optimizer 6.25e-05 Reshape False 
root        : INFO             Network_User:    Train:    epoch 11/15 batch 247/266 itera 3174 elapsed time 0.19085359573364258 best itera 532
root        : INFO             Network_User:    Train:    loss 0.1985655426979065
root        : INFO             Network_User:    Train:    acc 0.77, f1_weighted 0.750179648399353, f1_mean 0.515667200088501
root        : INFO             Network_User:    Train:    Allocated 0.0 GB Cached 1.1 GB
root        : INFO     

--------------------------
root        : INFO             Network_User:            Dataset lara_3s network cnn_transformer lr 0.001 lr_optimizer 6.25e-05 Reshape False 
root        : INFO             Network_User:    Train:    epoch 11/15 batch 260/266 itera 3187 elapsed time 0.19066834449768066 best itera 532
root        : INFO             Network_User:    Train:    loss 0.19665370881557465
root        : INFO             Network_User:    Train:    acc 0.775, f1_weighted 0.7412319183349609, f1_mean 0.4704625904560089
root        : INFO             Network_User:    Train:    Allocated 0.0 GB Cached 1.1 GB
root        : INFO     

--------------------------
root        : INFO     

root        : INFO             Network_User:        Validating
root        : INFO                 Metrics: Constructor
root        : INFO     

root        : INFO             Network_User:        Validating:    epoch 11 batch 265 itera 3192 elapsed time 8.69899868965149, best itera 532
root        : INFO             Network_User:        Validating:    acc 0.43761210938729267, f1_weighted 0.39539051055908203, f1_mean 0.25582727789878845
root        : INFO     
        Network_User:    Train:    Training epoch 12
root        : INFO             Network_User:            Dataset lara_3s network cnn_transformer lr 0.001 lr_optimizer 6.25e-05 Reshape False 
root        : INFO             Network_User:    Train:    epoch 12/15 batch 0/266 itera 3193 elapsed time 0.20001840591430664 best itera 532
root        : INFO             Network_User:    Train:    loss 0.18338775634765625
root        : INFO             Network_User:    Train:    acc 0.78, f1_weighted 0.731025755405426, f1_mean 0.5309359431266785
root        : INFO             Network_User:    Train:    Allocated 0.0 GB Cached 1.1 GB
root        : INFO     

--------------------------
root        : INFO             Network_User:            Dataset lara_3s network cnn_transformer lr 0.001 lr_optimizer 6.25e-05 Reshape False 
root        : INFO             Network_User:    Train:    epoch 12/15 batch 13/266 itera 3206 elapsed time 0.19092130661010742 best itera 532
root        : INFO             Network_User:    Train:    loss 0.1924773007631302
root        : INFO             Network_User:    Train:    acc 0.745, f1_weighted 0.7124736905097961, f1_mean 0.4636731743812561
root        : INFO             Network_User:    Train:    Allocated 0.0 GB Cached 1.1 GB
root        : INFO     

--------------------------
root        : INFO             Network_User:            Dataset lara_3s network cnn_transformer lr 0.001 lr_optimizer 6.25e-05 Reshape False 
root        : INFO             Network_User:    Train:    epoch 12/15 batch 26/266 itera 3219 elapsed time 0.19094562530517578 best itera 532
root        : INFO             Network_User:    Train:    loss 0.18913854658603668
root        : INFO             Network_User:    Train:    acc 0.74, f1_weighted 0.7045416831970215, f1_mean 0.43167349696159363
root        : INFO             Network_User:    Train:    Allocated 0.0 GB Cached 1.1 GB
root        : INFO     

--------------------------
root        : INFO             Network_User:            Dataset lara_3s network cnn_transformer lr 0.001 lr_optimizer 6.25e-05 Reshape False 
root        : INFO             Network_User:    Train:    epoch 12/15 batch 39/266 itera 3232 elapsed time 0.19071292877197266 best itera 532
root        : INFO             Network_User:    Train:    loss 0.21789687871932983
root        : INFO             Network_User:    Train:    acc 0.735, f1_weighted 0.7065277695655823, f1_mean 0.45745399594306946
root        : INFO             Network_User:    Train:    Allocated 0.0 GB Cached 1.1 GB
root        : INFO     

--------------------------
root        : INFO             Network_User:            Dataset lara_3s network cnn_transformer lr 0.001 lr_optimizer 6.25e-05 Reshape False 
root        : INFO             Network_User:    Train:    epoch 12/15 batch 52/266 itera 3245 elapsed time 0.1908726692199707 best itera 532
root        : INFO             Network_User:    Train:    loss 0.19409538805484772
root        : INFO             Network_User:    Train:    acc 0.75, f1_weighted 0.7250752449035645, f1_mean 0.48804596066474915
root        : INFO             Network_User:    Train:    Allocated 0.0 GB Cached 1.1 GB
root        : INFO     

--------------------------
root        : INFO             Network_User:            Dataset lara_3s network cnn_transformer lr 0.001 lr_optimizer 6.25e-05 Reshape False 
root        : INFO             Network_User:    Train:    epoch 12/15 batch 65/266 itera 3258 elapsed time 0.19088435173034668 best itera 532
root        : INFO             Network_User:    Train:    loss 0.1903306245803833
root        : INFO             Network_User:    Train:    acc 0.76, f1_weighted 0.7263460755348206, f1_mean 0.5218714475631714
root        : INFO             Network_User:    Train:    Allocated 0.0 GB Cached 1.1 GB
root        : INFO     

--------------------------
root        : INFO             Network_User:            Dataset lara_3s network cnn_transformer lr 0.001 lr_optimizer 6.25e-05 Reshape False 
root        : INFO             Network_User:    Train:    epoch 12/15 batch 78/266 itera 3271 elapsed time 0.19105124473571777 best itera 532
root        : INFO             Network_User:    Train:    loss 0.21434654295444489
root        : INFO             Network_User:    Train:    acc 0.73, f1_weighted 0.6887882351875305, f1_mean 0.43274158239364624
root        : INFO             Network_User:    Train:    Allocated 0.0 GB Cached 1.1 GB
root        : INFO     

--------------------------
root        : INFO             Network_User:            Dataset lara_3s network cnn_transformer lr 0.001 lr_optimizer 6.25e-05 Reshape False 
root        : INFO             Network_User:    Train:    epoch 12/15 batch 91/266 itera 3284 elapsed time 0.19081544876098633 best itera 532
root        : INFO             Network_User:    Train:    loss 0.18848636746406555
root        : INFO             Network_User:    Train:    acc 0.745, f1_weighted 0.7231979370117188, f1_mean 0.5473390817642212
root        : INFO             Network_User:    Train:    Allocated 0.0 GB Cached 1.1 GB
root        : INFO     

--------------------------
root        : INFO             Network_User:            Dataset lara_3s network cnn_transformer lr 0.001 lr_optimizer 6.25e-05 Reshape False 
root        : INFO             Network_User:    Train:    epoch 12/15 batch 104/266 itera 3297 elapsed time 0.1909160614013672 best itera 532
root        : INFO             Network_User:    Train:    loss 0.18931956589221954
root        : INFO             Network_User:    Train:    acc 0.75, f1_weighted 0.7123289704322815, f1_mean 0.4733249247074127
root        : INFO             Network_User:    Train:    Allocated 0.0 GB Cached 1.1 GB
root        : INFO     

--------------------------
root        : INFO             Network_User:            Dataset lara_3s network cnn_transformer lr 0.001 lr_optimizer 6.25e-05 Reshape False 
root        : INFO             Network_User:    Train:    epoch 12/15 batch 117/266 itera 3310 elapsed time 0.19102001190185547 best itera 532
root        : INFO             Network_User:    Train:    loss 0.2081861048936844
root        : INFO             Network_User:    Train:    acc 0.745, f1_weighted 0.7098517417907715, f1_mean 0.48589617013931274
root        : INFO             Network_User:    Train:    Allocated 0.0 GB Cached 1.1 GB
root        : INFO     

--------------------------
root        : INFO             Network_User:            Dataset lara_3s network cnn_transformer lr 0.001 lr_optimizer 6.25e-05 Reshape False 
root        : INFO             Network_User:    Train:    epoch 12/15 batch 130/266 itera 3323 elapsed time 0.19091033935546875 best itera 532
root        : INFO             Network_User:    Train:    loss 0.19731004536151886
root        : INFO             Network_User:    Train:    acc 0.735, f1_weighted 0.697452962398529, f1_mean 0.48986008763313293
root        : INFO             Network_User:    Train:    Allocated 0.0 GB Cached 1.1 GB
root        : INFO     

--------------------------
root        : INFO             Network_User:            Dataset lara_3s network cnn_transformer lr 0.001 lr_optimizer 6.25e-05 Reshape False 
root        : INFO             Network_User:    Train:    epoch 12/15 batch 143/266 itera 3336 elapsed time 0.19067716598510742 best itera 532
root        : INFO             Network_User:    Train:    loss 0.20222029089927673
root        : INFO             Network_User:    Train:    acc 0.735, f1_weighted 0.7079206109046936, f1_mean 0.4599645733833313
root        : INFO             Network_User:    Train:    Allocated 0.0 GB Cached 1.1 GB
root        : INFO     

--------------------------
root        : INFO             Network_User:            Dataset lara_3s network cnn_transformer lr 0.001 lr_optimizer 6.25e-05 Reshape False 
root        : INFO             Network_User:    Train:    epoch 12/15 batch 156/266 itera 3349 elapsed time 0.19095253944396973 best itera 532
root        : INFO             Network_User:    Train:    loss 0.18255247175693512
root        : INFO             Network_User:    Train:    acc 0.755, f1_weighted 0.7341309785842896, f1_mean 0.5529839396476746
root        : INFO             Network_User:    Train:    Allocated 0.0 GB Cached 1.1 GB
root        : INFO     

--------------------------
root        : INFO             Network_User:            Dataset lara_3s network cnn_transformer lr 0.001 lr_optimizer 6.25e-05 Reshape False 
root        : INFO             Network_User:    Train:    epoch 12/15 batch 169/266 itera 3362 elapsed time 0.19102692604064941 best itera 532
root        : INFO             Network_User:    Train:    loss 0.21555142104625702
root        : INFO             Network_User:    Train:    acc 0.705, f1_weighted 0.6670167446136475, f1_mean 0.3740963041782379
root        : INFO             Network_User:    Train:    Allocated 0.0 GB Cached 1.1 GB
root        : INFO     

--------------------------
root        : INFO             Network_User:            Dataset lara_3s network cnn_transformer lr 0.001 lr_optimizer 6.25e-05 Reshape False 
root        : INFO             Network_User:    Train:    epoch 12/15 batch 182/266 itera 3375 elapsed time 0.19100713729858398 best itera 532
root        : INFO             Network_User:    Train:    loss 0.18849067389965057
root        : INFO             Network_User:    Train:    acc 0.745, f1_weighted 0.7065668106079102, f1_mean 0.5012899041175842
root        : INFO             Network_User:    Train:    Allocated 0.0 GB Cached 1.1 GB
root        : INFO     

--------------------------
root        : INFO             Network_User:            Dataset lara_3s network cnn_transformer lr 0.001 lr_optimizer 6.25e-05 Reshape False 
root        : INFO             Network_User:    Train:    epoch 12/15 batch 195/266 itera 3388 elapsed time 0.19482636451721191 best itera 532
root        : INFO             Network_User:    Train:    loss 0.2085103988647461
root        : INFO             Network_User:    Train:    acc 0.725, f1_weighted 0.6946969628334045, f1_mean 0.5123099684715271
root        : INFO             Network_User:    Train:    Allocated 0.0 GB Cached 1.1 GB
root        : INFO     

--------------------------
root        : INFO             Network_User:            Dataset lara_3s network cnn_transformer lr 0.001 lr_optimizer 6.25e-05 Reshape False 
root        : INFO             Network_User:    Train:    epoch 12/15 batch 208/266 itera 3401 elapsed time 0.19285058975219727 best itera 532
root        : INFO             Network_User:    Train:    loss 0.20010466873645782
root        : INFO             Network_User:    Train:    acc 0.71, f1_weighted 0.6735317707061768, f1_mean 0.40448904037475586
root        : INFO             Network_User:    Train:    Allocated 0.0 GB Cached 1.1 GB
root        : INFO     

--------------------------
root        : INFO             Network_User:            Dataset lara_3s network cnn_transformer lr 0.001 lr_optimizer 6.25e-05 Reshape False 
root        : INFO             Network_User:    Train:    epoch 12/15 batch 221/266 itera 3414 elapsed time 0.19109177589416504 best itera 532
root        : INFO             Network_User:    Train:    loss 0.22088487446308136
root        : INFO             Network_User:    Train:    acc 0.725, f1_weighted 0.6824817061424255, f1_mean 0.5528571009635925
root        : INFO             Network_User:    Train:    Allocated 0.0 GB Cached 1.1 GB
root        : INFO     

--------------------------
root        : INFO             Network_User:            Dataset lara_3s network cnn_transformer lr 0.001 lr_optimizer 6.25e-05 Reshape False 
root        : INFO             Network_User:    Train:    epoch 12/15 batch 234/266 itera 3427 elapsed time 0.1911180019378662 best itera 532
root        : INFO             Network_User:    Train:    loss 0.20393188297748566
root        : INFO             Network_User:    Train:    acc 0.74, f1_weighted 0.689870297908783, f1_mean 0.5472394227981567
root        : INFO             Network_User:    Train:    Allocated 0.0 GB Cached 1.1 GB
root        : INFO     

--------------------------
root        : INFO             Network_User:            Dataset lara_3s network cnn_transformer lr 0.001 lr_optimizer 6.25e-05 Reshape False 
root        : INFO             Network_User:    Train:    epoch 12/15 batch 247/266 itera 3440 elapsed time 0.19063401222229004 best itera 532
root        : INFO             Network_User:    Train:    loss 0.2208080291748047
root        : INFO             Network_User:    Train:    acc 0.68, f1_weighted 0.6316348314285278, f1_mean 0.5406816005706787
root        : INFO             Network_User:    Train:    Allocated 0.0 GB Cached 1.1 GB
root        : INFO     

--------------------------
root        : INFO             Network_User:            Dataset lara_3s network cnn_transformer lr 0.001 lr_optimizer 6.25e-05 Reshape False 
root        : INFO             Network_User:    Train:    epoch 12/15 batch 260/266 itera 3453 elapsed time 0.1906430721282959 best itera 532
root        : INFO             Network_User:    Train:    loss 0.20846420526504517
root        : INFO             Network_User:    Train:    acc 0.725, f1_weighted 0.689568817615509, f1_mean 0.49633049964904785
root        : INFO             Network_User:    Train:    Allocated 0.0 GB Cached 1.1 GB
root        : INFO     

--------------------------
root        : INFO     

root        : INFO             Network_User:        Validating
root        : INFO                 Metrics: Constructor
root        : INFO     

root        : INFO             Network_User:        Validating:    epoch 12 batch 265 itera 3458 elapsed time 8.673641681671143, best itera 532
root        : INFO             Network_User:        Validating:    acc 0.43059445510904115, f1_weighted 0.390560507774353, f1_mean 0.2500196099281311
root        : INFO     
        Network_User:    Train:    Training epoch 13
root        : INFO             Network_User:            Dataset lara_3s network cnn_transformer lr 0.001 lr_optimizer 3.125e-05 Reshape False 
root        : INFO             Network_User:    Train:    epoch 13/15 batch 0/266 itera 3459 elapsed time 0.1991417407989502 best itera 532
root        : INFO             Network_User:    Train:    loss 0.2065618336200714
root        : INFO             Network_User:    Train:    acc 0.73, f1_weighted 0.6923580169677734, f1_mean 0.5855204463005066
root        : INFO             Network_User:    Train:    Allocated 0.0 GB Cached 1.1 GB
root        : INFO     

--------------------------
root        : INFO             Network_User:            Dataset lara_3s network cnn_transformer lr 0.001 lr_optimizer 3.125e-05 Reshape False 
root        : INFO             Network_User:    Train:    epoch 13/15 batch 13/266 itera 3472 elapsed time 0.19524312019348145 best itera 532
root        : INFO             Network_User:    Train:    loss 0.21123448014259338
root        : INFO             Network_User:    Train:    acc 0.71, f1_weighted 0.6782353520393372, f1_mean 0.5470580458641052
root        : INFO             Network_User:    Train:    Allocated 0.0 GB Cached 1.1 GB
root        : INFO     

--------------------------
root        : INFO             Network_User:            Dataset lara_3s network cnn_transformer lr 0.001 lr_optimizer 3.125e-05 Reshape False 
root        : INFO             Network_User:    Train:    epoch 13/15 batch 26/266 itera 3485 elapsed time 0.19530797004699707 best itera 532
root        : INFO             Network_User:    Train:    loss 0.2649073302745819
root        : INFO             Network_User:    Train:    acc 0.625, f1_weighted 0.5700291395187378, f1_mean 0.41949960589408875
root        : INFO             Network_User:    Train:    Allocated 0.0 GB Cached 1.1 GB
root        : INFO     

--------------------------
root        : INFO             Network_User:            Dataset lara_3s network cnn_transformer lr 0.001 lr_optimizer 3.125e-05 Reshape False 
root        : INFO             Network_User:    Train:    epoch 13/15 batch 39/266 itera 3498 elapsed time 0.19545269012451172 best itera 532
root        : INFO             Network_User:    Train:    loss 0.19341571629047394
root        : INFO             Network_User:    Train:    acc 0.73, f1_weighted 0.6888985633850098, f1_mean 0.473797470331192
root        : INFO             Network_User:    Train:    Allocated 0.0 GB Cached 1.1 GB
root        : INFO     

--------------------------
root        : INFO             Network_User:            Dataset lara_3s network cnn_transformer lr 0.001 lr_optimizer 3.125e-05 Reshape False 
root        : INFO             Network_User:    Train:    epoch 13/15 batch 52/266 itera 3511 elapsed time 0.19550180435180664 best itera 532
root        : INFO             Network_User:    Train:    loss 0.22137564420700073
root        : INFO             Network_User:    Train:    acc 0.7, f1_weighted 0.6633936762809753, f1_mean 0.4383062720298767
root        : INFO             Network_User:    Train:    Allocated 0.0 GB Cached 1.1 GB
root        : INFO     

--------------------------
root        : INFO             Network_User:            Dataset lara_3s network cnn_transformer lr 0.001 lr_optimizer 3.125e-05 Reshape False 
root        : INFO             Network_User:    Train:    epoch 13/15 batch 65/266 itera 3524 elapsed time 0.1950821876525879 best itera 532
root        : INFO             Network_User:    Train:    loss 0.2142385095357895
root        : INFO             Network_User:    Train:    acc 0.735, f1_weighted 0.6989177465438843, f1_mean 0.5587538480758667
root        : INFO             Network_User:    Train:    Allocated 0.0 GB Cached 1.1 GB
root        : INFO     

--------------------------
root        : INFO             Network_User:            Dataset lara_3s network cnn_transformer lr 0.001 lr_optimizer 3.125e-05 Reshape False 
root        : INFO             Network_User:    Train:    epoch 13/15 batch 78/266 itera 3537 elapsed time 0.19536471366882324 best itera 532
root        : INFO             Network_User:    Train:    loss 0.18266934156417847
root        : INFO             Network_User:    Train:    acc 0.755, f1_weighted 0.7201047539710999, f1_mean 0.45474955439567566
root        : INFO             Network_User:    Train:    Allocated 0.0 GB Cached 1.1 GB
root        : INFO     

--------------------------
root        : INFO             Network_User:            Dataset lara_3s network cnn_transformer lr 0.001 lr_optimizer 3.125e-05 Reshape False 
root        : INFO             Network_User:    Train:    epoch 13/15 batch 91/266 itera 3550 elapsed time 0.19528627395629883 best itera 532
root        : INFO             Network_User:    Train:    loss 0.19235439598560333
root        : INFO             Network_User:    Train:    acc 0.74, f1_weighted 0.7081124186515808, f1_mean 0.5206652283668518
root        : INFO             Network_User:    Train:    Allocated 0.0 GB Cached 1.1 GB
root        : INFO     

--------------------------
root        : INFO             Network_User:            Dataset lara_3s network cnn_transformer lr 0.001 lr_optimizer 3.125e-05 Reshape False 
root        : INFO             Network_User:    Train:    epoch 13/15 batch 104/266 itera 3563 elapsed time 0.1909160614013672 best itera 532
root        : INFO             Network_User:    Train:    loss 0.20459383726119995
root        : INFO             Network_User:    Train:    acc 0.71, f1_weighted 0.6776432394981384, f1_mean 0.38303402066230774
root        : INFO             Network_User:    Train:    Allocated 0.0 GB Cached 1.1 GB
root        : INFO     

--------------------------
root        : INFO             Network_User:            Dataset lara_3s network cnn_transformer lr 0.001 lr_optimizer 3.125e-05 Reshape False 
root        : INFO             Network_User:    Train:    epoch 13/15 batch 117/266 itera 3576 elapsed time 0.19068598747253418 best itera 532
root        : INFO             Network_User:    Train:    loss 0.2010103166103363
root        : INFO             Network_User:    Train:    acc 0.73, f1_weighted 0.6962085962295532, f1_mean 0.5194891691207886
root        : INFO             Network_User:    Train:    Allocated 0.0 GB Cached 1.1 GB
root        : INFO     

--------------------------
root        : INFO             Network_User:            Dataset lara_3s network cnn_transformer lr 0.001 lr_optimizer 3.125e-05 Reshape False 
root        : INFO             Network_User:    Train:    epoch 13/15 batch 130/266 itera 3589 elapsed time 0.19096803665161133 best itera 532
root        : INFO             Network_User:    Train:    loss 0.21743227541446686
root        : INFO             Network_User:    Train:    acc 0.735, f1_weighted 0.6980775594711304, f1_mean 0.5358519554138184
root        : INFO             Network_User:    Train:    Allocated 0.0 GB Cached 1.1 GB
root        : INFO     

--------------------------
root        : INFO             Network_User:            Dataset lara_3s network cnn_transformer lr 0.001 lr_optimizer 3.125e-05 Reshape False 
root        : INFO             Network_User:    Train:    epoch 13/15 batch 143/266 itera 3602 elapsed time 0.1908731460571289 best itera 532
root        : INFO             Network_User:    Train:    loss 0.19689613580703735
root        : INFO             Network_User:    Train:    acc 0.75, f1_weighted 0.7134201526641846, f1_mean 0.5794844031333923
root        : INFO             Network_User:    Train:    Allocated 0.0 GB Cached 1.1 GB
root        : INFO     

--------------------------
root        : INFO             Network_User:            Dataset lara_3s network cnn_transformer lr 0.001 lr_optimizer 3.125e-05 Reshape False 
root        : INFO             Network_User:    Train:    epoch 13/15 batch 156/266 itera 3615 elapsed time 0.19095444679260254 best itera 532
root        : INFO             Network_User:    Train:    loss 0.18412050604820251
root        : INFO             Network_User:    Train:    acc 0.76, f1_weighted 0.723470151424408, f1_mean 0.533561110496521
root        : INFO             Network_User:    Train:    Allocated 0.0 GB Cached 1.1 GB
root        : INFO     

--------------------------
root        : INFO             Network_User:            Dataset lara_3s network cnn_transformer lr 0.001 lr_optimizer 3.125e-05 Reshape False 
root        : INFO             Network_User:    Train:    epoch 13/15 batch 169/266 itera 3628 elapsed time 0.1907334327697754 best itera 532
root        : INFO             Network_User:    Train:    loss 0.17790073156356812
root        : INFO             Network_User:    Train:    acc 0.765, f1_weighted 0.7370671033859253, f1_mean 0.564119279384613
root        : INFO             Network_User:    Train:    Allocated 0.0 GB Cached 1.1 GB
root        : INFO     

--------------------------
root        : INFO             Network_User:            Dataset lara_3s network cnn_transformer lr 0.001 lr_optimizer 3.125e-05 Reshape False 
root        : INFO             Network_User:    Train:    epoch 13/15 batch 182/266 itera 3641 elapsed time 0.19084930419921875 best itera 532
root        : INFO             Network_User:    Train:    loss 0.1948813945055008
root        : INFO             Network_User:    Train:    acc 0.745, f1_weighted 0.7147127985954285, f1_mean 0.5912104845046997
root        : INFO             Network_User:    Train:    Allocated 0.0 GB Cached 1.1 GB
root        : INFO     

--------------------------
root        : INFO             Network_User:            Dataset lara_3s network cnn_transformer lr 0.001 lr_optimizer 3.125e-05 Reshape False 
root        : INFO             Network_User:    Train:    epoch 13/15 batch 195/266 itera 3654 elapsed time 0.19084811210632324 best itera 532
root        : INFO             Network_User:    Train:    loss 0.16080468893051147
root        : INFO             Network_User:    Train:    acc 0.78, f1_weighted 0.7437370419502258, f1_mean 0.4903920590877533
root        : INFO             Network_User:    Train:    Allocated 0.0 GB Cached 1.1 GB
root        : INFO     

--------------------------
root        : INFO             Network_User:            Dataset lara_3s network cnn_transformer lr 0.001 lr_optimizer 3.125e-05 Reshape False 
root        : INFO             Network_User:    Train:    epoch 13/15 batch 208/266 itera 3667 elapsed time 0.19089412689208984 best itera 532
root        : INFO             Network_User:    Train:    loss 0.19745197892189026
root        : INFO             Network_User:    Train:    acc 0.76, f1_weighted 0.7200310230255127, f1_mean 0.49987179040908813
root        : INFO             Network_User:    Train:    Allocated 0.0 GB Cached 1.1 GB
root        : INFO     

--------------------------
root        : INFO             Network_User:            Dataset lara_3s network cnn_transformer lr 0.001 lr_optimizer 3.125e-05 Reshape False 
root        : INFO             Network_User:    Train:    epoch 13/15 batch 221/266 itera 3680 elapsed time 0.19066619873046875 best itera 532
root        : INFO             Network_User:    Train:    loss 0.19109489023685455
root        : INFO             Network_User:    Train:    acc 0.75, f1_weighted 0.7158386707305908, f1_mean 0.5212252140045166
root        : INFO             Network_User:    Train:    Allocated 0.0 GB Cached 1.1 GB
root        : INFO     

--------------------------
root        : INFO             Network_User:            Dataset lara_3s network cnn_transformer lr 0.001 lr_optimizer 3.125e-05 Reshape False 
root        : INFO             Network_User:    Train:    epoch 13/15 batch 234/266 itera 3693 elapsed time 0.19462299346923828 best itera 532
root        : INFO             Network_User:    Train:    loss 0.2038583755493164
root        : INFO             Network_User:    Train:    acc 0.72, f1_weighted 0.6778387427330017, f1_mean 0.4716799855232239
root        : INFO             Network_User:    Train:    Allocated 0.0 GB Cached 1.1 GB
root        : INFO     

--------------------------
root        : INFO             Network_User:            Dataset lara_3s network cnn_transformer lr 0.001 lr_optimizer 3.125e-05 Reshape False 
root        : INFO             Network_User:    Train:    epoch 13/15 batch 247/266 itera 3706 elapsed time 0.1908557415008545 best itera 532
root        : INFO             Network_User:    Train:    loss 0.20431604981422424
root        : INFO             Network_User:    Train:    acc 0.72, f1_weighted 0.6816990375518799, f1_mean 0.5483055710792542
root        : INFO             Network_User:    Train:    Allocated 0.0 GB Cached 1.1 GB
root        : INFO     

--------------------------
root        : INFO             Network_User:            Dataset lara_3s network cnn_transformer lr 0.001 lr_optimizer 3.125e-05 Reshape False 
root        : INFO             Network_User:    Train:    epoch 13/15 batch 260/266 itera 3719 elapsed time 0.19064569473266602 best itera 532
root        : INFO             Network_User:    Train:    loss 0.20458213984966278
root        : INFO             Network_User:    Train:    acc 0.73, f1_weighted 0.6940526366233826, f1_mean 0.49848127365112305
root        : INFO             Network_User:    Train:    Allocated 0.0 GB Cached 1.1 GB
root        : INFO     

--------------------------
root        : INFO     

root        : INFO             Network_User:        Validating
root        : INFO                 Metrics: Constructor
root        : INFO     

root        : INFO             Network_User:        Validating:    epoch 13 batch 265 itera 3724 elapsed time 8.80629563331604, best itera 532
root        : INFO             Network_User:        Validating:    acc 0.42751046354281397, f1_weighted 0.38864660263061523, f1_mean 0.2527637183666229
root        : INFO     
        Network_User:    Train:    Training epoch 14
root        : INFO             Network_User:            Dataset lara_3s network cnn_transformer lr 0.001 lr_optimizer 3.125e-05 Reshape False 
root        : INFO             Network_User:    Train:    epoch 14/15 batch 0/266 itera 3725 elapsed time 0.1996922492980957 best itera 532
root        : INFO             Network_User:    Train:    loss 0.18739007413387299
root        : INFO             Network_User:    Train:    acc 0.77, f1_weighted 0.7297412157058716, f1_mean 0.5071753859519958
root        : INFO             Network_User:    Train:    Allocated 0.0 GB Cached 1.1 GB
root        : INFO     

--------------------------
root        : INFO             Network_User:            Dataset lara_3s network cnn_transformer lr 0.001 lr_optimizer 3.125e-05 Reshape False 
root        : INFO             Network_User:    Train:    epoch 14/15 batch 13/266 itera 3738 elapsed time 0.1953873634338379 best itera 532
root        : INFO             Network_User:    Train:    loss 0.21043267846107483
root        : INFO             Network_User:    Train:    acc 0.735, f1_weighted 0.6856096982955933, f1_mean 0.4833386540412903
root        : INFO             Network_User:    Train:    Allocated 0.0 GB Cached 1.1 GB
root        : INFO     

--------------------------
root        : INFO             Network_User:            Dataset lara_3s network cnn_transformer lr 0.001 lr_optimizer 3.125e-05 Reshape False 
root        : INFO             Network_User:    Train:    epoch 14/15 batch 26/266 itera 3751 elapsed time 0.1954045295715332 best itera 532
root        : INFO             Network_User:    Train:    loss 0.240799218416214
root        : INFO             Network_User:    Train:    acc 0.66, f1_weighted 0.6032463312149048, f1_mean 0.45299163460731506
root        : INFO             Network_User:    Train:    Allocated 0.0 GB Cached 1.1 GB
root        : INFO     

--------------------------
root        : INFO             Network_User:            Dataset lara_3s network cnn_transformer lr 0.001 lr_optimizer 3.125e-05 Reshape False 
root        : INFO             Network_User:    Train:    epoch 14/15 batch 39/266 itera 3764 elapsed time 0.19512271881103516 best itera 532
root        : INFO             Network_User:    Train:    loss 0.1748056262731552
root        : INFO             Network_User:    Train:    acc 0.76, f1_weighted 0.7281248569488525, f1_mean 0.4896182119846344
root        : INFO             Network_User:    Train:    Allocated 0.0 GB Cached 1.1 GB
root        : INFO     

--------------------------
root        : INFO             Network_User:            Dataset lara_3s network cnn_transformer lr 0.001 lr_optimizer 3.125e-05 Reshape False 
root        : INFO             Network_User:    Train:    epoch 14/15 batch 52/266 itera 3777 elapsed time 0.19533991813659668 best itera 532
root        : INFO             Network_User:    Train:    loss 0.20502592623233795
root        : INFO             Network_User:    Train:    acc 0.725, f1_weighted 0.6743590831756592, f1_mean 0.465386301279068
root        : INFO             Network_User:    Train:    Allocated 0.0 GB Cached 1.1 GB
root        : INFO     

--------------------------
root        : INFO             Network_User:            Dataset lara_3s network cnn_transformer lr 0.001 lr_optimizer 3.125e-05 Reshape False 
root        : INFO             Network_User:    Train:    epoch 14/15 batch 65/266 itera 3790 elapsed time 0.19540095329284668 best itera 532
root        : INFO             Network_User:    Train:    loss 0.23370908200740814
root        : INFO             Network_User:    Train:    acc 0.705, f1_weighted 0.652314305305481, f1_mean 0.45786282420158386
root        : INFO             Network_User:    Train:    Allocated 0.0 GB Cached 1.1 GB
root        : INFO     

--------------------------
root        : INFO             Network_User:            Dataset lara_3s network cnn_transformer lr 0.001 lr_optimizer 3.125e-05 Reshape False 
root        : INFO             Network_User:    Train:    epoch 14/15 batch 78/266 itera 3803 elapsed time 0.19544291496276855 best itera 532
root        : INFO             Network_User:    Train:    loss 0.2420310378074646
root        : INFO             Network_User:    Train:    acc 0.67, f1_weighted 0.6319465637207031, f1_mean 0.5294565558433533
root        : INFO             Network_User:    Train:    Allocated 0.0 GB Cached 1.1 GB
root        : INFO     

--------------------------
root        : INFO             Network_User:            Dataset lara_3s network cnn_transformer lr 0.001 lr_optimizer 3.125e-05 Reshape False 
root        : INFO             Network_User:    Train:    epoch 14/15 batch 91/266 itera 3816 elapsed time 0.19514846801757812 best itera 532
root        : INFO             Network_User:    Train:    loss 0.22000429034233093
root        : INFO             Network_User:    Train:    acc 0.735, f1_weighted 0.6958028674125671, f1_mean 0.4570765495300293
root        : INFO             Network_User:    Train:    Allocated 0.0 GB Cached 1.1 GB
root        : INFO     

--------------------------
root        : INFO             Network_User:            Dataset lara_3s network cnn_transformer lr 0.001 lr_optimizer 3.125e-05 Reshape False 
root        : INFO             Network_User:    Train:    epoch 14/15 batch 104/266 itera 3829 elapsed time 0.1954343318939209 best itera 532
root        : INFO             Network_User:    Train:    loss 0.22057630121707916
root        : INFO             Network_User:    Train:    acc 0.725, f1_weighted 0.6895855069160461, f1_mean 0.5436291098594666
root        : INFO             Network_User:    Train:    Allocated 0.0 GB Cached 1.1 GB
root        : INFO     

--------------------------
root        : INFO             Network_User:            Dataset lara_3s network cnn_transformer lr 0.001 lr_optimizer 3.125e-05 Reshape False 
root        : INFO             Network_User:    Train:    epoch 14/15 batch 117/266 itera 3842 elapsed time 0.19531822204589844 best itera 532
root        : INFO             Network_User:    Train:    loss 0.17641505599021912
root        : INFO             Network_User:    Train:    acc 0.78, f1_weighted 0.7462155222892761, f1_mean 0.5008788108825684
root        : INFO             Network_User:    Train:    Allocated 0.0 GB Cached 1.1 GB
root        : INFO     

--------------------------
root        : INFO             Network_User:            Dataset lara_3s network cnn_transformer lr 0.001 lr_optimizer 3.125e-05 Reshape False 
root        : INFO             Network_User:    Train:    epoch 14/15 batch 130/266 itera 3855 elapsed time 0.1954517364501953 best itera 532
root        : INFO             Network_User:    Train:    loss 0.1941698044538498
root        : INFO             Network_User:    Train:    acc 0.72, f1_weighted 0.6785547137260437, f1_mean 0.39378485083580017
root        : INFO             Network_User:    Train:    Allocated 0.0 GB Cached 1.1 GB
root        : INFO     

--------------------------
root        : INFO             Network_User:            Dataset lara_3s network cnn_transformer lr 0.001 lr_optimizer 3.125e-05 Reshape False 
root        : INFO             Network_User:    Train:    epoch 14/15 batch 143/266 itera 3868 elapsed time 0.1906428337097168 best itera 532
root        : INFO             Network_User:    Train:    loss 0.21051891148090363
root        : INFO             Network_User:    Train:    acc 0.745, f1_weighted 0.707389235496521, f1_mean 0.5579067468643188
root        : INFO             Network_User:    Train:    Allocated 0.0 GB Cached 1.1 GB
root        : INFO     

--------------------------
root        : INFO             Network_User:            Dataset lara_3s network cnn_transformer lr 0.001 lr_optimizer 3.125e-05 Reshape False 
root        : INFO             Network_User:    Train:    epoch 14/15 batch 156/266 itera 3881 elapsed time 0.19089865684509277 best itera 532
root        : INFO             Network_User:    Train:    loss 0.19067125022411346
root        : INFO             Network_User:    Train:    acc 0.755, f1_weighted 0.7367096543312073, f1_mean 0.5819162726402283
root        : INFO             Network_User:    Train:    Allocated 0.0 GB Cached 1.1 GB
root        : INFO     

--------------------------
root        : INFO             Network_User:            Dataset lara_3s network cnn_transformer lr 0.001 lr_optimizer 3.125e-05 Reshape False 
root        : INFO             Network_User:    Train:    epoch 14/15 batch 169/266 itera 3894 elapsed time 0.19103002548217773 best itera 532
root        : INFO             Network_User:    Train:    loss 0.20582497119903564
root        : INFO             Network_User:    Train:    acc 0.745, f1_weighted 0.7074272632598877, f1_mean 0.479112833738327
root        : INFO             Network_User:    Train:    Allocated 0.0 GB Cached 1.1 GB
root        : INFO     

--------------------------
root        : INFO             Network_User:            Dataset lara_3s network cnn_transformer lr 0.001 lr_optimizer 3.125e-05 Reshape False 
root        : INFO             Network_User:    Train:    epoch 14/15 batch 182/266 itera 3907 elapsed time 0.19092345237731934 best itera 532
root        : INFO             Network_User:    Train:    loss 0.19675447046756744
root        : INFO             Network_User:    Train:    acc 0.745, f1_weighted 0.7089241743087769, f1_mean 0.5303742289543152
root        : INFO             Network_User:    Train:    Allocated 0.0 GB Cached 1.1 GB
root        : INFO     

--------------------------
root        : INFO             Network_User:            Dataset lara_3s network cnn_transformer lr 0.001 lr_optimizer 3.125e-05 Reshape False 
root        : INFO             Network_User:    Train:    epoch 14/15 batch 195/266 itera 3920 elapsed time 0.1906719207763672 best itera 532
root        : INFO             Network_User:    Train:    loss 0.19138559699058533
root        : INFO             Network_User:    Train:    acc 0.76, f1_weighted 0.7264493703842163, f1_mean 0.4819280803203583
root        : INFO             Network_User:    Train:    Allocated 0.0 GB Cached 1.1 GB
root        : INFO     

--------------------------
root        : INFO             Network_User:            Dataset lara_3s network cnn_transformer lr 0.001 lr_optimizer 3.125e-05 Reshape False 
root        : INFO             Network_User:    Train:    epoch 14/15 batch 208/266 itera 3933 elapsed time 0.19089579582214355 best itera 532
root        : INFO             Network_User:    Train:    loss 0.20161820948123932
root        : INFO             Network_User:    Train:    acc 0.725, f1_weighted 0.680458664894104, f1_mean 0.4658103585243225
root        : INFO             Network_User:    Train:    Allocated 0.0 GB Cached 1.1 GB
root        : INFO     

--------------------------
root        : INFO             Network_User:            Dataset lara_3s network cnn_transformer lr 0.001 lr_optimizer 3.125e-05 Reshape False 
root        : INFO             Network_User:    Train:    epoch 14/15 batch 221/266 itera 3946 elapsed time 0.1908588409423828 best itera 532
root        : INFO             Network_User:    Train:    loss 0.21371644735336304
root        : INFO             Network_User:    Train:    acc 0.75, f1_weighted 0.7228792309761047, f1_mean 0.5533809661865234
root        : INFO             Network_User:    Train:    Allocated 0.0 GB Cached 1.1 GB
root        : INFO     

--------------------------
root        : INFO             Network_User:            Dataset lara_3s network cnn_transformer lr 0.001 lr_optimizer 3.125e-05 Reshape False 
root        : INFO             Network_User:    Train:    epoch 14/15 batch 234/266 itera 3959 elapsed time 0.19095063209533691 best itera 532
root        : INFO             Network_User:    Train:    loss 0.18086813390254974
root        : INFO             Network_User:    Train:    acc 0.765, f1_weighted 0.74342942237854, f1_mean 0.5608504414558411
root        : INFO             Network_User:    Train:    Allocated 0.0 GB Cached 1.1 GB
root        : INFO     

--------------------------
root        : INFO             Network_User:            Dataset lara_3s network cnn_transformer lr 0.001 lr_optimizer 3.125e-05 Reshape False 
root        : INFO             Network_User:    Train:    epoch 14/15 batch 247/266 itera 3972 elapsed time 0.19066214561462402 best itera 532
root        : INFO             Network_User:    Train:    loss 0.1641182005405426
root        : INFO             Network_User:    Train:    acc 0.81, f1_weighted 0.7767962217330933, f1_mean 0.5460628867149353
root        : INFO             Network_User:    Train:    Allocated 0.0 GB Cached 1.1 GB
root        : INFO     

--------------------------
root        : INFO             Network_User:            Dataset lara_3s network cnn_transformer lr 0.001 lr_optimizer 3.125e-05 Reshape False 
root        : INFO             Network_User:    Train:    epoch 14/15 batch 260/266 itera 3985 elapsed time 0.19067597389221191 best itera 532
root        : INFO             Network_User:    Train:    loss 0.16519176959991455
root        : INFO             Network_User:    Train:    acc 0.775, f1_weighted 0.745858907699585, f1_mean 0.4977160096168518
root        : INFO             Network_User:    Train:    Allocated 0.0 GB Cached 1.1 GB
root        : INFO     

--------------------------
root        : INFO     

root        : INFO             Network_User:        Validating
root        : INFO                 Metrics: Constructor
root        : INFO     

root        : INFO             Network_User:        Validating:    epoch 14 batch 265 itera 3990 elapsed time 8.646265268325806, best itera 532
root        : INFO             Network_User:        Validating:    acc 0.4347169336312427, f1_weighted 0.39471670985221863, f1_mean 0.2554207444190979
root        : INFO     

root        : INFO             Network_User:    Train:    epoch 14 batch 265 itera 3990 Total training time 61.26304650306702
root        : INFO         Network_selecter:    Train: elapsed time 917.5272104740143 acc 0.4347169336312427, f1_weighted 0.39471670985221863, f1_mean 0.2554207444190979
root        : INFO             Network_User: Evolution evaluation iter 0
root        : INFO             Network_User: Testing
root        : INFO             Network_User:    Test ---->
root        : INFO             Network_User:     Creating Dataloader---->
root        : INFO             Network_User:    Test:    creating network
root        : INFO                 Network: Constructor
root        : INFO                 Network: Wx 196.0 and Hx 27.0
root        : INFO                 Network: Wx 192.0 and Hx 27.0
root        : INFO                 Network: Wx 188.0 and Hx 27.0
root        : INFO                 Network: Wx 184.0 and Hx 27.0
root        : INFO     N_head = 8
root        : INFO             Network_User:    Test:    setting device
root        : INFO             Network_User:    Test:    setting criterion optimizer Softmax
root        : INFO                 Metrics: Constructor
root        : INFO             Network_User:    Testing
root        : INFO                 Train:    type targets vector: torch.cuda.FloatTensor
root        : INFO             Network_User:        Testing:    elapsed time 10.9290030002594 acc 0.6033305400538449, f1_weighted 0.4822196364402771, f1_mean 0.20710806548595428
root        : INFO             Network_User:        Testing:    Confusion matrix 
[[    0     0     0   133  4891  1100     0]
 [    0     0     0    15  4118   589     0]
 [    0     0     0    93  5490   153     0]
 [    0     0     0  1023  2489    19     0]
 [    0     0     0   535 31923   186     0]
 [    0     0     0     2  1917   893     0]
 [    0     0     0    74   443     1     0]]

root        : INFO             Network_User:        Validating:    percentage Pred 
[0.         0.         0.         0.28971963 0.97791325 0.31756757
 0.        ]

root        : INFO         Network_selecter:    Train: elapsed time 15.082025051116943 acc 0.6033305400538449, f1_weighted 0.4822196364402771, f1_mean 0.20710806548595428
ICPR 2024   : INFO     Completed after 0:15:33

Parsing MongoDB credentials from /home/nnair/.mongodb_credentials
Adding MongoObserver for curtiz
configuration function began
Preparing DataFrame for Mbientlab train
Build index
Convert labels to numpy
Convert data to numpy
Dataset constructed
Logging every 13 batches (every 5.0\%)
Training: Epoch 0/15 Batch 0/266 and itera 0
Training: Epoch 0/15 Batch 13/266 and itera 13
Training: Epoch 0/15 Batch 26/266 and itera 26
Training: Epoch 0/15 Batch 39/266 and itera 39
Training: Epoch 0/15 Batch 52/266 and itera 52
Training: Epoch 0/15 Batch 65/266 and itera 65
Training: Epoch 0/15 Batch 78/266 and itera 78
Training: Epoch 0/15 Batch 91/266 and itera 91
Training: Epoch 0/15 Batch 104/266 and itera 104
Training: Epoch 0/15 Batch 117/266 and itera 117
Training: Epoch 0/15 Batch 130/266 and itera 130
Training: Epoch 0/15 Batch 143/266 and itera 143
Training: Epoch 0/15 Batch 156/266 and itera 156
Training: Epoch 0/15 Batch 169/266 and itera 169
Training: Epoch 0/15 Batch 182/266 and itera 182
Training: Epoch 0/15 Batch 195/266 and itera 195
Training: Epoch 0/15 Batch 208/266 and itera 208
Training: Epoch 0/15 Batch 221/266 and itera 221
Training: Epoch 0/15 Batch 234/266 and itera 234
Training: Epoch 0/15 Batch 247/266 and itera 247
Training: Epoch 0/15 Batch 260/266 and itera 260
Preparing DataFrame for Mbientlab val
Build index
Convert labels to numpy
Convert data to numpy
Dataset constructed
Validating: Batch  0/318Validating: Batch  7/318Validating: Batch  14/318Validating: Batch  21/318Validating: Batch  28/318Validating: Batch  35/318Validating: Batch  42/318Validating: Batch  49/318Validating: Batch  56/318Validating: Batch  63/318Validating: Batch  70/318Validating: Batch  77/318Validating: Batch  84/318Validating: Batch  91/318Validating: Batch  98/318Validating: Batch  105/318Validating: Batch  112/318Validating: Batch  119/318Validating: Batch  126/318Validating: Batch  133/318Validating: Batch  140/318Validating: Batch  147/318Validating: Batch  154/318Validating: Batch  161/318Validating: Batch  168/318Validating: Batch  175/318Validating: Batch  182/318Validating: Batch  189/318Validating: Batch  196/318Validating: Batch  203/318Validating: Batch  210/318Validating: Batch  217/318Validating: Batch  224/318Validating: Batch  231/318Validating: Batch  238/318Validating: Batch  245/318Validating: Batch  252/318Validating: Batch  259/318Validating: Batch  266/318Validating: Batch  273/318Validating: Batch  280/318Validating: Batch  287/318Validating: Batch  294/318Validating: Batch  301/318Validating: Batch  308/318Validating: Batch  315/318

Training: Epoch 1/15 Batch 0/266 and itera 266
Training: Epoch 1/15 Batch 13/266 and itera 279
Training: Epoch 1/15 Batch 26/266 and itera 292
Training: Epoch 1/15 Batch 39/266 and itera 305
Training: Epoch 1/15 Batch 52/266 and itera 318
Training: Epoch 1/15 Batch 65/266 and itera 331
Training: Epoch 1/15 Batch 78/266 and itera 344
Training: Epoch 1/15 Batch 91/266 and itera 357
Training: Epoch 1/15 Batch 104/266 and itera 370
Training: Epoch 1/15 Batch 117/266 and itera 383
Training: Epoch 1/15 Batch 130/266 and itera 396
Training: Epoch 1/15 Batch 143/266 and itera 409
Training: Epoch 1/15 Batch 156/266 and itera 422
Training: Epoch 1/15 Batch 169/266 and itera 435
Training: Epoch 1/15 Batch 182/266 and itera 448
Training: Epoch 1/15 Batch 195/266 and itera 461
Training: Epoch 1/15 Batch 208/266 and itera 474
Training: Epoch 1/15 Batch 221/266 and itera 487
Training: Epoch 1/15 Batch 234/266 and itera 500
Training: Epoch 1/15 Batch 247/266 and itera 513
Training: Epoch 1/15 Batch 260/266 and itera 526
Preparing DataFrame for Mbientlab val
Build index
Convert labels to numpy
Convert data to numpy
Dataset constructed
Validating: Batch  0/318Validating: Batch  7/318Validating: Batch  14/318Validating: Batch  21/318Validating: Batch  28/318Validating: Batch  35/318Validating: Batch  42/318Validating: Batch  49/318Validating: Batch  56/318Validating: Batch  63/318Validating: Batch  70/318Validating: Batch  77/318Validating: Batch  84/318Validating: Batch  91/318Validating: Batch  98/318Validating: Batch  105/318Validating: Batch  112/318Validating: Batch  119/318Validating: Batch  126/318Validating: Batch  133/318Validating: Batch  140/318Validating: Batch  147/318Validating: Batch  154/318Validating: Batch  161/318Validating: Batch  168/318Validating: Batch  175/318Validating: Batch  182/318Validating: Batch  189/318Validating: Batch  196/318Validating: Batch  203/318Validating: Batch  210/318Validating: Batch  217/318Validating: Batch  224/318Validating: Batch  231/318Validating: Batch  238/318Validating: Batch  245/318Validating: Batch  252/318Validating: Batch  259/318Validating: Batch  266/318Validating: Batch  273/318Validating: Batch  280/318Validating: Batch  287/318Validating: Batch  294/318Validating: Batch  301/318Validating: Batch  308/318Validating: Batch  315/318

Training: Epoch 2/15 Batch 0/266 and itera 532
Training: Epoch 2/15 Batch 13/266 and itera 545
Training: Epoch 2/15 Batch 26/266 and itera 558
Training: Epoch 2/15 Batch 39/266 and itera 571
Training: Epoch 2/15 Batch 52/266 and itera 584
Training: Epoch 2/15 Batch 65/266 and itera 597
Training: Epoch 2/15 Batch 78/266 and itera 610
Training: Epoch 2/15 Batch 91/266 and itera 623
Training: Epoch 2/15 Batch 104/266 and itera 636
Training: Epoch 2/15 Batch 117/266 and itera 649
Training: Epoch 2/15 Batch 130/266 and itera 662
Training: Epoch 2/15 Batch 143/266 and itera 675
Training: Epoch 2/15 Batch 156/266 and itera 688
Training: Epoch 2/15 Batch 169/266 and itera 701
Training: Epoch 2/15 Batch 182/266 and itera 714
Training: Epoch 2/15 Batch 195/266 and itera 727
Training: Epoch 2/15 Batch 208/266 and itera 740
Training: Epoch 2/15 Batch 221/266 and itera 753
Training: Epoch 2/15 Batch 234/266 and itera 766
Training: Epoch 2/15 Batch 247/266 and itera 779
Training: Epoch 2/15 Batch 260/266 and itera 792
Preparing DataFrame for Mbientlab val
Build index
Convert labels to numpy
Convert data to numpy
Dataset constructed
Validating: Batch  0/318Validating: Batch  7/318Validating: Batch  14/318Validating: Batch  21/318Validating: Batch  28/318Validating: Batch  35/318Validating: Batch  42/318Validating: Batch  49/318Validating: Batch  56/318Validating: Batch  63/318Validating: Batch  70/318Validating: Batch  77/318Validating: Batch  84/318Validating: Batch  91/318Validating: Batch  98/318Validating: Batch  105/318Validating: Batch  112/318Validating: Batch  119/318Validating: Batch  126/318Validating: Batch  133/318Validating: Batch  140/318Validating: Batch  147/318Validating: Batch  154/318Validating: Batch  161/318Validating: Batch  168/318Validating: Batch  175/318Validating: Batch  182/318Validating: Batch  189/318Validating: Batch  196/318Validating: Batch  203/318Validating: Batch  210/318Validating: Batch  217/318Validating: Batch  224/318Validating: Batch  231/318Validating: Batch  238/318Validating: Batch  245/318Validating: Batch  252/318Validating: Batch  259/318Validating: Batch  266/318Validating: Batch  273/318Validating: Batch  280/318Validating: Batch  287/318Validating: Batch  294/318Validating: Batch  301/318Validating: Batch  308/318Validating: Batch  315/318

Training: Epoch 3/15 Batch 0/266 and itera 798
Training: Epoch 3/15 Batch 13/266 and itera 811
Training: Epoch 3/15 Batch 26/266 and itera 824
Training: Epoch 3/15 Batch 39/266 and itera 837
Training: Epoch 3/15 Batch 52/266 and itera 850
Training: Epoch 3/15 Batch 65/266 and itera 863
Training: Epoch 3/15 Batch 78/266 and itera 876
Training: Epoch 3/15 Batch 91/266 and itera 889
Training: Epoch 3/15 Batch 104/266 and itera 902
Training: Epoch 3/15 Batch 117/266 and itera 915
Training: Epoch 3/15 Batch 130/266 and itera 928
Training: Epoch 3/15 Batch 143/266 and itera 941
Training: Epoch 3/15 Batch 156/266 and itera 954
Training: Epoch 3/15 Batch 169/266 and itera 967
Training: Epoch 3/15 Batch 182/266 and itera 980
Training: Epoch 3/15 Batch 195/266 and itera 993
Training: Epoch 3/15 Batch 208/266 and itera 1006
Training: Epoch 3/15 Batch 221/266 and itera 1019
Training: Epoch 3/15 Batch 234/266 and itera 1032
Training: Epoch 3/15 Batch 247/266 and itera 1045
Training: Epoch 3/15 Batch 260/266 and itera 1058
Preparing DataFrame for Mbientlab val
Build index
Convert labels to numpy
Convert data to numpy
Dataset constructed
Validating: Batch  0/318Validating: Batch  7/318Validating: Batch  14/318Validating: Batch  21/318Validating: Batch  28/318Validating: Batch  35/318Validating: Batch  42/318Validating: Batch  49/318Validating: Batch  56/318Validating: Batch  63/318Validating: Batch  70/318Validating: Batch  77/318Validating: Batch  84/318Validating: Batch  91/318Validating: Batch  98/318Validating: Batch  105/318Validating: Batch  112/318Validating: Batch  119/318Validating: Batch  126/318Validating: Batch  133/318Validating: Batch  140/318Validating: Batch  147/318Validating: Batch  154/318Validating: Batch  161/318Validating: Batch  168/318Validating: Batch  175/318Validating: Batch  182/318Validating: Batch  189/318Validating: Batch  196/318Validating: Batch  203/318Validating: Batch  210/318Validating: Batch  217/318Validating: Batch  224/318Validating: Batch  231/318Validating: Batch  238/318Validating: Batch  245/318Validating: Batch  252/318Validating: Batch  259/318Validating: Batch  266/318Validating: Batch  273/318Validating: Batch  280/318Validating: Batch  287/318Validating: Batch  294/318Validating: Batch  301/318Validating: Batch  308/318Validating: Batch  315/318

Training: Epoch 4/15 Batch 0/266 and itera 1064
Training: Epoch 4/15 Batch 13/266 and itera 1077
Training: Epoch 4/15 Batch 26/266 and itera 1090
Training: Epoch 4/15 Batch 39/266 and itera 1103
Training: Epoch 4/15 Batch 52/266 and itera 1116
Training: Epoch 4/15 Batch 65/266 and itera 1129
Training: Epoch 4/15 Batch 78/266 and itera 1142
Training: Epoch 4/15 Batch 91/266 and itera 1155
Training: Epoch 4/15 Batch 104/266 and itera 1168
Training: Epoch 4/15 Batch 117/266 and itera 1181
Training: Epoch 4/15 Batch 130/266 and itera 1194
Training: Epoch 4/15 Batch 143/266 and itera 1207
Training: Epoch 4/15 Batch 156/266 and itera 1220
Training: Epoch 4/15 Batch 169/266 and itera 1233
Training: Epoch 4/15 Batch 182/266 and itera 1246
Training: Epoch 4/15 Batch 195/266 and itera 1259
Training: Epoch 4/15 Batch 208/266 and itera 1272
Training: Epoch 4/15 Batch 221/266 and itera 1285
Training: Epoch 4/15 Batch 234/266 and itera 1298
Training: Epoch 4/15 Batch 247/266 and itera 1311
Training: Epoch 4/15 Batch 260/266 and itera 1324
Preparing DataFrame for Mbientlab val
Build index
Convert labels to numpy
Convert data to numpy
Dataset constructed
Validating: Batch  0/318Validating: Batch  7/318Validating: Batch  14/318Validating: Batch  21/318Validating: Batch  28/318Validating: Batch  35/318Validating: Batch  42/318Validating: Batch  49/318Validating: Batch  56/318Validating: Batch  63/318Validating: Batch  70/318Validating: Batch  77/318Validating: Batch  84/318Validating: Batch  91/318Validating: Batch  98/318Validating: Batch  105/318Validating: Batch  112/318Validating: Batch  119/318Validating: Batch  126/318Validating: Batch  133/318Validating: Batch  140/318Validating: Batch  147/318Validating: Batch  154/318Validating: Batch  161/318Validating: Batch  168/318Validating: Batch  175/318Validating: Batch  182/318Validating: Batch  189/318Validating: Batch  196/318Validating: Batch  203/318Validating: Batch  210/318Validating: Batch  217/318Validating: Batch  224/318Validating: Batch  231/318Validating: Batch  238/318Validating: Batch  245/318Validating: Batch  252/318Validating: Batch  259/318Validating: Batch  266/318Validating: Batch  273/318Validating: Batch  280/318Validating: Batch  287/318Validating: Batch  294/318Validating: Batch  301/318Validating: Batch  308/318Validating: Batch  315/318

Training: Epoch 5/15 Batch 0/266 and itera 1330
Training: Epoch 5/15 Batch 13/266 and itera 1343
Training: Epoch 5/15 Batch 26/266 and itera 1356
Training: Epoch 5/15 Batch 39/266 and itera 1369
Training: Epoch 5/15 Batch 52/266 and itera 1382
Training: Epoch 5/15 Batch 65/266 and itera 1395
Training: Epoch 5/15 Batch 78/266 and itera 1408
Training: Epoch 5/15 Batch 91/266 and itera 1421
Training: Epoch 5/15 Batch 104/266 and itera 1434
Training: Epoch 5/15 Batch 117/266 and itera 1447
Training: Epoch 5/15 Batch 130/266 and itera 1460
Training: Epoch 5/15 Batch 143/266 and itera 1473
Training: Epoch 5/15 Batch 156/266 and itera 1486
Training: Epoch 5/15 Batch 169/266 and itera 1499
Training: Epoch 5/15 Batch 182/266 and itera 1512
Training: Epoch 5/15 Batch 195/266 and itera 1525
Training: Epoch 5/15 Batch 208/266 and itera 1538
Training: Epoch 5/15 Batch 221/266 and itera 1551
Training: Epoch 5/15 Batch 234/266 and itera 1564
Training: Epoch 5/15 Batch 247/266 and itera 1577
Training: Epoch 5/15 Batch 260/266 and itera 1590
Preparing DataFrame for Mbientlab val
Build index
Convert labels to numpy
Convert data to numpy
Dataset constructed
Validating: Batch  0/318Validating: Batch  7/318Validating: Batch  14/318Validating: Batch  21/318Validating: Batch  28/318Validating: Batch  35/318Validating: Batch  42/318Validating: Batch  49/318Validating: Batch  56/318Validating: Batch  63/318Validating: Batch  70/318Validating: Batch  77/318Validating: Batch  84/318Validating: Batch  91/318Validating: Batch  98/318Validating: Batch  105/318Validating: Batch  112/318Validating: Batch  119/318Validating: Batch  126/318Validating: Batch  133/318Validating: Batch  140/318Validating: Batch  147/318Validating: Batch  154/318Validating: Batch  161/318Validating: Batch  168/318Validating: Batch  175/318Validating: Batch  182/318Validating: Batch  189/318Validating: Batch  196/318Validating: Batch  203/318Validating: Batch  210/318Validating: Batch  217/318Validating: Batch  224/318Validating: Batch  231/318Validating: Batch  238/318Validating: Batch  245/318Validating: Batch  252/318Validating: Batch  259/318Validating: Batch  266/318Validating: Batch  273/318Validating: Batch  280/318Validating: Batch  287/318Validating: Batch  294/318Validating: Batch  301/318Validating: Batch  308/318Validating: Batch  315/318

Training: Epoch 6/15 Batch 0/266 and itera 1596
Training: Epoch 6/15 Batch 13/266 and itera 1609
Training: Epoch 6/15 Batch 26/266 and itera 1622
Training: Epoch 6/15 Batch 39/266 and itera 1635
Training: Epoch 6/15 Batch 52/266 and itera 1648
Training: Epoch 6/15 Batch 65/266 and itera 1661
Training: Epoch 6/15 Batch 78/266 and itera 1674
Training: Epoch 6/15 Batch 91/266 and itera 1687
Training: Epoch 6/15 Batch 104/266 and itera 1700
Training: Epoch 6/15 Batch 117/266 and itera 1713
Training: Epoch 6/15 Batch 130/266 and itera 1726
Training: Epoch 6/15 Batch 143/266 and itera 1739
Training: Epoch 6/15 Batch 156/266 and itera 1752
Training: Epoch 6/15 Batch 169/266 and itera 1765
Training: Epoch 6/15 Batch 182/266 and itera 1778
Training: Epoch 6/15 Batch 195/266 and itera 1791
Training: Epoch 6/15 Batch 208/266 and itera 1804
Training: Epoch 6/15 Batch 221/266 and itera 1817
Training: Epoch 6/15 Batch 234/266 and itera 1830
Training: Epoch 6/15 Batch 247/266 and itera 1843
Training: Epoch 6/15 Batch 260/266 and itera 1856
Preparing DataFrame for Mbientlab val
Build index
Convert labels to numpy
Convert data to numpy
Dataset constructed
Validating: Batch  0/318Validating: Batch  7/318Validating: Batch  14/318Validating: Batch  21/318Validating: Batch  28/318Validating: Batch  35/318Validating: Batch  42/318Validating: Batch  49/318Validating: Batch  56/318Validating: Batch  63/318Validating: Batch  70/318Validating: Batch  77/318Validating: Batch  84/318Validating: Batch  91/318Validating: Batch  98/318Validating: Batch  105/318Validating: Batch  112/318Validating: Batch  119/318Validating: Batch  126/318Validating: Batch  133/318Validating: Batch  140/318Validating: Batch  147/318Validating: Batch  154/318Validating: Batch  161/318Validating: Batch  168/318Validating: Batch  175/318Validating: Batch  182/318Validating: Batch  189/318Validating: Batch  196/318Validating: Batch  203/318Validating: Batch  210/318Validating: Batch  217/318Validating: Batch  224/318Validating: Batch  231/318Validating: Batch  238/318Validating: Batch  245/318Validating: Batch  252/318Validating: Batch  259/318Validating: Batch  266/318Validating: Batch  273/318Validating: Batch  280/318Validating: Batch  287/318Validating: Batch  294/318Validating: Batch  301/318Validating: Batch  308/318Validating: Batch  315/318

Training: Epoch 7/15 Batch 0/266 and itera 1862
Training: Epoch 7/15 Batch 13/266 and itera 1875
Training: Epoch 7/15 Batch 26/266 and itera 1888
Training: Epoch 7/15 Batch 39/266 and itera 1901
Training: Epoch 7/15 Batch 52/266 and itera 1914
Training: Epoch 7/15 Batch 65/266 and itera 1927
Training: Epoch 7/15 Batch 78/266 and itera 1940
Training: Epoch 7/15 Batch 91/266 and itera 1953
Training: Epoch 7/15 Batch 104/266 and itera 1966
Training: Epoch 7/15 Batch 117/266 and itera 1979
Training: Epoch 7/15 Batch 130/266 and itera 1992
Training: Epoch 7/15 Batch 143/266 and itera 2005
Training: Epoch 7/15 Batch 156/266 and itera 2018
Training: Epoch 7/15 Batch 169/266 and itera 2031
Training: Epoch 7/15 Batch 182/266 and itera 2044
Training: Epoch 7/15 Batch 195/266 and itera 2057
Training: Epoch 7/15 Batch 208/266 and itera 2070
Training: Epoch 7/15 Batch 221/266 and itera 2083
Training: Epoch 7/15 Batch 234/266 and itera 2096
Training: Epoch 7/15 Batch 247/266 and itera 2109
Training: Epoch 7/15 Batch 260/266 and itera 2122
Preparing DataFrame for Mbientlab val
Build index
Convert labels to numpy
Convert data to numpy
Dataset constructed
Validating: Batch  0/318Validating: Batch  7/318Validating: Batch  14/318Validating: Batch  21/318Validating: Batch  28/318Validating: Batch  35/318Validating: Batch  42/318Validating: Batch  49/318Validating: Batch  56/318Validating: Batch  63/318Validating: Batch  70/318Validating: Batch  77/318Validating: Batch  84/318Validating: Batch  91/318Validating: Batch  98/318Validating: Batch  105/318Validating: Batch  112/318Validating: Batch  119/318Validating: Batch  126/318Validating: Batch  133/318Validating: Batch  140/318Validating: Batch  147/318Validating: Batch  154/318Validating: Batch  161/318Validating: Batch  168/318Validating: Batch  175/318Validating: Batch  182/318Validating: Batch  189/318Validating: Batch  196/318Validating: Batch  203/318Validating: Batch  210/318Validating: Batch  217/318Validating: Batch  224/318Validating: Batch  231/318Validating: Batch  238/318Validating: Batch  245/318Validating: Batch  252/318Validating: Batch  259/318Validating: Batch  266/318Validating: Batch  273/318Validating: Batch  280/318Validating: Batch  287/318Validating: Batch  294/318Validating: Batch  301/318Validating: Batch  308/318Validating: Batch  315/318

Training: Epoch 8/15 Batch 0/266 and itera 2128
Training: Epoch 8/15 Batch 13/266 and itera 2141
Training: Epoch 8/15 Batch 26/266 and itera 2154
Training: Epoch 8/15 Batch 39/266 and itera 2167
Training: Epoch 8/15 Batch 52/266 and itera 2180
Training: Epoch 8/15 Batch 65/266 and itera 2193
Training: Epoch 8/15 Batch 78/266 and itera 2206
Training: Epoch 8/15 Batch 91/266 and itera 2219
Training: Epoch 8/15 Batch 104/266 and itera 2232
Training: Epoch 8/15 Batch 117/266 and itera 2245
Training: Epoch 8/15 Batch 130/266 and itera 2258
Training: Epoch 8/15 Batch 143/266 and itera 2271
Training: Epoch 8/15 Batch 156/266 and itera 2284
Training: Epoch 8/15 Batch 169/266 and itera 2297
Training: Epoch 8/15 Batch 182/266 and itera 2310
Training: Epoch 8/15 Batch 195/266 and itera 2323
Training: Epoch 8/15 Batch 208/266 and itera 2336
Training: Epoch 8/15 Batch 221/266 and itera 2349
Training: Epoch 8/15 Batch 234/266 and itera 2362
Training: Epoch 8/15 Batch 247/266 and itera 2375
Training: Epoch 8/15 Batch 260/266 and itera 2388
Preparing DataFrame for Mbientlab val
Build index
Convert labels to numpy
Convert data to numpy
Dataset constructed
Validating: Batch  0/318Validating: Batch  7/318Validating: Batch  14/318Validating: Batch  21/318Validating: Batch  28/318Validating: Batch  35/318Validating: Batch  42/318Validating: Batch  49/318Validating: Batch  56/318Validating: Batch  63/318Validating: Batch  70/318Validating: Batch  77/318Validating: Batch  84/318Validating: Batch  91/318Validating: Batch  98/318Validating: Batch  105/318Validating: Batch  112/318Validating: Batch  119/318Validating: Batch  126/318Validating: Batch  133/318Validating: Batch  140/318Validating: Batch  147/318Validating: Batch  154/318Validating: Batch  161/318Validating: Batch  168/318Validating: Batch  175/318Validating: Batch  182/318Validating: Batch  189/318Validating: Batch  196/318Validating: Batch  203/318Validating: Batch  210/318Validating: Batch  217/318Validating: Batch  224/318Validating: Batch  231/318Validating: Batch  238/318Validating: Batch  245/318Validating: Batch  252/318Validating: Batch  259/318Validating: Batch  266/318Validating: Batch  273/318Validating: Batch  280/318Validating: Batch  287/318Validating: Batch  294/318Validating: Batch  301/318Validating: Batch  308/318Validating: Batch  315/318

Training: Epoch 9/15 Batch 0/266 and itera 2394
Training: Epoch 9/15 Batch 13/266 and itera 2407
Training: Epoch 9/15 Batch 26/266 and itera 2420
Training: Epoch 9/15 Batch 39/266 and itera 2433
Training: Epoch 9/15 Batch 52/266 and itera 2446
Training: Epoch 9/15 Batch 65/266 and itera 2459
Training: Epoch 9/15 Batch 78/266 and itera 2472
Training: Epoch 9/15 Batch 91/266 and itera 2485
Training: Epoch 9/15 Batch 104/266 and itera 2498
Training: Epoch 9/15 Batch 117/266 and itera 2511
Training: Epoch 9/15 Batch 130/266 and itera 2524
Training: Epoch 9/15 Batch 143/266 and itera 2537
Training: Epoch 9/15 Batch 156/266 and itera 2550
Training: Epoch 9/15 Batch 169/266 and itera 2563
Training: Epoch 9/15 Batch 182/266 and itera 2576
Training: Epoch 9/15 Batch 195/266 and itera 2589
Training: Epoch 9/15 Batch 208/266 and itera 2602
Training: Epoch 9/15 Batch 221/266 and itera 2615
Training: Epoch 9/15 Batch 234/266 and itera 2628
Training: Epoch 9/15 Batch 247/266 and itera 2641
Training: Epoch 9/15 Batch 260/266 and itera 2654
Preparing DataFrame for Mbientlab val
Build index
Convert labels to numpy
Convert data to numpy
Dataset constructed
Validating: Batch  0/318Validating: Batch  7/318Validating: Batch  14/318Validating: Batch  21/318Validating: Batch  28/318Validating: Batch  35/318Validating: Batch  42/318Validating: Batch  49/318Validating: Batch  56/318Validating: Batch  63/318Validating: Batch  70/318Validating: Batch  77/318Validating: Batch  84/318Validating: Batch  91/318Validating: Batch  98/318Validating: Batch  105/318Validating: Batch  112/318Validating: Batch  119/318Validating: Batch  126/318Validating: Batch  133/318Validating: Batch  140/318Validating: Batch  147/318Validating: Batch  154/318Validating: Batch  161/318Validating: Batch  168/318Validating: Batch  175/318Validating: Batch  182/318Validating: Batch  189/318Validating: Batch  196/318Validating: Batch  203/318Validating: Batch  210/318Validating: Batch  217/318Validating: Batch  224/318Validating: Batch  231/318Validating: Batch  238/318Validating: Batch  245/318Validating: Batch  252/318Validating: Batch  259/318Validating: Batch  266/318Validating: Batch  273/318Validating: Batch  280/318Validating: Batch  287/318Validating: Batch  294/318Validating: Batch  301/318Validating: Batch  308/318Validating: Batch  315/318

Training: Epoch 10/15 Batch 0/266 and itera 2660
Training: Epoch 10/15 Batch 13/266 and itera 2673
Training: Epoch 10/15 Batch 26/266 and itera 2686
Training: Epoch 10/15 Batch 39/266 and itera 2699
Training: Epoch 10/15 Batch 52/266 and itera 2712
Training: Epoch 10/15 Batch 65/266 and itera 2725
Training: Epoch 10/15 Batch 78/266 and itera 2738
Training: Epoch 10/15 Batch 91/266 and itera 2751
Training: Epoch 10/15 Batch 104/266 and itera 2764
Training: Epoch 10/15 Batch 117/266 and itera 2777
Training: Epoch 10/15 Batch 130/266 and itera 2790
Training: Epoch 10/15 Batch 143/266 and itera 2803
Training: Epoch 10/15 Batch 156/266 and itera 2816
Training: Epoch 10/15 Batch 169/266 and itera 2829
Training: Epoch 10/15 Batch 182/266 and itera 2842
Training: Epoch 10/15 Batch 195/266 and itera 2855
Training: Epoch 10/15 Batch 208/266 and itera 2868
Training: Epoch 10/15 Batch 221/266 and itera 2881
Training: Epoch 10/15 Batch 234/266 and itera 2894
Training: Epoch 10/15 Batch 247/266 and itera 2907
Training: Epoch 10/15 Batch 260/266 and itera 2920
Preparing DataFrame for Mbientlab val
Build index
Convert labels to numpy
Convert data to numpy
Dataset constructed
Validating: Batch  0/318Validating: Batch  7/318Validating: Batch  14/318Validating: Batch  21/318Validating: Batch  28/318Validating: Batch  35/318Validating: Batch  42/318Validating: Batch  49/318Validating: Batch  56/318Validating: Batch  63/318Validating: Batch  70/318Validating: Batch  77/318Validating: Batch  84/318Validating: Batch  91/318Validating: Batch  98/318Validating: Batch  105/318Validating: Batch  112/318Validating: Batch  119/318Validating: Batch  126/318Validating: Batch  133/318Validating: Batch  140/318Validating: Batch  147/318Validating: Batch  154/318Validating: Batch  161/318Validating: Batch  168/318Validating: Batch  175/318Validating: Batch  182/318Validating: Batch  189/318Validating: Batch  196/318Validating: Batch  203/318Validating: Batch  210/318Validating: Batch  217/318Validating: Batch  224/318Validating: Batch  231/318Validating: Batch  238/318Validating: Batch  245/318Validating: Batch  252/318Validating: Batch  259/318Validating: Batch  266/318Validating: Batch  273/318Validating: Batch  280/318Validating: Batch  287/318Validating: Batch  294/318Validating: Batch  301/318Validating: Batch  308/318Validating: Batch  315/318

Training: Epoch 11/15 Batch 0/266 and itera 2926
Training: Epoch 11/15 Batch 13/266 and itera 2939
Training: Epoch 11/15 Batch 26/266 and itera 2952
Training: Epoch 11/15 Batch 39/266 and itera 2965
Training: Epoch 11/15 Batch 52/266 and itera 2978
Training: Epoch 11/15 Batch 65/266 and itera 2991
Training: Epoch 11/15 Batch 78/266 and itera 3004
Training: Epoch 11/15 Batch 91/266 and itera 3017
Training: Epoch 11/15 Batch 104/266 and itera 3030
Training: Epoch 11/15 Batch 117/266 and itera 3043
Training: Epoch 11/15 Batch 130/266 and itera 3056
Training: Epoch 11/15 Batch 143/266 and itera 3069
Training: Epoch 11/15 Batch 156/266 and itera 3082
Training: Epoch 11/15 Batch 169/266 and itera 3095
Training: Epoch 11/15 Batch 182/266 and itera 3108
Training: Epoch 11/15 Batch 195/266 and itera 3121
Training: Epoch 11/15 Batch 208/266 and itera 3134
Training: Epoch 11/15 Batch 221/266 and itera 3147
Training: Epoch 11/15 Batch 234/266 and itera 3160
Training: Epoch 11/15 Batch 247/266 and itera 3173
Training: Epoch 11/15 Batch 260/266 and itera 3186
Preparing DataFrame for Mbientlab val
Build index
Convert labels to numpy
Convert data to numpy
Dataset constructed
Validating: Batch  0/318Validating: Batch  7/318Validating: Batch  14/318Validating: Batch  21/318Validating: Batch  28/318Validating: Batch  35/318Validating: Batch  42/318Validating: Batch  49/318Validating: Batch  56/318Validating: Batch  63/318Validating: Batch  70/318Validating: Batch  77/318Validating: Batch  84/318Validating: Batch  91/318Validating: Batch  98/318Validating: Batch  105/318Validating: Batch  112/318Validating: Batch  119/318Validating: Batch  126/318Validating: Batch  133/318Validating: Batch  140/318Validating: Batch  147/318Validating: Batch  154/318Validating: Batch  161/318Validating: Batch  168/318Validating: Batch  175/318Validating: Batch  182/318Validating: Batch  189/318Validating: Batch  196/318Validating: Batch  203/318Validating: Batch  210/318Validating: Batch  217/318Validating: Batch  224/318Validating: Batch  231/318Validating: Batch  238/318Validating: Batch  245/318Validating: Batch  252/318Validating: Batch  259/318Validating: Batch  266/318Validating: Batch  273/318Validating: Batch  280/318Validating: Batch  287/318Validating: Batch  294/318Validating: Batch  301/318Validating: Batch  308/318Validating: Batch  315/318

Training: Epoch 12/15 Batch 0/266 and itera 3192
Training: Epoch 12/15 Batch 13/266 and itera 3205
Training: Epoch 12/15 Batch 26/266 and itera 3218
Training: Epoch 12/15 Batch 39/266 and itera 3231
Training: Epoch 12/15 Batch 52/266 and itera 3244
Training: Epoch 12/15 Batch 65/266 and itera 3257
Training: Epoch 12/15 Batch 78/266 and itera 3270
Training: Epoch 12/15 Batch 91/266 and itera 3283
Training: Epoch 12/15 Batch 104/266 and itera 3296
Training: Epoch 12/15 Batch 117/266 and itera 3309
Training: Epoch 12/15 Batch 130/266 and itera 3322
Training: Epoch 12/15 Batch 143/266 and itera 3335
Training: Epoch 12/15 Batch 156/266 and itera 3348
Training: Epoch 12/15 Batch 169/266 and itera 3361
Training: Epoch 12/15 Batch 182/266 and itera 3374
Training: Epoch 12/15 Batch 195/266 and itera 3387
Training: Epoch 12/15 Batch 208/266 and itera 3400
Training: Epoch 12/15 Batch 221/266 and itera 3413
Training: Epoch 12/15 Batch 234/266 and itera 3426
Training: Epoch 12/15 Batch 247/266 and itera 3439
Training: Epoch 12/15 Batch 260/266 and itera 3452
Preparing DataFrame for Mbientlab val
Build index
Convert labels to numpy
Convert data to numpy
Dataset constructed
Validating: Batch  0/318Validating: Batch  7/318Validating: Batch  14/318Validating: Batch  21/318Validating: Batch  28/318Validating: Batch  35/318Validating: Batch  42/318Validating: Batch  49/318Validating: Batch  56/318Validating: Batch  63/318Validating: Batch  70/318Validating: Batch  77/318Validating: Batch  84/318Validating: Batch  91/318Validating: Batch  98/318Validating: Batch  105/318Validating: Batch  112/318Validating: Batch  119/318Validating: Batch  126/318Validating: Batch  133/318Validating: Batch  140/318Validating: Batch  147/318Validating: Batch  154/318Validating: Batch  161/318Validating: Batch  168/318Validating: Batch  175/318Validating: Batch  182/318Validating: Batch  189/318Validating: Batch  196/318Validating: Batch  203/318Validating: Batch  210/318Validating: Batch  217/318Validating: Batch  224/318Validating: Batch  231/318Validating: Batch  238/318Validating: Batch  245/318Validating: Batch  252/318Validating: Batch  259/318Validating: Batch  266/318Validating: Batch  273/318Validating: Batch  280/318Validating: Batch  287/318Validating: Batch  294/318Validating: Batch  301/318Validating: Batch  308/318Validating: Batch  315/318

Training: Epoch 13/15 Batch 0/266 and itera 3458
Training: Epoch 13/15 Batch 13/266 and itera 3471
Training: Epoch 13/15 Batch 26/266 and itera 3484
Training: Epoch 13/15 Batch 39/266 and itera 3497
Training: Epoch 13/15 Batch 52/266 and itera 3510
Training: Epoch 13/15 Batch 65/266 and itera 3523
Training: Epoch 13/15 Batch 78/266 and itera 3536
Training: Epoch 13/15 Batch 91/266 and itera 3549
Training: Epoch 13/15 Batch 104/266 and itera 3562
Training: Epoch 13/15 Batch 117/266 and itera 3575
Training: Epoch 13/15 Batch 130/266 and itera 3588
Training: Epoch 13/15 Batch 143/266 and itera 3601
Training: Epoch 13/15 Batch 156/266 and itera 3614
Training: Epoch 13/15 Batch 169/266 and itera 3627
Training: Epoch 13/15 Batch 182/266 and itera 3640
Training: Epoch 13/15 Batch 195/266 and itera 3653
Training: Epoch 13/15 Batch 208/266 and itera 3666
Training: Epoch 13/15 Batch 221/266 and itera 3679
Training: Epoch 13/15 Batch 234/266 and itera 3692
Training: Epoch 13/15 Batch 247/266 and itera 3705
Training: Epoch 13/15 Batch 260/266 and itera 3718
Preparing DataFrame for Mbientlab val
Build index
Convert labels to numpy
Convert data to numpy
Dataset constructed
Validating: Batch  0/318Validating: Batch  7/318Validating: Batch  14/318Validating: Batch  21/318Validating: Batch  28/318Validating: Batch  35/318Validating: Batch  42/318Validating: Batch  49/318Validating: Batch  56/318Validating: Batch  63/318Validating: Batch  70/318Validating: Batch  77/318Validating: Batch  84/318Validating: Batch  91/318Validating: Batch  98/318Validating: Batch  105/318Validating: Batch  112/318Validating: Batch  119/318Validating: Batch  126/318Validating: Batch  133/318Validating: Batch  140/318Validating: Batch  147/318Validating: Batch  154/318Validating: Batch  161/318Validating: Batch  168/318Validating: Batch  175/318Validating: Batch  182/318Validating: Batch  189/318Validating: Batch  196/318Validating: Batch  203/318Validating: Batch  210/318Validating: Batch  217/318Validating: Batch  224/318Validating: Batch  231/318Validating: Batch  238/318Validating: Batch  245/318Validating: Batch  252/318Validating: Batch  259/318Validating: Batch  266/318Validating: Batch  273/318Validating: Batch  280/318Validating: Batch  287/318Validating: Batch  294/318Validating: Batch  301/318Validating: Batch  308/318Validating: Batch  315/318

Training: Epoch 14/15 Batch 0/266 and itera 3724
Training: Epoch 14/15 Batch 13/266 and itera 3737
Training: Epoch 14/15 Batch 26/266 and itera 3750
Training: Epoch 14/15 Batch 39/266 and itera 3763
Training: Epoch 14/15 Batch 52/266 and itera 3776
Training: Epoch 14/15 Batch 65/266 and itera 3789
Training: Epoch 14/15 Batch 78/266 and itera 3802
Training: Epoch 14/15 Batch 91/266 and itera 3815
Training: Epoch 14/15 Batch 104/266 and itera 3828
Training: Epoch 14/15 Batch 117/266 and itera 3841
Training: Epoch 14/15 Batch 130/266 and itera 3854
Training: Epoch 14/15 Batch 143/266 and itera 3867
Training: Epoch 14/15 Batch 156/266 and itera 3880
Training: Epoch 14/15 Batch 169/266 and itera 3893
Training: Epoch 14/15 Batch 182/266 and itera 3906
Training: Epoch 14/15 Batch 195/266 and itera 3919
Training: Epoch 14/15 Batch 208/266 and itera 3932
Training: Epoch 14/15 Batch 221/266 and itera 3945
Training: Epoch 14/15 Batch 234/266 and itera 3958
Training: Epoch 14/15 Batch 247/266 and itera 3971
Training: Epoch 14/15 Batch 260/266 and itera 3984
Preparing DataFrame for Mbientlab val
Build index
Convert labels to numpy
Convert data to numpy
Dataset constructed
Validating: Batch  0/318Validating: Batch  7/318Validating: Batch  14/318Validating: Batch  21/318Validating: Batch  28/318Validating: Batch  35/318Validating: Batch  42/318Validating: Batch  49/318Validating: Batch  56/318Validating: Batch  63/318Validating: Batch  70/318Validating: Batch  77/318Validating: Batch  84/318Validating: Batch  91/318Validating: Batch  98/318Validating: Batch  105/318Validating: Batch  112/318Validating: Batch  119/318Validating: Batch  126/318Validating: Batch  133/318Validating: Batch  140/318Validating: Batch  147/318Validating: Batch  154/318Validating: Batch  161/318Validating: Batch  168/318Validating: Batch  175/318Validating: Batch  182/318Validating: Batch  189/318Validating: Batch  196/318Validating: Batch  203/318Validating: Batch  210/318Validating: Batch  217/318Validating: Batch  224/318Validating: Batch  231/318Validating: Batch  238/318Validating: Batch  245/318Validating: Batch  252/318Validating: Batch  259/318Validating: Batch  266/318Validating: Batch  273/318Validating: Batch  280/318Validating: Batch  287/318Validating: Batch  294/318Validating: Batch  301/318Validating: Batch  308/318Validating: Batch  315/318

<?xml version="1.0" ?>
<Experiment_0>
   <network dataset="cnn_transformer">
      <dataset dataset="lara_3s">
         <usage_modus usage_modus="train"/>
         <dataset_finetuning dataset_finetuning="lara_3s"/>
         <percentages_names percentages_names="['001', '002', '005', '01', '02', '03', '04', '05', '06', '07', '08', '09', '10']"/>
         <type_simple type_simple="training"/>
         <output output="softmax"/>
         <lr lr="0.001"/>
         <epochs epochs="15"/>
         <reshape_input reshape_input="False"/>
         <batch_size reshape_input="200"/>
         <ea_iter ea_iter="0"/>
         <freeze_options freeze_options="False"/>
         <time_iter time_iter="917.5272104740143"/>
         <best_itera best_itera="532"/>
         <metrics acc_test="0.4347169336312427" f1_weighted_test="0.39471670985221863" f1_mean_test="0.2554207444190979"/>
         <metrics_mean acc_test_mean="0.4347169336312427" f1_weighted_test_mean="0.39471670985221863" f1_mean_test_mean="0.2554207444190979"/>
         <metrics_std acc_test_mean="0.0" f1_weighted_test_mean="0.0" f1_mean_test_mean="0.0"/>
         <confusion_matrix_last confusion_matrix_last="0"/>
         <precision_mean precision_mean="tensor([0.0000, 0.2213, 0.2605, 0.2118, 0.5988, 0.3386, 0.1593])"/>
         <precision_std precision_std="tensor([0.0000, 0.1765, 0.0165, 0.6972, 0.6221, 0.5656, 0.2754])"/>
      </dataset>
   </network>
</Experiment_0>

Preparing DataFrame for Mbientlab test
Build index
Convert labels to numpy
Convert data to numpy
Dataset constructed
Testing: Batch  0/281Testing: Batch  14/281Testing: Batch  28/281Testing: Batch  42/281Testing: Batch  56/281Testing: Batch  70/281Testing: Batch  84/281Testing: Batch  98/281Testing: Batch  112/281Testing: Batch  126/281Testing: Batch  140/281Testing: Batch  154/281Testing: Batch  168/281Testing: Batch  182/281Testing: Batch  196/281Testing: Batch  210/281Testing: Batch  224/281Testing: Batch  238/281Testing: Batch  252/281Testing: Batch  266/281Testing: Batch  280/281<?xml version="1.0" ?>
<Experiment_0>
   <network dataset="cnn_transformer">
      <dataset dataset="lara_3s">
         <usage_modus usage_modus="train"/>
         <dataset_finetuning dataset_finetuning="lara_3s"/>
         <percentages_names percentages_names="['001', '002', '005', '01', '02', '03', '04', '05', '06', '07', '08', '09', '10']"/>
         <type_simple type_simple="testing"/>
         <output output="softmax"/>
         <lr lr="0.001"/>
         <epochs epochs="15"/>
         <reshape_input reshape_input="False"/>
         <batch_size reshape_input="200"/>
         <ea_iter ea_iter="0"/>
         <freeze_options freeze_options="False"/>
         <time_iter time_iter="15.082127332687378"/>
         <best_itera best_itera="0"/>
         <metrics acc_test="0.6033305400538449" f1_weighted_test="0.4822196364402771" f1_mean_test="0.20710806548595428"/>
         <metrics_mean acc_test_mean="0.6033305400538449" f1_weighted_test_mean="0.4822196364402771" f1_mean_test_mean="0.20710806548595428"/>
         <metrics_std acc_test_mean="0.0" f1_weighted_test_mean="0.0" f1_mean_test_mean="0.0"/>
         <confusion_matrix_last confusion_matrix_last="[[    0     0     0   133  4891  1100     0]
 [    0     0     0    15  4118   589     0]
 [    0     0     0    93  5490   153     0]
 [    0     0     0  1023  2489    19     0]
 [    0     0     0   535 31923   186     0]
 [    0     0     0     2  1917   893     0]
 [    0     0     0    74   443     1     0]]"/>
         <precision_mean precision_mean="[0.         0.         0.         0.5456     0.6226327  0.30363822
 0.        ]"/>
         <precision_std precision_std="[0. 0. 0. 0. 0. 0. 0.]"/>
         <recall_mean recall_mean="[0.         0.         0.         0.2897196  0.97791326 0.31756756
 0.        ]"/>
         <recall_std recall_std="[0. 0. 0. 0. 0. 0. 0.]"/>
      </dataset>
   </network>
</Experiment_0>

Done

