[2024-08-19 13:16:51, INFO, ::load_credentials] Loading credientials from /home/nnair/.mongodb_credentials
[2024-08-19 13:16:56, INFO, ::load_credentials] Loading credientials from /home/nnair/.mongodb_credentials
[2024-08-19 13:16:57, INFO, ICPR 2024] Running command 'run'
[2024-08-19 13:16:57, INFO, ICPR 2024] Started run with ID "3980"
root        : INFO     Finished
root        : INFO     Dataset lara_3s Network cnn_transformer Output softmax Modus train
root        : INFO         Network_selecter: Constructor
root        : INFO         Network_selecter: 
GPU: 0
NB_sensor_channels: 27
NB_sensor_channels_defaults:
  lara_3s: 27
  lara_mm: 27
  mbientlab: 30
  mobiact: 9
  mocap: 126
  motionsense: 9
  sisfall: 9
accumulation_steps: 4
accumulation_steps_defaults:
  lara_3s: 4
  lara_mm: 4
  mbientlab: 4
  mobiact: 4
  mocap: 4
  motionsense: 4
  sisfall: 4
augmentation_probability: 0.5
augmentations: null
balancing: false
balancing_defaults:
  lara_3s: false
  lara_mm: false
  mbientlab: false
  mobiact: false
  mocap: false
  motionsense: false
  sisfall: false
base_folder_exp: /data/nnair/icpr2024/debug/
batch_size_train: 100
batch_size_train_defaults:
  cnn:
    lara_3s: 100
    lara_mm: 100
    mbientlab: 100
    mobiact: 100
    mocap: 100
    motionsense: 50
    sisfall: 50
  cnn_imu:
    lara_3s: 100
    lara_mm: 100
    mbientlab: 100
    mobiact: 100
    mocap: 100
    motionsense: 100
    sisfall: 100
  cnn_transformer:
    lara_3s: 100
    lara_mm: 100
    mbientlab: 128
    mobiact: 200
    mocap: 50
    motionsense: 50
    sisfall: 50
  lstm:
    lara_3s: 50
    lara_mm: 50
    mbientlab: 50
    mobiact: 100
    mocap: 50
    motionsense: 50
    sisfall: 50
batch_size_val: 100
batch_size_val_defaults:
  cnn:
    lara_3s: 100
    lara_mm: 100
    mbientlab: 100
    mobiact: 100
    mocap: 100
    motionsense: 50
    sisfall: 50
  cnn_imu:
    lara_3s: 100
    lara_mm: 100
    mbientlab: 100
    mobiact: 100
    mocap: 100
    motionsense: 100
    sisfall: 100
  cnn_transformer:
    lara_3s: 100
    lara_mm: 100
    mbientlab: 128
    mobiact: 200
    mocap: 50
    motionsense: 50
    sisfall: 50
  lstm:
    lara_3s: 50
    lara_mm: 50
    mbientlab: 50
    mobiact: 100
    mocap: 50
    motionsense: 50
    sisfall: 50
dataset: lara_3s
dataset_finetuning: lara_3s
dataset_root: /vol/actrec/DFG_Project/2019/LARa_dataset/Motionminers/LARa_dataset_motionminers/
dataset_root_defaults:
  lara_3s: /vol/actrec/DFG_Project/2019/LARa_dataset/Motionminers/LARa_dataset_motionminers/
  lara_mm: /vol/actrec/DFG_Project/2019/Motionminers_Dataset/DFG-Data/
  mbientlab: /vol/actrec/DFG_Project/2019/LARa_dataset/Mbientlab/LARa_dataset_mbientlab/
  mobiact: /vol/actrec/MobiAct_Dataset/
  mocap: /vol/actrec/DFG_Project/2019/LARa_dataset/MoCap/LARa_dataset_mocap/
  motionsense: /vol/actrec/motion-sense-master/data/A_DeviceMotion_data/A_DeviceMotion_data
  sisfall: /vol/actrec/SisFall_dataset
dim_fc: 128
division_epochs: 1
division_epochs_defaults:
  lara_3s: 1
  lara_mm: 1
  mbientlab: 1
  mobiact: 1
  mocap: 2
  motionsense: 1
  sisfall: 1
dtw_application: false
dtw_aug: spawner
env: py311_pt212
epoch_mult: 1
epochs: 15
epochs_defaults:
  lara_3s:
    cnn:
      attribute: 10
      softmax: 10
    cnn_imu:
      attribute: 10
      softmax: 30
    cnn_transformer:
      attribute: 6
      softmax: 50
    lstm:
      attribute: 10
      softmax: 15
  lara_mm:
    cnn:
      attribute: 10
      softmax: 10
    cnn_imu:
      attribute: 10
      softmax: 30
    cnn_transformer:
      attribute: 6
      softmax: 50
    lstm:
      attribute: 10
      softmax: 15
  mbientlab:
    cnn:
      attribute: 10
      softmax: 10
    cnn_imu:
      attribute: 10
      softmax: 30
    cnn_transformer:
      attribute: 6
      softmax: 50
    lstm:
      attribute: 10
      softmax: 15
  mobiact:
    cnn:
      attribute: 50
      softmax: 10
    cnn_imu:
      attribute: 50
      softmax: 32
    cnn_transformer:
      attribute: 6
      softmax: 15
    lstm:
      attribute: 5
      softmax: 15
  mocap:
    cnn:
      attribute: 6
      softmax: 6
    cnn_imu:
      attribute: 6
      softmax: 10
    cnn_transformer:
      attribute: 6
      softmax: 15
    lstm:
      attribute: 6
      softmax: 15
  motionsense:
    cnn:
      attribute: 50
      softmax: 30
    cnn_imu:
      attribute: 10
      softmax: 32
    cnn_transformer:
      attribute: 6
      softmax: 15
    lstm:
      attribute: 5
      softmax: 15
  sisfall:
    cnn:
      attribute: 50
      softmax: 30
    cnn_imu:
      attribute: 50
      softmax: 32
    cnn_transformer:
      attribute: 6
      softmax: 15
    lstm:
      attribute: 5
      softmax: 15
evolution_iter: 10000
file_suffix: results_yy2024mm8dd19hh13mm11.xml
filter_size: 5
filter_size_defaults:
  lara_3s: 5
  lara_mm: 5
  mbientlab: 5
  mobiact: 5
  mocap: 5
  motionsense: 5
  sisfall: 5
fine_tune_path: null
folder_exp: /data/nnair/icpr2024/debug/lara_3s/results/7
folder_exp_defaults:
  lara_3s: /data/nnair/icpr2024/debug/lara_3s/results
  lara_mm: /data/nnair/icpr2024/debug/lara_mm/results
  mbientlab: /data/nnair/icpr2024/debug/lara_imu/results
  mobiact: /data/nnair/icpr2024/debug/mobiact/results
  mocap: /data/nnair/icpr2024/debug/lara/results
  motionsense: /data/nnair/icpr2024/debug/motionsense/results
  sisfall: /data/nnair/icpr2024/debug/sisfall/results
freeze_options: false
fully_convolutional: FC
half_dataset: true
hidden_layer: 256
label_pos: end
labeltype: class
layer_dim: 4
log_per_epoch: 20
lr: 0.001
lr_mult: 1.0
lstm_hidlyr: 256
lstm_lyrdim: 4
n_embedding_layers: 4
n_head: 8
n_layers: 6
name_counter: 0
network: cnn_transformer
num_attributes: 0
num_attributes_defaults:
  lara_3s: 0
  lara_mm: 0
  mbientlab: 19
  mobiact: 0
  mocap: 19
  motionsense: 0
  sisfall: 0
num_classes: 7
num_classes_defaults:
  lara_3s: 7
  lara_mm: 6
  mbientlab: 7
  mobiact: 9
  mocap: 7
  motionsense: 6
  sisfall: 15
num_filters: 64
num_filters_defaults:
  lara_3s:
    cnn: 64
    cnn_imu: 64
    cnn_transformer: 64
    lstm: 64
  lara_mm:
    cnn: 64
    cnn_imu: 64
    cnn_transformer: 64
    lstm: 64
  mbientlab:
    cnn: 64
    cnn_imu: 64
    cnn_transformer: 64
    lstm: 64
  mobiact:
    cnn: 64
    cnn_imu: 64
    cnn_transformer: 64
    lstm: 64
  mocap:
    cnn: 64
    cnn_imu: 64
    cnn_transformer: 64
    lstm: 64
  motionsense:
    cnn: 64
    cnn_imu: 64
    cnn_transformer: 64
    lstm: 64
  sisfall:
    cnn: 64
    cnn_imu: 64
    cnn_transformer: 64
    lstm: 64
num_tr_inputs: 94753
num_tr_inputs_defaults:
  lara_3s: 94753
  lara_mm: 94753
  mbientlab: 94753
  mobiact: 160561
  mocap: 345417
  motionsense: 118671
  sisfall: 118610
num_workers: 8
output: softmax
percentages_dataset:
- 0.01
- 0.02
- 0.05
- 0.1
- 0.2
- 0.3
- 0.4
- 0.5
- 0.6
- 0.7
- 0.8
- 0.9
- 1.0
percentages_names:
- '001'
- '002'
- '005'
- '01'
- '02'
- '03'
- '04'
- '05'
- '06'
- '07'
- 08
- 09
- '10'
plotting: false
polars_max_threads: 4
repetitions: 1
reshape_folder: noreshape
reshape_input: false
run_id: 7
sacred: true
seed: 42
sliding_window_length: 200
sliding_window_length_defaults:
  lara_3s: 100
  lara_mm: 100
  mbientlab: 100
  mobiact: 200
  mocap: 200
  motionsense: 200
  sisfall: 200
sliding_window_step: 12
sliding_window_step_defaults:
  lara_3s: 12
  lara_mm: 12
  mbientlab: 12
  mobiact: 50
  mocap: 25
  motionsense: 25
  sisfall: 50
train_show: 9
train_show_defaults:
  cnn: 9
  cnn_imu: 9
  cnn_transformer: 9
  lstm: 100
train_show_value: 947.53
trans_embed_layer: 4
trans_pos_embed: true
transformer_dim: 64
transformer_fc: 128
transformer_heads: 8
transformer_layers: 6
usage_modus: train
use_maxout: false
use_maxout_defaults:
  cnn: false
  cnn_imu: false
  cnn_transformer: false
  lstm: false
use_pos_embedding: true
valid_show: 18
valid_show_defaults:
  cnn: 18
  cnn_imu: 18
  cnn_transformer: 18
  lstm: 50

root        : INFO             Network_User: Constructor
root        : INFO         Network_selecter: Net modus: train
root        : INFO         Network_selecter: Train
root        : INFO         Network_selecter:    Train iter 0
root        : INFO             Network_User: Evolution evaluation iter 0
root        : INFO             Network_User: Training
root        : INFO             Network_User: Train---->
root        : INFO             Network_User:     Creating Dataloader---->
root        : INFO             Network_User:    Train:    creating network
root        : INFO                 Network: Constructor
root        : INFO                 Network: Wx 196.0 and Hx 27.0
root        : INFO                 Network: Wx 192.0 and Hx 27.0
root        : INFO                 Network: Wx 188.0 and Hx 27.0
root        : INFO                 Network: Wx 184.0 and Hx 27.0
root        : INFO     N_head = 8
root        : INFO             Network_User:    Train:    network layers
root        : INFO             Network_User:    Train:    cls_token : (1, 64)
root        : INFO             Network_User:    Train:    position_embed : (201, 1, 64)
root        : INFO             Network_User:    Train:    input_proj.0.0.weight : (64, 27, 1)
root        : INFO             Network_User:    Train:    input_proj.0.0.bias : (64,)
root        : INFO             Network_User:    Train:    input_proj.1.0.weight : (64, 64, 1)
root        : INFO             Network_User:    Train:    input_proj.1.0.bias : (64,)
root        : INFO             Network_User:    Train:    input_proj.2.0.weight : (64, 64, 1)
root        : INFO             Network_User:    Train:    input_proj.2.0.bias : (64,)
root        : INFO             Network_User:    Train:    input_proj.3.0.weight : (64, 64, 1)
root        : INFO             Network_User:    Train:    input_proj.3.0.bias : (64,)
root        : INFO             Network_User:    Train:    transformer_encoder.layers.0.self_attn.in_proj_weight : (192, 64)
root        : INFO             Network_User:    Train:    transformer_encoder.layers.0.self_attn.in_proj_bias : (192,)
root        : INFO             Network_User:    Train:    transformer_encoder.layers.0.self_attn.out_proj.weight : (64, 64)
root        : INFO             Network_User:    Train:    transformer_encoder.layers.0.self_attn.out_proj.bias : (64,)
root        : INFO             Network_User:    Train:    transformer_encoder.layers.0.linear1.weight : (128, 64)
root        : INFO             Network_User:    Train:    transformer_encoder.layers.0.linear1.bias : (128,)
root        : INFO             Network_User:    Train:    transformer_encoder.layers.0.linear2.weight : (64, 128)
root        : INFO             Network_User:    Train:    transformer_encoder.layers.0.linear2.bias : (64,)
root        : INFO             Network_User:    Train:    transformer_encoder.layers.0.norm1.weight : (64,)
root        : INFO             Network_User:    Train:    transformer_encoder.layers.0.norm1.bias : (64,)
root        : INFO             Network_User:    Train:    transformer_encoder.layers.0.norm2.weight : (64,)
root        : INFO             Network_User:    Train:    transformer_encoder.layers.0.norm2.bias : (64,)
root        : INFO             Network_User:    Train:    transformer_encoder.layers.1.self_attn.in_proj_weight : (192, 64)
root        : INFO             Network_User:    Train:    transformer_encoder.layers.1.self_attn.in_proj_bias : (192,)
root        : INFO             Network_User:    Train:    transformer_encoder.layers.1.self_attn.out_proj.weight : (64, 64)
root        : INFO             Network_User:    Train:    transformer_encoder.layers.1.self_attn.out_proj.bias : (64,)
root        : INFO             Network_User:    Train:    transformer_encoder.layers.1.linear1.weight : (128, 64)
root        : INFO             Network_User:    Train:    transformer_encoder.layers.1.linear1.bias : (128,)
root        : INFO             Network_User:    Train:    transformer_encoder.layers.1.linear2.weight : (64, 128)
root        : INFO             Network_User:    Train:    transformer_encoder.layers.1.linear2.bias : (64,)
root        : INFO             Network_User:    Train:    transformer_encoder.layers.1.norm1.weight : (64,)
root        : INFO             Network_User:    Train:    transformer_encoder.layers.1.norm1.bias : (64,)
root        : INFO             Network_User:    Train:    transformer_encoder.layers.1.norm2.weight : (64,)
root        : INFO             Network_User:    Train:    transformer_encoder.layers.1.norm2.bias : (64,)
root        : INFO             Network_User:    Train:    transformer_encoder.layers.2.self_attn.in_proj_weight : (192, 64)
root        : INFO             Network_User:    Train:    transformer_encoder.layers.2.self_attn.in_proj_bias : (192,)
root        : INFO             Network_User:    Train:    transformer_encoder.layers.2.self_attn.out_proj.weight : (64, 64)
root        : INFO             Network_User:    Train:    transformer_encoder.layers.2.self_attn.out_proj.bias : (64,)
root        : INFO             Network_User:    Train:    transformer_encoder.layers.2.linear1.weight : (128, 64)
root        : INFO             Network_User:    Train:    transformer_encoder.layers.2.linear1.bias : (128,)
root        : INFO             Network_User:    Train:    transformer_encoder.layers.2.linear2.weight : (64, 128)
root        : INFO             Network_User:    Train:    transformer_encoder.layers.2.linear2.bias : (64,)
root        : INFO             Network_User:    Train:    transformer_encoder.layers.2.norm1.weight : (64,)
root        : INFO             Network_User:    Train:    transformer_encoder.layers.2.norm1.bias : (64,)
root        : INFO             Network_User:    Train:    transformer_encoder.layers.2.norm2.weight : (64,)
root        : INFO             Network_User:    Train:    transformer_encoder.layers.2.norm2.bias : (64,)
root        : INFO             Network_User:    Train:    transformer_encoder.layers.3.self_attn.in_proj_weight : (192, 64)
root        : INFO             Network_User:    Train:    transformer_encoder.layers.3.self_attn.in_proj_bias : (192,)
root        : INFO             Network_User:    Train:    transformer_encoder.layers.3.self_attn.out_proj.weight : (64, 64)
root        : INFO             Network_User:    Train:    transformer_encoder.layers.3.self_attn.out_proj.bias : (64,)
root        : INFO             Network_User:    Train:    transformer_encoder.layers.3.linear1.weight : (128, 64)
root        : INFO             Network_User:    Train:    transformer_encoder.layers.3.linear1.bias : (128,)
root        : INFO             Network_User:    Train:    transformer_encoder.layers.3.linear2.weight : (64, 128)
root        : INFO             Network_User:    Train:    transformer_encoder.layers.3.linear2.bias : (64,)
root        : INFO             Network_User:    Train:    transformer_encoder.layers.3.norm1.weight : (64,)
root        : INFO             Network_User:    Train:    transformer_encoder.layers.3.norm1.bias : (64,)
root        : INFO             Network_User:    Train:    transformer_encoder.layers.3.norm2.weight : (64,)
root        : INFO             Network_User:    Train:    transformer_encoder.layers.3.norm2.bias : (64,)
root        : INFO             Network_User:    Train:    transformer_encoder.layers.4.self_attn.in_proj_weight : (192, 64)
root        : INFO             Network_User:    Train:    transformer_encoder.layers.4.self_attn.in_proj_bias : (192,)
root        : INFO             Network_User:    Train:    transformer_encoder.layers.4.self_attn.out_proj.weight : (64, 64)
root        : INFO             Network_User:    Train:    transformer_encoder.layers.4.self_attn.out_proj.bias : (64,)
root        : INFO             Network_User:    Train:    transformer_encoder.layers.4.linear1.weight : (128, 64)
root        : INFO             Network_User:    Train:    transformer_encoder.layers.4.linear1.bias : (128,)
root        : INFO             Network_User:    Train:    transformer_encoder.layers.4.linear2.weight : (64, 128)
root        : INFO             Network_User:    Train:    transformer_encoder.layers.4.linear2.bias : (64,)
root        : INFO             Network_User:    Train:    transformer_encoder.layers.4.norm1.weight : (64,)
root        : INFO             Network_User:    Train:    transformer_encoder.layers.4.norm1.bias : (64,)
root        : INFO             Network_User:    Train:    transformer_encoder.layers.4.norm2.weight : (64,)
root        : INFO             Network_User:    Train:    transformer_encoder.layers.4.norm2.bias : (64,)
root        : INFO             Network_User:    Train:    transformer_encoder.layers.5.self_attn.in_proj_weight : (192, 64)
root        : INFO             Network_User:    Train:    transformer_encoder.layers.5.self_attn.in_proj_bias : (192,)
root        : INFO             Network_User:    Train:    transformer_encoder.layers.5.self_attn.out_proj.weight : (64, 64)
root        : INFO             Network_User:    Train:    transformer_encoder.layers.5.self_attn.out_proj.bias : (64,)
root        : INFO             Network_User:    Train:    transformer_encoder.layers.5.linear1.weight : (128, 64)
root        : INFO             Network_User:    Train:    transformer_encoder.layers.5.linear1.bias : (128,)
root        : INFO             Network_User:    Train:    transformer_encoder.layers.5.linear2.weight : (64, 128)
root        : INFO             Network_User:    Train:    transformer_encoder.layers.5.linear2.bias : (64,)
root        : INFO             Network_User:    Train:    transformer_encoder.layers.5.norm1.weight : (64,)
root        : INFO             Network_User:    Train:    transformer_encoder.layers.5.norm1.bias : (64,)
root        : INFO             Network_User:    Train:    transformer_encoder.layers.5.norm2.weight : (64,)
root        : INFO             Network_User:    Train:    transformer_encoder.layers.5.norm2.bias : (64,)
root        : INFO             Network_User:    Train:    transformer_encoder.norm.weight : (64,)
root        : INFO             Network_User:    Train:    transformer_encoder.norm.bias : (64,)
root        : INFO             Network_User:    Train:    imu_head.0.weight : (64,)
root        : INFO             Network_User:    Train:    imu_head.0.bias : (64,)
root        : INFO             Network_User:    Train:    imu_head.1.weight : (16, 64)
root        : INFO             Network_User:    Train:    imu_head.1.bias : (16,)
root        : INFO             Network_User:    Train:    imu_head.4.weight : (7, 16)
root        : INFO             Network_User:    Train:    imu_head.4.bias : (7,)
root        : INFO             Network_User:    Train:    setting device
root        : INFO             Network_User:    Train:    setting criterion optimizer Softmax
root        : INFO                 Metrics: Constructor
root        : INFO     
        Network_User:    Train:    Training epoch 0
root        : INFO             Network_User:            Dataset lara_3s network cnn_transformer lr 0.001 lr_optimizer 0.001 Reshape False 
root        : INFO             Network_User:    Train:    epoch 0/15 batch 0/532 itera 1 elapsed time 0.6248557567596436 best itera 0
root        : INFO             Network_User:    Train:    loss 0.4899270534515381
root        : INFO             Network_User:    Train:    acc 0.06, f1_weighted 0.028095189481973648, f1_mean 0.046005409210920334
root        : INFO             Network_User:    Train:    Allocated 0.0 GB Cached 0.6 GB
root        : INFO     

--------------------------
root        : INFO             Network_User:            Dataset lara_3s network cnn_transformer lr 0.001 lr_optimizer 0.001 Reshape False 
root        : INFO             Network_User:    Train:    epoch 0/15 batch 26/532 itera 27 elapsed time 0.10544776916503906 best itera 0
root        : INFO             Network_User:    Train:    loss 0.32896843552589417
root        : INFO             Network_User:    Train:    acc 0.64, f1_weighted 0.4995121657848358, f1_mean 0.11149825155735016
root        : INFO             Network_User:    Train:    Allocated 0.0 GB Cached 0.6 GB
root        : INFO     

--------------------------
root        : INFO             Network_User:            Dataset lara_3s network cnn_transformer lr 0.001 lr_optimizer 0.001 Reshape False 
root        : INFO             Network_User:    Train:    epoch 0/15 batch 52/532 itera 53 elapsed time 0.10139751434326172 best itera 0
root        : INFO             Network_User:    Train:    loss 0.3423832654953003
root        : INFO             Network_User:    Train:    acc 0.61, f1_weighted 0.46223604679107666, f1_mean 0.10825199633836746
root        : INFO             Network_User:    Train:    Allocated 0.0 GB Cached 0.6 GB
root        : INFO     

--------------------------
root        : INFO             Network_User:            Dataset lara_3s network cnn_transformer lr 0.001 lr_optimizer 0.001 Reshape False 
root        : INFO             Network_User:    Train:    epoch 0/15 batch 78/532 itera 79 elapsed time 0.10090756416320801 best itera 0
root        : INFO             Network_User:    Train:    loss 0.3856564462184906
root        : INFO             Network_User:    Train:    acc 0.54, f1_weighted 0.3787013590335846, f1_mean 0.10018553584814072
root        : INFO             Network_User:    Train:    Allocated 0.0 GB Cached 0.6 GB
root        : INFO     

--------------------------
root        : INFO             Network_User:            Dataset lara_3s network cnn_transformer lr 0.001 lr_optimizer 0.001 Reshape False 
root        : INFO             Network_User:    Train:    epoch 0/15 batch 104/532 itera 105 elapsed time 0.10053062438964844 best itera 0
root        : INFO             Network_User:    Train:    loss 0.35997018218040466
root        : INFO             Network_User:    Train:    acc 0.57, f1_weighted 0.41388535499572754, f1_mean 0.10373067110776901
root        : INFO             Network_User:    Train:    Allocated 0.0 GB Cached 0.6 GB
root        : INFO     

--------------------------
root        : INFO             Network_User:            Dataset lara_3s network cnn_transformer lr 0.001 lr_optimizer 0.001 Reshape False 
root        : INFO             Network_User:    Train:    epoch 0/15 batch 130/532 itera 131 elapsed time 0.1003415584564209 best itera 0
root        : INFO             Network_User:    Train:    loss 0.35705554485321045
root        : INFO             Network_User:    Train:    acc 0.57, f1_weighted 0.41388535499572754, f1_mean 0.10373067110776901
root        : INFO             Network_User:    Train:    Allocated 0.0 GB Cached 0.6 GB
root        : INFO     

--------------------------
root        : INFO             Network_User:            Dataset lara_3s network cnn_transformer lr 0.001 lr_optimizer 0.001 Reshape False 
root        : INFO             Network_User:    Train:    epoch 0/15 batch 156/532 itera 157 elapsed time 0.12695598602294922 best itera 0
root        : INFO             Network_User:    Train:    loss 0.37295636534690857
root        : INFO             Network_User:    Train:    acc 0.55, f1_weighted 0.39032259583473206, f1_mean 0.10138249397277832
root        : INFO             Network_User:    Train:    Allocated 0.0 GB Cached 0.6 GB
root        : INFO     

--------------------------
root        : INFO             Network_User:            Dataset lara_3s network cnn_transformer lr 0.001 lr_optimizer 0.001 Reshape False 
root        : INFO             Network_User:    Train:    epoch 0/15 batch 182/532 itera 183 elapsed time 0.10161209106445312 best itera 0
root        : INFO             Network_User:    Train:    loss 0.3538789749145508
root        : INFO             Network_User:    Train:    acc 0.59, f1_weighted 0.4378616213798523, f1_mean 0.1060197725892067
root        : INFO             Network_User:    Train:    Allocated 0.0 GB Cached 0.6 GB
root        : INFO     

--------------------------
root        : INFO             Network_User:            Dataset lara_3s network cnn_transformer lr 0.001 lr_optimizer 0.001 Reshape False 
root        : INFO             Network_User:    Train:    epoch 0/15 batch 208/532 itera 209 elapsed time 0.10057330131530762 best itera 0
root        : INFO             Network_User:    Train:    loss 0.3519574999809265
root        : INFO             Network_User:    Train:    acc 0.62, f1_weighted 0.4745679199695587, f1_mean 0.10934744775295258
root        : INFO             Network_User:    Train:    Allocated 0.0 GB Cached 0.6 GB
root        : INFO     

--------------------------
root        : INFO             Network_User:            Dataset lara_3s network cnn_transformer lr 0.001 lr_optimizer 0.001 Reshape False 
root        : INFO             Network_User:    Train:    epoch 0/15 batch 234/532 itera 235 elapsed time 0.10080552101135254 best itera 0
root        : INFO             Network_User:    Train:    loss 0.3566034734249115
root        : INFO             Network_User:    Train:    acc 0.58, f1_weighted 0.42582279443740845, f1_mean 0.10488246381282806
root        : INFO             Network_User:    Train:    Allocated 0.0 GB Cached 0.6 GB
root        : INFO     

--------------------------
root        : INFO             Network_User:            Dataset lara_3s network cnn_transformer lr 0.001 lr_optimizer 0.001 Reshape False 
root        : INFO             Network_User:    Train:    epoch 0/15 batch 260/532 itera 261 elapsed time 0.10874414443969727 best itera 0
root        : INFO             Network_User:    Train:    loss 0.33244550228118896
root        : INFO             Network_User:    Train:    acc 0.61, f1_weighted 0.46223604679107666, f1_mean 0.10825199633836746
root        : INFO             Network_User:    Train:    Allocated 0.0 GB Cached 0.6 GB
root        : INFO     

--------------------------
root        : INFO             Network_User:            Dataset lara_3s network cnn_transformer lr 0.001 lr_optimizer 0.001 Reshape False 
root        : INFO             Network_User:    Train:    epoch 0/15 batch 286/532 itera 287 elapsed time 0.09793782234191895 best itera 0
root        : INFO             Network_User:    Train:    loss 0.37127354741096497
root        : INFO             Network_User:    Train:    acc 0.55, f1_weighted 0.39032259583473206, f1_mean 0.10138249397277832
root        : INFO             Network_User:    Train:    Allocated 0.0 GB Cached 0.6 GB
root        : INFO     

--------------------------
root        : INFO             Network_User:            Dataset lara_3s network cnn_transformer lr 0.001 lr_optimizer 0.001 Reshape False 
root        : INFO             Network_User:    Train:    epoch 0/15 batch 312/532 itera 313 elapsed time 0.10826778411865234 best itera 0
root        : INFO             Network_User:    Train:    loss 0.3267814517021179
root        : INFO             Network_User:    Train:    acc 0.64, f1_weighted 0.4995121657848358, f1_mean 0.11149825155735016
root        : INFO             Network_User:    Train:    Allocated 0.0 GB Cached 0.6 GB
root        : INFO     

--------------------------
root        : INFO             Network_User:            Dataset lara_3s network cnn_transformer lr 0.001 lr_optimizer 0.001 Reshape False 
root        : INFO             Network_User:    Train:    epoch 0/15 batch 338/532 itera 339 elapsed time 0.10068988800048828 best itera 0
root        : INFO             Network_User:    Train:    loss 0.3220757246017456
root        : INFO             Network_User:    Train:    acc 0.6, f1_weighted 0.45000001788139343, f1_mean 0.1071428582072258
root        : INFO             Network_User:    Train:    Allocated 0.0 GB Cached 0.6 GB
root        : INFO     

--------------------------
root        : INFO             Network_User:            Dataset lara_3s network cnn_transformer lr 0.001 lr_optimizer 0.001 Reshape False 
root        : INFO             Network_User:    Train:    epoch 0/15 batch 364/532 itera 365 elapsed time 0.10111665725708008 best itera 0
root        : INFO             Network_User:    Train:    loss 0.2623017430305481
root        : INFO             Network_User:    Train:    acc 0.7, f1_weighted 0.5903614163398743, f1_mean 0.12048192322254181
root        : INFO             Network_User:    Train:    Allocated 0.0 GB Cached 0.6 GB
root        : INFO     

--------------------------
root        : INFO             Network_User:            Dataset lara_3s network cnn_transformer lr 0.001 lr_optimizer 0.001 Reshape False 
root        : INFO             Network_User:    Train:    epoch 0/15 batch 390/532 itera 391 elapsed time 0.10082697868347168 best itera 0
root        : INFO             Network_User:    Train:    loss 0.36586034297943115
root        : INFO             Network_User:    Train:    acc 0.53, f1_weighted 0.3930753767490387, f1_mean 0.1482391506433487
root        : INFO             Network_User:    Train:    Allocated 0.0 GB Cached 0.6 GB
root        : INFO     

--------------------------
root        : INFO             Network_User:            Dataset lara_3s network cnn_transformer lr 0.001 lr_optimizer 0.001 Reshape False 
root        : INFO             Network_User:    Train:    epoch 0/15 batch 416/532 itera 417 elapsed time 0.10050010681152344 best itera 0
root        : INFO             Network_User:    Train:    loss 0.28760695457458496
root        : INFO             Network_User:    Train:    acc 0.62, f1_weighted 0.4891136586666107, f1_mean 0.13490259647369385
root        : INFO             Network_User:    Train:    Allocated 0.0 GB Cached 0.6 GB
root        : INFO     

--------------------------
root        : INFO             Network_User:            Dataset lara_3s network cnn_transformer lr 0.001 lr_optimizer 0.001 Reshape False 
root        : INFO             Network_User:    Train:    epoch 0/15 batch 442/532 itera 443 elapsed time 0.1139223575592041 best itera 0
root        : INFO             Network_User:    Train:    loss 0.30413201451301575
root        : INFO             Network_User:    Train:    acc 0.61, f1_weighted 0.47163403034210205, f1_mean 0.1736694723367691
root        : INFO             Network_User:    Train:    Allocated 0.0 GB Cached 0.6 GB
root        : INFO     

--------------------------
root        : INFO             Network_User:            Dataset lara_3s network cnn_transformer lr 0.001 lr_optimizer 0.001 Reshape False 
root        : INFO             Network_User:    Train:    epoch 0/15 batch 468/532 itera 469 elapsed time 0.10089635848999023 best itera 0
root        : INFO             Network_User:    Train:    loss 0.3225890100002289
root        : INFO             Network_User:    Train:    acc 0.61, f1_weighted 0.47688308358192444, f1_mean 0.1790352612733841
root        : INFO             Network_User:    Train:    Allocated 0.0 GB Cached 0.6 GB
root        : INFO     

--------------------------
root        : INFO             Network_User:            Dataset lara_3s network cnn_transformer lr 0.001 lr_optimizer 0.001 Reshape False 
root        : INFO             Network_User:    Train:    epoch 0/15 batch 494/532 itera 495 elapsed time 0.10115814208984375 best itera 0
root        : INFO             Network_User:    Train:    loss 0.27173179388046265
root        : INFO             Network_User:    Train:    acc 0.64, f1_weighted 0.5124561786651611, f1_mean 0.20614035427570343
root        : INFO             Network_User:    Train:    Allocated 0.0 GB Cached 0.6 GB
root        : INFO     

--------------------------
root        : INFO             Network_User:            Dataset lara_3s network cnn_transformer lr 0.001 lr_optimizer 0.001 Reshape False 
root        : INFO             Network_User:    Train:    epoch 0/15 batch 520/532 itera 521 elapsed time 0.10446023941040039 best itera 0
root        : INFO             Network_User:    Train:    loss 0.2922712564468384
root        : INFO             Network_User:    Train:    acc 0.61, f1_weighted 0.4727059006690979, f1_mean 0.2207282930612564
root        : INFO             Network_User:    Train:    Allocated 0.0 GB Cached 0.6 GB
root        : INFO     

--------------------------
root        : INFO     

root        : INFO             Network_User:        Validating
root        : INFO                 Metrics: Constructor
root        : INFO     

root        : INFO             Network_User:        Validating:    epoch 0 batch 531 itera 532 elapsed time 9.05633282661438, best itera 0
root        : INFO             Network_User:        Validating:    acc 0.5314535670453473, f1_weighted 0.39242610335350037, f1_mean 0.1577097326517105
root        : INFO             Network_User:            Saving the network
root        : INFO     
        Network_User:    Train:    Training epoch 1
root        : INFO             Network_User:            Dataset lara_3s network cnn_transformer lr 0.001 lr_optimizer 0.001 Reshape False 
root        : INFO             Network_User:    Train:    epoch 1/15 batch 0/532 itera 533 elapsed time 0.10530710220336914 best itera 532
root        : INFO             Network_User:    Train:    loss 0.26835939288139343
root        : INFO             Network_User:    Train:    acc 0.68, f1_weighted 0.5558456182479858, f1_mean 0.22145363688468933
root        : INFO             Network_User:    Train:    Allocated 0.0 GB Cached 0.6 GB
root        : INFO     

--------------------------
root        : INFO             Network_User:            Dataset lara_3s network cnn_transformer lr 0.001 lr_optimizer 0.001 Reshape False 
root        : INFO             Network_User:    Train:    epoch 1/15 batch 26/532 itera 559 elapsed time 0.10075736045837402 best itera 532
root        : INFO             Network_User:    Train:    loss 0.2368660420179367
root        : INFO             Network_User:    Train:    acc 0.65, f1_weighted 0.5515376329421997, f1_mean 0.1740625947713852
root        : INFO             Network_User:    Train:    Allocated 0.0 GB Cached 0.6 GB
root        : INFO     

--------------------------
root        : INFO             Network_User:            Dataset lara_3s network cnn_transformer lr 0.001 lr_optimizer 0.001 Reshape False 
root        : INFO             Network_User:    Train:    epoch 1/15 batch 52/532 itera 585 elapsed time 0.1006622314453125 best itera 532
root        : INFO             Network_User:    Train:    loss 0.2857283353805542
root        : INFO             Network_User:    Train:    acc 0.59, f1_weighted 0.491510808467865, f1_mean 0.22117163240909576
root        : INFO             Network_User:    Train:    Allocated 0.0 GB Cached 0.6 GB
root        : INFO     

--------------------------
root        : INFO             Network_User:            Dataset lara_3s network cnn_transformer lr 0.001 lr_optimizer 0.001 Reshape False 
root        : INFO             Network_User:    Train:    epoch 1/15 batch 78/532 itera 611 elapsed time 0.1007089614868164 best itera 532
root        : INFO             Network_User:    Train:    loss 0.2671887278556824
root        : INFO             Network_User:    Train:    acc 0.68, f1_weighted 0.6049333214759827, f1_mean 0.23523809015750885
root        : INFO             Network_User:    Train:    Allocated 0.0 GB Cached 0.6 GB
root        : INFO     

--------------------------
root        : INFO             Network_User:            Dataset lara_3s network cnn_transformer lr 0.001 lr_optimizer 0.001 Reshape False 
root        : INFO             Network_User:    Train:    epoch 1/15 batch 104/532 itera 637 elapsed time 0.10073375701904297 best itera 532
root        : INFO             Network_User:    Train:    loss 0.28925666213035583
root        : INFO             Network_User:    Train:    acc 0.61, f1_weighted 0.5046092867851257, f1_mean 0.16688741743564606
root        : INFO             Network_User:    Train:    Allocated 0.0 GB Cached 0.6 GB
root        : INFO     

--------------------------
root        : INFO             Network_User:            Dataset lara_3s network cnn_transformer lr 0.001 lr_optimizer 0.001 Reshape False 
root        : INFO             Network_User:    Train:    epoch 1/15 batch 130/532 itera 663 elapsed time 0.10070419311523438 best itera 532
root        : INFO             Network_User:    Train:    loss 0.262395441532135
root        : INFO             Network_User:    Train:    acc 0.66, f1_weighted 0.5825471878051758, f1_mean 0.2645709216594696
root        : INFO             Network_User:    Train:    Allocated 0.0 GB Cached 0.6 GB
root        : INFO     

--------------------------
root        : INFO             Network_User:            Dataset lara_3s network cnn_transformer lr 0.001 lr_optimizer 0.001 Reshape False 
root        : INFO             Network_User:    Train:    epoch 1/15 batch 156/532 itera 689 elapsed time 0.09783434867858887 best itera 532
root        : INFO             Network_User:    Train:    loss 0.2665947377681732
root        : INFO             Network_User:    Train:    acc 0.64, f1_weighted 0.5434080958366394, f1_mean 0.304825097322464
root        : INFO             Network_User:    Train:    Allocated 0.0 GB Cached 0.6 GB
root        : INFO     

--------------------------
root        : INFO             Network_User:            Dataset lara_3s network cnn_transformer lr 0.001 lr_optimizer 0.001 Reshape False 
root        : INFO             Network_User:    Train:    epoch 1/15 batch 182/532 itera 715 elapsed time 0.09798979759216309 best itera 532
root        : INFO             Network_User:    Train:    loss 0.17702457308769226
root        : INFO             Network_User:    Train:    acc 0.82, f1_weighted 0.7590720653533936, f1_mean 0.36010077595710754
root        : INFO             Network_User:    Train:    Allocated 0.0 GB Cached 0.6 GB
root        : INFO     

--------------------------
root        : INFO             Network_User:            Dataset lara_3s network cnn_transformer lr 0.001 lr_optimizer 0.001 Reshape False 
root        : INFO             Network_User:    Train:    epoch 1/15 batch 208/532 itera 741 elapsed time 0.10692381858825684 best itera 532
root        : INFO             Network_User:    Train:    loss 0.24074792861938477
root        : INFO             Network_User:    Train:    acc 0.73, f1_weighted 0.6565333604812622, f1_mean 0.27746033668518066
root        : INFO             Network_User:    Train:    Allocated 0.0 GB Cached 0.6 GB
root        : INFO     

--------------------------
root        : INFO             Network_User:            Dataset lara_3s network cnn_transformer lr 0.001 lr_optimizer 0.001 Reshape False 
root        : INFO             Network_User:    Train:    epoch 1/15 batch 234/532 itera 767 elapsed time 0.09790992736816406 best itera 532
root        : INFO             Network_User:    Train:    loss 0.22434061765670776
root        : INFO             Network_User:    Train:    acc 0.72, f1_weighted 0.6484086513519287, f1_mean 0.26180949807167053
root        : INFO             Network_User:    Train:    Allocated 0.0 GB Cached 0.6 GB
root        : INFO     

--------------------------
root        : INFO             Network_User:            Dataset lara_3s network cnn_transformer lr 0.001 lr_optimizer 0.001 Reshape False 
root        : INFO             Network_User:    Train:    epoch 1/15 batch 260/532 itera 793 elapsed time 0.0979306697845459 best itera 532
root        : INFO             Network_User:    Train:    loss 0.2410760372877121
root        : INFO             Network_User:    Train:    acc 0.7, f1_weighted 0.6158151626586914, f1_mean 0.2768307328224182
root        : INFO             Network_User:    Train:    Allocated 0.0 GB Cached 0.6 GB
root        : INFO     

--------------------------
root        : INFO             Network_User:            Dataset lara_3s network cnn_transformer lr 0.001 lr_optimizer 0.001 Reshape False 
root        : INFO             Network_User:    Train:    epoch 1/15 batch 286/532 itera 819 elapsed time 0.10043501853942871 best itera 532
root        : INFO             Network_User:    Train:    loss 0.27633389830589294
root        : INFO             Network_User:    Train:    acc 0.63, f1_weighted 0.5252519845962524, f1_mean 0.2886205017566681
root        : INFO             Network_User:    Train:    Allocated 0.0 GB Cached 0.6 GB
root        : INFO     

--------------------------
root        : INFO             Network_User:            Dataset lara_3s network cnn_transformer lr 0.001 lr_optimizer 0.001 Reshape False 
root        : INFO             Network_User:    Train:    epoch 1/15 batch 312/532 itera 845 elapsed time 0.10811138153076172 best itera 532
root        : INFO             Network_User:    Train:    loss 0.23463261127471924
root        : INFO             Network_User:    Train:    acc 0.7, f1_weighted 0.6300621032714844, f1_mean 0.32815736532211304
root        : INFO             Network_User:    Train:    Allocated 0.0 GB Cached 0.6 GB
root        : INFO     

--------------------------
root        : INFO             Network_User:            Dataset lara_3s network cnn_transformer lr 0.001 lr_optimizer 0.001 Reshape False 
root        : INFO             Network_User:    Train:    epoch 1/15 batch 338/532 itera 871 elapsed time 0.10156989097595215 best itera 532
root        : INFO             Network_User:    Train:    loss 0.2773289382457733
root        : INFO             Network_User:    Train:    acc 0.63, f1_weighted 0.5230882167816162, f1_mean 0.30228757858276367
root        : INFO             Network_User:    Train:    Allocated 0.0 GB Cached 0.6 GB
root        : INFO     

--------------------------
root        : INFO             Network_User:            Dataset lara_3s network cnn_transformer lr 0.001 lr_optimizer 0.001 Reshape False 
root        : INFO             Network_User:    Train:    epoch 1/15 batch 364/532 itera 897 elapsed time 0.10968780517578125 best itera 532
root        : INFO             Network_User:    Train:    loss 0.24921855330467224
root        : INFO             Network_User:    Train:    acc 0.67, f1_weighted 0.5923840403556824, f1_mean 0.2668766677379608
root        : INFO             Network_User:    Train:    Allocated 0.0 GB Cached 0.6 GB
root        : INFO     

--------------------------
root        : INFO             Network_User:            Dataset lara_3s network cnn_transformer lr 0.001 lr_optimizer 0.001 Reshape False 
root        : INFO             Network_User:    Train:    epoch 1/15 batch 390/532 itera 923 elapsed time 0.10169124603271484 best itera 532
root        : INFO             Network_User:    Train:    loss 0.24395351111888885
root        : INFO             Network_User:    Train:    acc 0.7, f1_weighted 0.6238309741020203, f1_mean 0.290140837430954
root        : INFO             Network_User:    Train:    Allocated 0.0 GB Cached 0.6 GB
root        : INFO     

--------------------------
root        : INFO             Network_User:            Dataset lara_3s network cnn_transformer lr 0.001 lr_optimizer 0.001 Reshape False 
root        : INFO             Network_User:    Train:    epoch 1/15 batch 416/532 itera 949 elapsed time 0.1014399528503418 best itera 532
root        : INFO             Network_User:    Train:    loss 0.2663270831108093
root        : INFO             Network_User:    Train:    acc 0.61, f1_weighted 0.5132015943527222, f1_mean 0.27793461084365845
root        : INFO             Network_User:    Train:    Allocated 0.0 GB Cached 0.6 GB
root        : INFO     

--------------------------
root        : INFO             Network_User:            Dataset lara_3s network cnn_transformer lr 0.001 lr_optimizer 0.001 Reshape False 
root        : INFO             Network_User:    Train:    epoch 1/15 batch 442/532 itera 975 elapsed time 0.09812712669372559 best itera 532
root        : INFO             Network_User:    Train:    loss 0.2383306920528412
root        : INFO             Network_User:    Train:    acc 0.72, f1_weighted 0.6339382529258728, f1_mean 0.30596923828125
root        : INFO             Network_User:    Train:    Allocated 0.0 GB Cached 0.6 GB
root        : INFO     

--------------------------
root        : INFO             Network_User:            Dataset lara_3s network cnn_transformer lr 0.001 lr_optimizer 0.001 Reshape False 
root        : INFO             Network_User:    Train:    epoch 1/15 batch 468/532 itera 1001 elapsed time 0.09803485870361328 best itera 532
root        : INFO             Network_User:    Train:    loss 0.2191249430179596
root        : INFO             Network_User:    Train:    acc 0.72, f1_weighted 0.6381353139877319, f1_mean 0.33068543672561646
root        : INFO             Network_User:    Train:    Allocated 0.0 GB Cached 0.6 GB
root        : INFO     

--------------------------
root        : INFO             Network_User:            Dataset lara_3s network cnn_transformer lr 0.001 lr_optimizer 0.001 Reshape False 
root        : INFO             Network_User:    Train:    epoch 1/15 batch 494/532 itera 1027 elapsed time 0.10076427459716797 best itera 532
root        : INFO             Network_User:    Train:    loss 0.24155193567276
root        : INFO             Network_User:    Train:    acc 0.69, f1_weighted 0.5941787362098694, f1_mean 0.29538050293922424
root        : INFO             Network_User:    Train:    Allocated 0.0 GB Cached 0.6 GB
root        : INFO     

--------------------------
root        : INFO             Network_User:            Dataset lara_3s network cnn_transformer lr 0.001 lr_optimizer 0.001 Reshape False 
root        : INFO             Network_User:    Train:    epoch 1/15 batch 520/532 itera 1053 elapsed time 0.10143184661865234 best itera 532
root        : INFO             Network_User:    Train:    loss 0.22213926911354065
root        : INFO             Network_User:    Train:    acc 0.67, f1_weighted 0.6031287312507629, f1_mean 0.334632009267807
root        : INFO             Network_User:    Train:    Allocated 0.0 GB Cached 0.6 GB
root        : INFO     

--------------------------
root        : INFO     

root        : INFO             Network_User:        Validating
root        : INFO                 Metrics: Constructor
root        : INFO     

root        : INFO             Network_User:        Validating:    epoch 1 batch 531 itera 1064 elapsed time 9.3555269241333, best itera 532
root        : INFO             Network_User:        Validating:    acc 0.48686156654183843, f1_weighted 0.4215787947177887, f1_mean 0.2474626749753952
root        : INFO     
        Network_User:    Train:    Training epoch 2
root        : INFO             Network_User:            Dataset lara_3s network cnn_transformer lr 0.001 lr_optimizer 0.001 Reshape False 
root        : INFO             Network_User:    Train:    epoch 2/15 batch 0/532 itera 1065 elapsed time 0.10474276542663574 best itera 532
root        : INFO             Network_User:    Train:    loss 0.23264528810977936
root        : INFO             Network_User:    Train:    acc 0.72, f1_weighted 0.6598466038703918, f1_mean 0.38724708557128906
root        : INFO             Network_User:    Train:    Allocated 0.0 GB Cached 0.6 GB
root        : INFO     

--------------------------
root        : INFO             Network_User:            Dataset lara_3s network cnn_transformer lr 0.001 lr_optimizer 0.001 Reshape False 
root        : INFO             Network_User:    Train:    epoch 2/15 batch 26/532 itera 1091 elapsed time 0.10103034973144531 best itera 532
root        : INFO             Network_User:    Train:    loss 0.23313266038894653
root        : INFO             Network_User:    Train:    acc 0.66, f1_weighted 0.5708892941474915, f1_mean 0.2871468961238861
root        : INFO             Network_User:    Train:    Allocated 0.0 GB Cached 0.6 GB
root        : INFO     

--------------------------
root        : INFO             Network_User:            Dataset lara_3s network cnn_transformer lr 0.001 lr_optimizer 0.001 Reshape False 
root        : INFO             Network_User:    Train:    epoch 2/15 batch 52/532 itera 1117 elapsed time 0.10165786743164062 best itera 532
root        : INFO             Network_User:    Train:    loss 0.27968940138816833
root        : INFO             Network_User:    Train:    acc 0.62, f1_weighted 0.5210147500038147, f1_mean 0.29680973291397095
root        : INFO             Network_User:    Train:    Allocated 0.0 GB Cached 0.6 GB
root        : INFO     

--------------------------
root        : INFO             Network_User:            Dataset lara_3s network cnn_transformer lr 0.001 lr_optimizer 0.001 Reshape False 
root        : INFO             Network_User:    Train:    epoch 2/15 batch 78/532 itera 1143 elapsed time 0.11136698722839355 best itera 532
root        : INFO             Network_User:    Train:    loss 0.2386360615491867
root        : INFO             Network_User:    Train:    acc 0.7, f1_weighted 0.6224420666694641, f1_mean 0.34748977422714233
root        : INFO             Network_User:    Train:    Allocated 0.0 GB Cached 0.6 GB
root        : INFO     

--------------------------
root        : INFO             Network_User:            Dataset lara_3s network cnn_transformer lr 0.001 lr_optimizer 0.001 Reshape False 
root        : INFO             Network_User:    Train:    epoch 2/15 batch 104/532 itera 1169 elapsed time 0.10106158256530762 best itera 532
root        : INFO             Network_User:    Train:    loss 0.251574844121933
root        : INFO             Network_User:    Train:    acc 0.65, f1_weighted 0.5521596074104309, f1_mean 0.3207772672176361
root        : INFO             Network_User:    Train:    Allocated 0.0 GB Cached 0.6 GB
root        : INFO     

--------------------------
root        : INFO             Network_User:            Dataset lara_3s network cnn_transformer lr 0.001 lr_optimizer 0.001 Reshape False 
root        : INFO             Network_User:    Train:    epoch 2/15 batch 130/532 itera 1195 elapsed time 0.10244345664978027 best itera 532
root        : INFO             Network_User:    Train:    loss 0.17817631363868713
root        : INFO             Network_User:    Train:    acc 0.77, f1_weighted 0.7353431582450867, f1_mean 0.349439799785614
root        : INFO             Network_User:    Train:    Allocated 0.0 GB Cached 0.6 GB
root        : INFO     

--------------------------
root        : INFO             Network_User:            Dataset lara_3s network cnn_transformer lr 0.001 lr_optimizer 0.001 Reshape False 
root        : INFO             Network_User:    Train:    epoch 2/15 batch 156/532 itera 1221 elapsed time 0.10988450050354004 best itera 532
root        : INFO             Network_User:    Train:    loss 0.21401634812355042
root        : INFO             Network_User:    Train:    acc 0.67, f1_weighted 0.5967832207679749, f1_mean 0.28704628348350525
root        : INFO             Network_User:    Train:    Allocated 0.0 GB Cached 0.6 GB
root        : INFO     

--------------------------
root        : INFO             Network_User:            Dataset lara_3s network cnn_transformer lr 0.001 lr_optimizer 0.001 Reshape False 
root        : INFO             Network_User:    Train:    epoch 2/15 batch 182/532 itera 1247 elapsed time 0.10068106651306152 best itera 532
root        : INFO             Network_User:    Train:    loss 0.23447787761688232
root        : INFO             Network_User:    Train:    acc 0.66, f1_weighted 0.5973913669586182, f1_mean 0.33799171447753906
root        : INFO             Network_User:    Train:    Allocated 0.0 GB Cached 0.6 GB
root        : INFO     

--------------------------
root        : INFO             Network_User:            Dataset lara_3s network cnn_transformer lr 0.001 lr_optimizer 0.001 Reshape False 
root        : INFO             Network_User:    Train:    epoch 2/15 batch 208/532 itera 1273 elapsed time 0.11397504806518555 best itera 532
root        : INFO             Network_User:    Train:    loss 0.22938640415668488
root        : INFO             Network_User:    Train:    acc 0.66, f1_weighted 0.5665944814682007, f1_mean 0.26365697383880615
root        : INFO             Network_User:    Train:    Allocated 0.0 GB Cached 0.6 GB
root        : INFO     

--------------------------
root        : INFO             Network_User:            Dataset lara_3s network cnn_transformer lr 0.001 lr_optimizer 0.001 Reshape False 
root        : INFO             Network_User:    Train:    epoch 2/15 batch 234/532 itera 1299 elapsed time 0.1010591983795166 best itera 532
root        : INFO             Network_User:    Train:    loss 0.27777326107025146
root        : INFO             Network_User:    Train:    acc 0.63, f1_weighted 0.5621182918548584, f1_mean 0.32916924357414246
root        : INFO             Network_User:    Train:    Allocated 0.0 GB Cached 0.6 GB
root        : INFO     

--------------------------
root        : INFO             Network_User:            Dataset lara_3s network cnn_transformer lr 0.001 lr_optimizer 0.001 Reshape False 
root        : INFO             Network_User:    Train:    epoch 2/15 batch 260/532 itera 1325 elapsed time 0.1013648509979248 best itera 532
root        : INFO             Network_User:    Train:    loss 0.2140985131263733
root        : INFO             Network_User:    Train:    acc 0.7, f1_weighted 0.6338712573051453, f1_mean 0.3789673149585724
root        : INFO             Network_User:    Train:    Allocated 0.0 GB Cached 0.6 GB
root        : INFO     

--------------------------
root        : INFO             Network_User:            Dataset lara_3s network cnn_transformer lr 0.001 lr_optimizer 0.001 Reshape False 
root        : INFO             Network_User:    Train:    epoch 2/15 batch 286/532 itera 1351 elapsed time 0.1018218994140625 best itera 532
root        : INFO             Network_User:    Train:    loss 0.2372560352087021
root        : INFO             Network_User:    Train:    acc 0.69, f1_weighted 0.630670428276062, f1_mean 0.329301118850708
root        : INFO             Network_User:    Train:    Allocated 0.0 GB Cached 0.6 GB
root        : INFO     

--------------------------
root        : INFO             Network_User:            Dataset lara_3s network cnn_transformer lr 0.001 lr_optimizer 0.001 Reshape False 
root        : INFO             Network_User:    Train:    epoch 2/15 batch 312/532 itera 1377 elapsed time 0.10146498680114746 best itera 532
root        : INFO             Network_User:    Train:    loss 0.1947411596775055
root        : INFO             Network_User:    Train:    acc 0.75, f1_weighted 0.6986677050590515, f1_mean 0.4385504722595215
root        : INFO             Network_User:    Train:    Allocated 0.0 GB Cached 0.6 GB
root        : INFO     

--------------------------
root        : INFO             Network_User:            Dataset lara_3s network cnn_transformer lr 0.001 lr_optimizer 0.001 Reshape False 
root        : INFO             Network_User:    Train:    epoch 2/15 batch 338/532 itera 1403 elapsed time 0.13621735572814941 best itera 532
root        : INFO             Network_User:    Train:    loss 0.2516256868839264
root        : INFO             Network_User:    Train:    acc 0.69, f1_weighted 0.6150863766670227, f1_mean 0.33567580580711365
root        : INFO             Network_User:    Train:    Allocated 0.0 GB Cached 0.6 GB
root        : INFO     

--------------------------
root        : INFO             Network_User:            Dataset lara_3s network cnn_transformer lr 0.001 lr_optimizer 0.001 Reshape False 
root        : INFO             Network_User:    Train:    epoch 2/15 batch 364/532 itera 1429 elapsed time 0.10065793991088867 best itera 532
root        : INFO             Network_User:    Train:    loss 0.21654553711414337
root        : INFO             Network_User:    Train:    acc 0.72, f1_weighted 0.6880347728729248, f1_mean 0.3649541437625885
root        : INFO             Network_User:    Train:    Allocated 0.0 GB Cached 0.6 GB
root        : INFO     

--------------------------
root        : INFO             Network_User:            Dataset lara_3s network cnn_transformer lr 0.001 lr_optimizer 0.001 Reshape False 
root        : INFO             Network_User:    Train:    epoch 2/15 batch 390/532 itera 1455 elapsed time 0.10040736198425293 best itera 532
root        : INFO             Network_User:    Train:    loss 0.27497416734695435
root        : INFO             Network_User:    Train:    acc 0.66, f1_weighted 0.6193894147872925, f1_mean 0.3166046738624573
root        : INFO             Network_User:    Train:    Allocated 0.0 GB Cached 0.6 GB
root        : INFO     

--------------------------
root        : INFO             Network_User:            Dataset lara_3s network cnn_transformer lr 0.001 lr_optimizer 0.001 Reshape False 
root        : INFO             Network_User:    Train:    epoch 2/15 batch 416/532 itera 1481 elapsed time 0.10120201110839844 best itera 532
root        : INFO             Network_User:    Train:    loss 0.21328696608543396
root        : INFO             Network_User:    Train:    acc 0.74, f1_weighted 0.682507336139679, f1_mean 0.3880705237388611
root        : INFO             Network_User:    Train:    Allocated 0.0 GB Cached 0.6 GB
root        : INFO     

--------------------------
root        : INFO             Network_User:            Dataset lara_3s network cnn_transformer lr 0.001 lr_optimizer 0.001 Reshape False 
root        : INFO             Network_User:    Train:    epoch 2/15 batch 442/532 itera 1507 elapsed time 0.09791874885559082 best itera 532
root        : INFO             Network_User:    Train:    loss 0.21681682765483856
root        : INFO             Network_User:    Train:    acc 0.72, f1_weighted 0.6631937623023987, f1_mean 0.38437798619270325
root        : INFO             Network_User:    Train:    Allocated 0.0 GB Cached 0.6 GB
root        : INFO     

--------------------------
root        : INFO             Network_User:            Dataset lara_3s network cnn_transformer lr 0.001 lr_optimizer 0.001 Reshape False 
root        : INFO             Network_User:    Train:    epoch 2/15 batch 468/532 itera 1533 elapsed time 0.12917470932006836 best itera 532
root        : INFO             Network_User:    Train:    loss 0.2161862999200821
root        : INFO             Network_User:    Train:    acc 0.68, f1_weighted 0.6104536056518555, f1_mean 0.28357693552970886
root        : INFO             Network_User:    Train:    Allocated 0.0 GB Cached 0.6 GB
root        : INFO     

--------------------------
root        : INFO             Network_User:            Dataset lara_3s network cnn_transformer lr 0.001 lr_optimizer 0.001 Reshape False 
root        : INFO             Network_User:    Train:    epoch 2/15 batch 494/532 itera 1559 elapsed time 0.10108613967895508 best itera 532
root        : INFO             Network_User:    Train:    loss 0.22006458044052124
root        : INFO             Network_User:    Train:    acc 0.69, f1_weighted 0.643701434135437, f1_mean 0.4891645908355713
root        : INFO             Network_User:    Train:    Allocated 0.0 GB Cached 0.6 GB
root        : INFO     

--------------------------
root        : INFO             Network_User:            Dataset lara_3s network cnn_transformer lr 0.001 lr_optimizer 0.001 Reshape False 
root        : INFO             Network_User:    Train:    epoch 2/15 batch 520/532 itera 1585 elapsed time 0.10075068473815918 best itera 532
root        : INFO             Network_User:    Train:    loss 0.1859768033027649
root        : INFO             Network_User:    Train:    acc 0.71, f1_weighted 0.6607693433761597, f1_mean 0.4190579354763031
root        : INFO             Network_User:    Train:    Allocated 0.0 GB Cached 0.6 GB
root        : INFO     

--------------------------
root        : INFO     

root        : INFO             Network_User:        Validating
root        : INFO                 Metrics: Constructor
root        : INFO     

root        : INFO             Network_User:        Validating:    epoch 2 batch 531 itera 1596 elapsed time 8.999179601669312, best itera 532
root        : INFO             Network_User:        Validating:    acc 0.4904175976335085, f1_weighted 0.4321141242980957, f1_mean 0.27075162529945374
root        : INFO     
        Network_User:    Train:    Training epoch 3
root        : INFO             Network_User:            Dataset lara_3s network cnn_transformer lr 0.001 lr_optimizer 0.0005 Reshape False 
root        : INFO             Network_User:    Train:    epoch 3/15 batch 0/532 itera 1597 elapsed time 0.10303401947021484 best itera 532
root        : INFO             Network_User:    Train:    loss 0.22645191848278046
root        : INFO             Network_User:    Train:    acc 0.69, f1_weighted 0.6234565377235413, f1_mean 0.34689444303512573
root        : INFO             Network_User:    Train:    Allocated 0.0 GB Cached 0.6 GB
root        : INFO     

--------------------------
root        : INFO             Network_User:            Dataset lara_3s network cnn_transformer lr 0.001 lr_optimizer 0.0005 Reshape False 
root        : INFO             Network_User:    Train:    epoch 3/15 batch 26/532 itera 1623 elapsed time 0.10041260719299316 best itera 532
root        : INFO             Network_User:    Train:    loss 0.20919793844223022
root        : INFO             Network_User:    Train:    acc 0.71, f1_weighted 0.6704423427581787, f1_mean 0.4320449233055115
root        : INFO             Network_User:    Train:    Allocated 0.0 GB Cached 0.6 GB
root        : INFO     

--------------------------
root        : INFO             Network_User:            Dataset lara_3s network cnn_transformer lr 0.001 lr_optimizer 0.0005 Reshape False 
root        : INFO             Network_User:    Train:    epoch 3/15 batch 52/532 itera 1649 elapsed time 0.10034394264221191 best itera 532
root        : INFO             Network_User:    Train:    loss 0.20834460854530334
root        : INFO             Network_User:    Train:    acc 0.73, f1_weighted 0.6812219023704529, f1_mean 0.5109938383102417
root        : INFO             Network_User:    Train:    Allocated 0.0 GB Cached 0.6 GB
root        : INFO     

--------------------------
root        : INFO             Network_User:            Dataset lara_3s network cnn_transformer lr 0.001 lr_optimizer 0.0005 Reshape False 
root        : INFO             Network_User:    Train:    epoch 3/15 batch 78/532 itera 1675 elapsed time 0.10058259963989258 best itera 532
root        : INFO             Network_User:    Train:    loss 0.17779819667339325
root        : INFO             Network_User:    Train:    acc 0.75, f1_weighted 0.7195374965667725, f1_mean 0.37836021184921265
root        : INFO             Network_User:    Train:    Allocated 0.0 GB Cached 0.6 GB
root        : INFO     

--------------------------
root        : INFO             Network_User:            Dataset lara_3s network cnn_transformer lr 0.001 lr_optimizer 0.0005 Reshape False 
root        : INFO             Network_User:    Train:    epoch 3/15 batch 104/532 itera 1701 elapsed time 0.10079765319824219 best itera 532
root        : INFO             Network_User:    Train:    loss 0.23882772028446198
root        : INFO             Network_User:    Train:    acc 0.7, f1_weighted 0.659852921962738, f1_mean 0.45164379477500916
root        : INFO             Network_User:    Train:    Allocated 0.0 GB Cached 0.6 GB
root        : INFO     

--------------------------
root        : INFO             Network_User:            Dataset lara_3s network cnn_transformer lr 0.001 lr_optimizer 0.0005 Reshape False 
root        : INFO             Network_User:    Train:    epoch 3/15 batch 130/532 itera 1727 elapsed time 0.10041522979736328 best itera 532
root        : INFO             Network_User:    Train:    loss 0.20862418413162231
root        : INFO             Network_User:    Train:    acc 0.7, f1_weighted 0.6572740077972412, f1_mean 0.45633506774902344
root        : INFO             Network_User:    Train:    Allocated 0.0 GB Cached 0.6 GB
root        : INFO     

--------------------------
root        : INFO             Network_User:            Dataset lara_3s network cnn_transformer lr 0.001 lr_optimizer 0.0005 Reshape False 
root        : INFO             Network_User:    Train:    epoch 3/15 batch 156/532 itera 1753 elapsed time 0.10214591026306152 best itera 532
root        : INFO             Network_User:    Train:    loss 0.22385331988334656
root        : INFO             Network_User:    Train:    acc 0.71, f1_weighted 0.6671342849731445, f1_mean 0.455912321805954
root        : INFO             Network_User:    Train:    Allocated 0.0 GB Cached 0.6 GB
root        : INFO     

--------------------------
root        : INFO             Network_User:            Dataset lara_3s network cnn_transformer lr 0.001 lr_optimizer 0.0005 Reshape False 
root        : INFO             Network_User:    Train:    epoch 3/15 batch 182/532 itera 1779 elapsed time 0.10101985931396484 best itera 532
root        : INFO             Network_User:    Train:    loss 0.21087093651294708
root        : INFO             Network_User:    Train:    acc 0.72, f1_weighted 0.68012535572052, f1_mean 0.4481472074985504
root        : INFO             Network_User:    Train:    Allocated 0.0 GB Cached 0.6 GB
root        : INFO     

--------------------------
root        : INFO             Network_User:            Dataset lara_3s network cnn_transformer lr 0.001 lr_optimizer 0.0005 Reshape False 
root        : INFO             Network_User:    Train:    epoch 3/15 batch 208/532 itera 1805 elapsed time 0.10126161575317383 best itera 532
root        : INFO             Network_User:    Train:    loss 0.1744736135005951
root        : INFO             Network_User:    Train:    acc 0.74, f1_weighted 0.7104524970054626, f1_mean 0.3601474165916443
root        : INFO             Network_User:    Train:    Allocated 0.0 GB Cached 0.6 GB
root        : INFO     

--------------------------
root        : INFO             Network_User:            Dataset lara_3s network cnn_transformer lr 0.001 lr_optimizer 0.0005 Reshape False 
root        : INFO             Network_User:    Train:    epoch 3/15 batch 234/532 itera 1831 elapsed time 0.10078763961791992 best itera 532
root        : INFO             Network_User:    Train:    loss 0.2302750051021576
root        : INFO             Network_User:    Train:    acc 0.72, f1_weighted 0.683125376701355, f1_mean 0.3916727602481842
root        : INFO             Network_User:    Train:    Allocated 0.0 GB Cached 0.6 GB
root        : INFO     

--------------------------
root        : INFO             Network_User:            Dataset lara_3s network cnn_transformer lr 0.001 lr_optimizer 0.0005 Reshape False 
root        : INFO             Network_User:    Train:    epoch 3/15 batch 260/532 itera 1857 elapsed time 0.10070276260375977 best itera 532
root        : INFO             Network_User:    Train:    loss 0.22670124471187592
root        : INFO             Network_User:    Train:    acc 0.73, f1_weighted 0.6613560914993286, f1_mean 0.53834468126297
root        : INFO             Network_User:    Train:    Allocated 0.0 GB Cached 0.6 GB
root        : INFO     

--------------------------
root        : INFO             Network_User:            Dataset lara_3s network cnn_transformer lr 0.001 lr_optimizer 0.0005 Reshape False 
root        : INFO             Network_User:    Train:    epoch 3/15 batch 286/532 itera 1883 elapsed time 0.10188484191894531 best itera 532
root        : INFO             Network_User:    Train:    loss 0.2010805755853653
root        : INFO             Network_User:    Train:    acc 0.7, f1_weighted 0.6726539134979248, f1_mean 0.4596153795719147
root        : INFO             Network_User:    Train:    Allocated 0.0 GB Cached 0.6 GB
root        : INFO     

--------------------------
root        : INFO             Network_User:            Dataset lara_3s network cnn_transformer lr 0.001 lr_optimizer 0.0005 Reshape False 
root        : INFO             Network_User:    Train:    epoch 3/15 batch 312/532 itera 1909 elapsed time 0.10074162483215332 best itera 532
root        : INFO             Network_User:    Train:    loss 0.19722357392311096
root        : INFO             Network_User:    Train:    acc 0.75, f1_weighted 0.7032352089881897, f1_mean 0.5437700152397156
root        : INFO             Network_User:    Train:    Allocated 0.0 GB Cached 0.6 GB
root        : INFO     

--------------------------
root        : INFO             Network_User:            Dataset lara_3s network cnn_transformer lr 0.001 lr_optimizer 0.0005 Reshape False 
root        : INFO             Network_User:    Train:    epoch 3/15 batch 338/532 itera 1935 elapsed time 0.10149121284484863 best itera 532
root        : INFO             Network_User:    Train:    loss 0.1912749707698822
root        : INFO             Network_User:    Train:    acc 0.75, f1_weighted 0.7222669720649719, f1_mean 0.43364953994750977
root        : INFO             Network_User:    Train:    Allocated 0.0 GB Cached 0.6 GB
root        : INFO     

--------------------------
root        : INFO             Network_User:            Dataset lara_3s network cnn_transformer lr 0.001 lr_optimizer 0.0005 Reshape False 
root        : INFO             Network_User:    Train:    epoch 3/15 batch 364/532 itera 1961 elapsed time 0.09787750244140625 best itera 532
root        : INFO             Network_User:    Train:    loss 0.21336352825164795
root        : INFO             Network_User:    Train:    acc 0.68, f1_weighted 0.6135895252227783, f1_mean 0.3727348744869232
root        : INFO             Network_User:    Train:    Allocated 0.0 GB Cached 0.6 GB
root        : INFO     

--------------------------
root        : INFO             Network_User:            Dataset lara_3s network cnn_transformer lr 0.001 lr_optimizer 0.0005 Reshape False 
root        : INFO             Network_User:    Train:    epoch 3/15 batch 390/532 itera 1987 elapsed time 0.09795975685119629 best itera 532
root        : INFO             Network_User:    Train:    loss 0.1610761135816574
root        : INFO             Network_User:    Train:    acc 0.79, f1_weighted 0.7536180019378662, f1_mean 0.4362730383872986
root        : INFO             Network_User:    Train:    Allocated 0.0 GB Cached 0.6 GB
root        : INFO     

--------------------------
root        : INFO             Network_User:            Dataset lara_3s network cnn_transformer lr 0.001 lr_optimizer 0.0005 Reshape False 
root        : INFO             Network_User:    Train:    epoch 3/15 batch 416/532 itera 2013 elapsed time 0.10128593444824219 best itera 532
root        : INFO             Network_User:    Train:    loss 0.18248365819454193
root        : INFO             Network_User:    Train:    acc 0.78, f1_weighted 0.7470488548278809, f1_mean 0.5279540419578552
root        : INFO             Network_User:    Train:    Allocated 0.0 GB Cached 0.6 GB
root        : INFO     

--------------------------
root        : INFO             Network_User:            Dataset lara_3s network cnn_transformer lr 0.001 lr_optimizer 0.0005 Reshape False 
root        : INFO             Network_User:    Train:    epoch 3/15 batch 442/532 itera 2039 elapsed time 0.10092353820800781 best itera 532
root        : INFO             Network_User:    Train:    loss 0.17805536091327667
root        : INFO             Network_User:    Train:    acc 0.78, f1_weighted 0.7492890357971191, f1_mean 0.5795871019363403
root        : INFO             Network_User:    Train:    Allocated 0.0 GB Cached 0.6 GB
root        : INFO     

--------------------------
root        : INFO             Network_User:            Dataset lara_3s network cnn_transformer lr 0.001 lr_optimizer 0.0005 Reshape False 
root        : INFO             Network_User:    Train:    epoch 3/15 batch 468/532 itera 2065 elapsed time 0.10086870193481445 best itera 532
root        : INFO             Network_User:    Train:    loss 0.2328711450099945
root        : INFO             Network_User:    Train:    acc 0.72, f1_weighted 0.6787770390510559, f1_mean 0.48328858613967896
root        : INFO             Network_User:    Train:    Allocated 0.0 GB Cached 0.6 GB
root        : INFO     

--------------------------
root        : INFO             Network_User:            Dataset lara_3s network cnn_transformer lr 0.001 lr_optimizer 0.0005 Reshape False 
root        : INFO             Network_User:    Train:    epoch 3/15 batch 494/532 itera 2091 elapsed time 0.09799909591674805 best itera 532
root        : INFO             Network_User:    Train:    loss 0.24226801097393036
root        : INFO             Network_User:    Train:    acc 0.68, f1_weighted 0.6458743810653687, f1_mean 0.5056675672531128
root        : INFO             Network_User:    Train:    Allocated 0.0 GB Cached 0.6 GB
root        : INFO     

--------------------------
root        : INFO             Network_User:            Dataset lara_3s network cnn_transformer lr 0.001 lr_optimizer 0.0005 Reshape False 
root        : INFO             Network_User:    Train:    epoch 3/15 batch 520/532 itera 2117 elapsed time 0.09785223007202148 best itera 532
root        : INFO             Network_User:    Train:    loss 0.20214708149433136
root        : INFO             Network_User:    Train:    acc 0.69, f1_weighted 0.6374572515487671, f1_mean 0.4285723865032196
root        : INFO             Network_User:    Train:    Allocated 0.0 GB Cached 0.6 GB
root        : INFO     

--------------------------
root        : INFO     

root        : INFO             Network_User:        Validating
root        : INFO                 Metrics: Constructor
root        : INFO     

root        : INFO             Network_User:        Validating:    epoch 3 batch 531 itera 2128 elapsed time 9.181403636932373, best itera 532
root        : INFO             Network_User:        Validating:    acc 0.4992919407118356, f1_weighted 0.45796501636505127, f1_mean 0.31649261713027954
root        : INFO     
        Network_User:    Train:    Training epoch 4
root        : INFO             Network_User:            Dataset lara_3s network cnn_transformer lr 0.001 lr_optimizer 0.0005 Reshape False 
root        : INFO             Network_User:    Train:    epoch 4/15 batch 0/532 itera 2129 elapsed time 0.12932181358337402 best itera 532
root        : INFO             Network_User:    Train:    loss 0.22251741588115692
root        : INFO             Network_User:    Train:    acc 0.69, f1_weighted 0.6614753603935242, f1_mean 0.528249204158783
root        : INFO             Network_User:    Train:    Allocated 0.0 GB Cached 0.6 GB
root        : INFO     

--------------------------
root        : INFO             Network_User:            Dataset lara_3s network cnn_transformer lr 0.001 lr_optimizer 0.0005 Reshape False 
root        : INFO             Network_User:    Train:    epoch 4/15 batch 26/532 itera 2155 elapsed time 0.10923504829406738 best itera 532
root        : INFO             Network_User:    Train:    loss 0.21599647402763367
root        : INFO             Network_User:    Train:    acc 0.7, f1_weighted 0.647222101688385, f1_mean 0.4974130094051361
root        : INFO             Network_User:    Train:    Allocated 0.0 GB Cached 0.6 GB
root        : INFO     

--------------------------
root        : INFO             Network_User:            Dataset lara_3s network cnn_transformer lr 0.001 lr_optimizer 0.0005 Reshape False 
root        : INFO             Network_User:    Train:    epoch 4/15 batch 52/532 itera 2181 elapsed time 0.10666227340698242 best itera 532
root        : INFO             Network_User:    Train:    loss 0.1886768490076065
root        : INFO             Network_User:    Train:    acc 0.73, f1_weighted 0.6975385546684265, f1_mean 0.4743976593017578
root        : INFO             Network_User:    Train:    Allocated 0.0 GB Cached 0.6 GB
root        : INFO     

--------------------------
root        : INFO             Network_User:            Dataset lara_3s network cnn_transformer lr 0.001 lr_optimizer 0.0005 Reshape False 
root        : INFO             Network_User:    Train:    epoch 4/15 batch 78/532 itera 2207 elapsed time 0.10741162300109863 best itera 532
root        : INFO             Network_User:    Train:    loss 0.1940763294696808
root        : INFO             Network_User:    Train:    acc 0.77, f1_weighted 0.7032426595687866, f1_mean 0.5980919599533081
root        : INFO             Network_User:    Train:    Allocated 0.0 GB Cached 0.6 GB
root        : INFO     

--------------------------
root        : INFO             Network_User:            Dataset lara_3s network cnn_transformer lr 0.001 lr_optimizer 0.0005 Reshape False 
root        : INFO             Network_User:    Train:    epoch 4/15 batch 104/532 itera 2233 elapsed time 0.10031485557556152 best itera 532
root        : INFO             Network_User:    Train:    loss 0.23957820236682892
root        : INFO             Network_User:    Train:    acc 0.69, f1_weighted 0.648384690284729, f1_mean 0.46928292512893677
root        : INFO             Network_User:    Train:    Allocated 0.0 GB Cached 0.6 GB
root        : INFO     

--------------------------
root        : INFO             Network_User:            Dataset lara_3s network cnn_transformer lr 0.001 lr_optimizer 0.0005 Reshape False 
root        : INFO             Network_User:    Train:    epoch 4/15 batch 130/532 itera 2259 elapsed time 0.10078167915344238 best itera 532
root        : INFO             Network_User:    Train:    loss 0.23536647856235504
root        : INFO             Network_User:    Train:    acc 0.69, f1_weighted 0.6547434329986572, f1_mean 0.5022780299186707
root        : INFO             Network_User:    Train:    Allocated 0.0 GB Cached 0.6 GB
root        : INFO     

--------------------------
root        : INFO             Network_User:            Dataset lara_3s network cnn_transformer lr 0.001 lr_optimizer 0.0005 Reshape False 
root        : INFO             Network_User:    Train:    epoch 4/15 batch 156/532 itera 2285 elapsed time 0.09783935546875 best itera 532
root        : INFO             Network_User:    Train:    loss 0.1829604208469391
root        : INFO             Network_User:    Train:    acc 0.73, f1_weighted 0.6938396096229553, f1_mean 0.4819907248020172
root        : INFO             Network_User:    Train:    Allocated 0.0 GB Cached 0.6 GB
root        : INFO     

--------------------------
root        : INFO             Network_User:            Dataset lara_3s network cnn_transformer lr 0.001 lr_optimizer 0.0005 Reshape False 
root        : INFO             Network_User:    Train:    epoch 4/15 batch 182/532 itera 2311 elapsed time 0.1007986068725586 best itera 532
root        : INFO             Network_User:    Train:    loss 0.14879094064235687
root        : INFO             Network_User:    Train:    acc 0.82, f1_weighted 0.8132534027099609, f1_mean 0.5290282368659973
root        : INFO             Network_User:    Train:    Allocated 0.0 GB Cached 0.6 GB
root        : INFO     

--------------------------
root        : INFO             Network_User:            Dataset lara_3s network cnn_transformer lr 0.001 lr_optimizer 0.0005 Reshape False 
root        : INFO             Network_User:    Train:    epoch 4/15 batch 208/532 itera 2337 elapsed time 0.1004798412322998 best itera 532
root        : INFO             Network_User:    Train:    loss 0.1565467268228531
root        : INFO             Network_User:    Train:    acc 0.76, f1_weighted 0.7253637909889221, f1_mean 0.5156117081642151
root        : INFO             Network_User:    Train:    Allocated 0.0 GB Cached 0.6 GB
root        : INFO     

--------------------------
root        : INFO             Network_User:            Dataset lara_3s network cnn_transformer lr 0.001 lr_optimizer 0.0005 Reshape False 
root        : INFO             Network_User:    Train:    epoch 4/15 batch 234/532 itera 2363 elapsed time 0.10120677947998047 best itera 532
root        : INFO             Network_User:    Train:    loss 0.22890061140060425
root        : INFO             Network_User:    Train:    acc 0.75, f1_weighted 0.7156111001968384, f1_mean 0.6020565629005432
root        : INFO             Network_User:    Train:    Allocated 0.0 GB Cached 0.6 GB
root        : INFO     

--------------------------
root        : INFO             Network_User:            Dataset lara_3s network cnn_transformer lr 0.001 lr_optimizer 0.0005 Reshape False 
root        : INFO             Network_User:    Train:    epoch 4/15 batch 260/532 itera 2389 elapsed time 0.10153365135192871 best itera 532
root        : INFO             Network_User:    Train:    loss 0.22549940645694733
root        : INFO             Network_User:    Train:    acc 0.68, f1_weighted 0.6276081800460815, f1_mean 0.42878809571266174
root        : INFO             Network_User:    Train:    Allocated 0.0 GB Cached 0.6 GB
root        : INFO     

--------------------------
root        : INFO             Network_User:            Dataset lara_3s network cnn_transformer lr 0.001 lr_optimizer 0.0005 Reshape False 
root        : INFO             Network_User:    Train:    epoch 4/15 batch 286/532 itera 2415 elapsed time 0.1017146110534668 best itera 532
root        : INFO             Network_User:    Train:    loss 0.22471824288368225
root        : INFO             Network_User:    Train:    acc 0.68, f1_weighted 0.6517113447189331, f1_mean 0.43763065338134766
root        : INFO             Network_User:    Train:    Allocated 0.0 GB Cached 0.6 GB
root        : INFO     

--------------------------
root        : INFO             Network_User:            Dataset lara_3s network cnn_transformer lr 0.001 lr_optimizer 0.0005 Reshape False 
root        : INFO             Network_User:    Train:    epoch 4/15 batch 312/532 itera 2441 elapsed time 0.10901761054992676 best itera 532
root        : INFO             Network_User:    Train:    loss 0.2381817251443863
root        : INFO             Network_User:    Train:    acc 0.67, f1_weighted 0.617445707321167, f1_mean 0.38710156083106995
root        : INFO             Network_User:    Train:    Allocated 0.0 GB Cached 0.6 GB
root        : INFO     

--------------------------
root        : INFO             Network_User:            Dataset lara_3s network cnn_transformer lr 0.001 lr_optimizer 0.0005 Reshape False 
root        : INFO             Network_User:    Train:    epoch 4/15 batch 338/532 itera 2467 elapsed time 0.10169792175292969 best itera 532
root        : INFO             Network_User:    Train:    loss 0.19076040387153625
root        : INFO             Network_User:    Train:    acc 0.77, f1_weighted 0.7391021251678467, f1_mean 0.5729060769081116
root        : INFO             Network_User:    Train:    Allocated 0.0 GB Cached 0.6 GB
root        : INFO     

--------------------------
root        : INFO             Network_User:            Dataset lara_3s network cnn_transformer lr 0.001 lr_optimizer 0.0005 Reshape False 
root        : INFO             Network_User:    Train:    epoch 4/15 batch 364/532 itera 2493 elapsed time 0.1013338565826416 best itera 532
root        : INFO             Network_User:    Train:    loss 0.2307315468788147
root        : INFO             Network_User:    Train:    acc 0.72, f1_weighted 0.6758424639701843, f1_mean 0.5625588893890381
root        : INFO             Network_User:    Train:    Allocated 0.0 GB Cached 0.6 GB
root        : INFO     

--------------------------
root        : INFO             Network_User:            Dataset lara_3s network cnn_transformer lr 0.001 lr_optimizer 0.0005 Reshape False 
root        : INFO             Network_User:    Train:    epoch 4/15 batch 390/532 itera 2519 elapsed time 0.09813094139099121 best itera 532
root        : INFO             Network_User:    Train:    loss 0.20789915323257446
root        : INFO             Network_User:    Train:    acc 0.72, f1_weighted 0.6883447766304016, f1_mean 0.5735634565353394
root        : INFO             Network_User:    Train:    Allocated 0.0 GB Cached 0.6 GB
root        : INFO     

--------------------------
root        : INFO             Network_User:            Dataset lara_3s network cnn_transformer lr 0.001 lr_optimizer 0.0005 Reshape False 
root        : INFO             Network_User:    Train:    epoch 4/15 batch 416/532 itera 2545 elapsed time 0.10113382339477539 best itera 532
root        : INFO             Network_User:    Train:    loss 0.2129911482334137
root        : INFO             Network_User:    Train:    acc 0.74, f1_weighted 0.7131667137145996, f1_mean 0.5032544732093811
root        : INFO             Network_User:    Train:    Allocated 0.0 GB Cached 0.6 GB
root        : INFO     

--------------------------
root        : INFO             Network_User:            Dataset lara_3s network cnn_transformer lr 0.001 lr_optimizer 0.0005 Reshape False 
root        : INFO             Network_User:    Train:    epoch 4/15 batch 442/532 itera 2571 elapsed time 0.10114145278930664 best itera 532
root        : INFO             Network_User:    Train:    loss 0.20858117938041687
root        : INFO             Network_User:    Train:    acc 0.75, f1_weighted 0.7238632440567017, f1_mean 0.4360087513923645
root        : INFO             Network_User:    Train:    Allocated 0.0 GB Cached 0.6 GB
root        : INFO     

--------------------------
root        : INFO             Network_User:            Dataset lara_3s network cnn_transformer lr 0.001 lr_optimizer 0.0005 Reshape False 
root        : INFO             Network_User:    Train:    epoch 4/15 batch 468/532 itera 2597 elapsed time 0.1004323959350586 best itera 532
root        : INFO             Network_User:    Train:    loss 0.21059514582157135
root        : INFO             Network_User:    Train:    acc 0.68, f1_weighted 0.6261429190635681, f1_mean 0.475850373506546
root        : INFO             Network_User:    Train:    Allocated 0.0 GB Cached 0.6 GB
root        : INFO     

--------------------------
root        : INFO             Network_User:            Dataset lara_3s network cnn_transformer lr 0.001 lr_optimizer 0.0005 Reshape False 
root        : INFO             Network_User:    Train:    epoch 4/15 batch 494/532 itera 2623 elapsed time 0.10110878944396973 best itera 532
root        : INFO             Network_User:    Train:    loss 0.20744243264198303
root        : INFO             Network_User:    Train:    acc 0.74, f1_weighted 0.7052280902862549, f1_mean 0.4446115493774414
root        : INFO             Network_User:    Train:    Allocated 0.0 GB Cached 0.6 GB
root        : INFO     

--------------------------
root        : INFO             Network_User:            Dataset lara_3s network cnn_transformer lr 0.001 lr_optimizer 0.0005 Reshape False 
root        : INFO             Network_User:    Train:    epoch 4/15 batch 520/532 itera 2649 elapsed time 0.09779477119445801 best itera 532
root        : INFO             Network_User:    Train:    loss 0.18730339407920837
root        : INFO             Network_User:    Train:    acc 0.74, f1_weighted 0.6919634342193604, f1_mean 0.4765837490558624
root        : INFO             Network_User:    Train:    Allocated 0.0 GB Cached 0.6 GB
root        : INFO     

--------------------------
root        : INFO     

root        : INFO             Network_User:        Validating
root        : INFO                 Metrics: Constructor
root        : INFO     

root        : INFO             Network_User:        Validating:    epoch 4 batch 531 itera 2660 elapsed time 9.255190134048462, best itera 532
root        : INFO             Network_User:        Validating:    acc 0.4864524656197879, f1_weighted 0.42779740691185, f1_mean 0.2948864996433258
root        : INFO     
        Network_User:    Train:    Training epoch 5
root        : INFO             Network_User:            Dataset lara_3s network cnn_transformer lr 0.001 lr_optimizer 0.00025 Reshape False 
root        : INFO             Network_User:    Train:    epoch 5/15 batch 0/532 itera 2661 elapsed time 0.10280108451843262 best itera 532
root        : INFO             Network_User:    Train:    loss 0.19056499004364014
root        : INFO             Network_User:    Train:    acc 0.74, f1_weighted 0.6826173663139343, f1_mean 0.5271418690681458
root        : INFO             Network_User:    Train:    Allocated 0.0 GB Cached 0.6 GB
root        : INFO     

--------------------------
root        : INFO             Network_User:            Dataset lara_3s network cnn_transformer lr 0.001 lr_optimizer 0.00025 Reshape False 
root        : INFO             Network_User:    Train:    epoch 5/15 batch 26/532 itera 2687 elapsed time 0.0981745719909668 best itera 532
root        : INFO             Network_User:    Train:    loss 0.14120151102542877
root        : INFO             Network_User:    Train:    acc 0.82, f1_weighted 0.7979416847229004, f1_mean 0.5476638078689575
root        : INFO             Network_User:    Train:    Allocated 0.0 GB Cached 0.6 GB
root        : INFO     

--------------------------
root        : INFO             Network_User:            Dataset lara_3s network cnn_transformer lr 0.001 lr_optimizer 0.00025 Reshape False 
root        : INFO             Network_User:    Train:    epoch 5/15 batch 52/532 itera 2713 elapsed time 0.10102176666259766 best itera 532
root        : INFO             Network_User:    Train:    loss 0.1676976978778839
root        : INFO             Network_User:    Train:    acc 0.77, f1_weighted 0.7458295226097107, f1_mean 0.5601953268051147
root        : INFO             Network_User:    Train:    Allocated 0.0 GB Cached 0.6 GB
root        : INFO     

--------------------------
root        : INFO             Network_User:            Dataset lara_3s network cnn_transformer lr 0.001 lr_optimizer 0.00025 Reshape False 
root        : INFO             Network_User:    Train:    epoch 5/15 batch 78/532 itera 2739 elapsed time 0.10088515281677246 best itera 532
root        : INFO             Network_User:    Train:    loss 0.18382667005062103
root        : INFO             Network_User:    Train:    acc 0.74, f1_weighted 0.7016078233718872, f1_mean 0.6052457690238953
root        : INFO             Network_User:    Train:    Allocated 0.0 GB Cached 0.6 GB
root        : INFO     

--------------------------
root        : INFO             Network_User:            Dataset lara_3s network cnn_transformer lr 0.001 lr_optimizer 0.00025 Reshape False 
root        : INFO             Network_User:    Train:    epoch 5/15 batch 104/532 itera 2765 elapsed time 0.09844231605529785 best itera 532
root        : INFO             Network_User:    Train:    loss 0.20972727239131927
root        : INFO             Network_User:    Train:    acc 0.72, f1_weighted 0.690083384513855, f1_mean 0.4911435544490814
root        : INFO             Network_User:    Train:    Allocated 0.0 GB Cached 0.6 GB
root        : INFO     

--------------------------
root        : INFO             Network_User:            Dataset lara_3s network cnn_transformer lr 0.001 lr_optimizer 0.00025 Reshape False 
root        : INFO             Network_User:    Train:    epoch 5/15 batch 130/532 itera 2791 elapsed time 0.10084748268127441 best itera 532
root        : INFO             Network_User:    Train:    loss 0.22177354991436005
root        : INFO             Network_User:    Train:    acc 0.71, f1_weighted 0.6717212200164795, f1_mean 0.5774969458580017
root        : INFO             Network_User:    Train:    Allocated 0.0 GB Cached 0.6 GB
root        : INFO     

--------------------------
root        : INFO             Network_User:            Dataset lara_3s network cnn_transformer lr 0.001 lr_optimizer 0.00025 Reshape False 
root        : INFO             Network_User:    Train:    epoch 5/15 batch 156/532 itera 2817 elapsed time 0.09979772567749023 best itera 532
root        : INFO             Network_User:    Train:    loss 0.1934848576784134
root        : INFO             Network_User:    Train:    acc 0.76, f1_weighted 0.7199462056159973, f1_mean 0.405385822057724
root        : INFO             Network_User:    Train:    Allocated 0.0 GB Cached 0.6 GB
root        : INFO     

--------------------------
root        : INFO             Network_User:            Dataset lara_3s network cnn_transformer lr 0.001 lr_optimizer 0.00025 Reshape False 
root        : INFO             Network_User:    Train:    epoch 5/15 batch 182/532 itera 2843 elapsed time 0.10078787803649902 best itera 532
root        : INFO             Network_User:    Train:    loss 0.20793262124061584
root        : INFO             Network_User:    Train:    acc 0.69, f1_weighted 0.6597700715065002, f1_mean 0.4415600597858429
root        : INFO             Network_User:    Train:    Allocated 0.0 GB Cached 0.6 GB
root        : INFO     

--------------------------
root        : INFO             Network_User:            Dataset lara_3s network cnn_transformer lr 0.001 lr_optimizer 0.00025 Reshape False 
root        : INFO             Network_User:    Train:    epoch 5/15 batch 208/532 itera 2869 elapsed time 0.09797406196594238 best itera 532
root        : INFO             Network_User:    Train:    loss 0.21978920698165894
root        : INFO             Network_User:    Train:    acc 0.73, f1_weighted 0.6809871792793274, f1_mean 0.4807339310646057
root        : INFO             Network_User:    Train:    Allocated 0.0 GB Cached 0.6 GB
root        : INFO     

--------------------------
root        : INFO             Network_User:            Dataset lara_3s network cnn_transformer lr 0.001 lr_optimizer 0.00025 Reshape False 
root        : INFO             Network_User:    Train:    epoch 5/15 batch 234/532 itera 2895 elapsed time 0.09905028343200684 best itera 532
root        : INFO             Network_User:    Train:    loss 0.21734893321990967
root        : INFO             Network_User:    Train:    acc 0.72, f1_weighted 0.67106693983078, f1_mean 0.4564734995365143
root        : INFO             Network_User:    Train:    Allocated 0.0 GB Cached 0.6 GB
root        : INFO     

--------------------------
root        : INFO             Network_User:            Dataset lara_3s network cnn_transformer lr 0.001 lr_optimizer 0.00025 Reshape False 
root        : INFO             Network_User:    Train:    epoch 5/15 batch 260/532 itera 2921 elapsed time 0.10043048858642578 best itera 532
root        : INFO             Network_User:    Train:    loss 0.20333169400691986
root        : INFO             Network_User:    Train:    acc 0.7, f1_weighted 0.6517184972763062, f1_mean 0.4412781298160553
root        : INFO             Network_User:    Train:    Allocated 0.0 GB Cached 0.6 GB
root        : INFO     

--------------------------
root        : INFO             Network_User:            Dataset lara_3s network cnn_transformer lr 0.001 lr_optimizer 0.00025 Reshape False 
root        : INFO             Network_User:    Train:    epoch 5/15 batch 286/532 itera 2947 elapsed time 0.09875845909118652 best itera 532
root        : INFO             Network_User:    Train:    loss 0.18083946406841278
root        : INFO             Network_User:    Train:    acc 0.78, f1_weighted 0.7404894828796387, f1_mean 0.5334824919700623
root        : INFO             Network_User:    Train:    Allocated 0.0 GB Cached 0.6 GB
root        : INFO     

--------------------------
root        : INFO             Network_User:            Dataset lara_3s network cnn_transformer lr 0.001 lr_optimizer 0.00025 Reshape False 
root        : INFO             Network_User:    Train:    epoch 5/15 batch 312/532 itera 2973 elapsed time 0.10064315795898438 best itera 532
root        : INFO             Network_User:    Train:    loss 0.22898250818252563
root        : INFO             Network_User:    Train:    acc 0.71, f1_weighted 0.6451618671417236, f1_mean 0.5283504128456116
root        : INFO             Network_User:    Train:    Allocated 0.0 GB Cached 0.6 GB
root        : INFO     

--------------------------
root        : INFO             Network_User:            Dataset lara_3s network cnn_transformer lr 0.001 lr_optimizer 0.00025 Reshape False 
root        : INFO             Network_User:    Train:    epoch 5/15 batch 338/532 itera 2999 elapsed time 0.15350914001464844 best itera 532
root        : INFO             Network_User:    Train:    loss 0.21004395186901093
root        : INFO             Network_User:    Train:    acc 0.75, f1_weighted 0.715374767780304, f1_mean 0.6108783483505249
root        : INFO             Network_User:    Train:    Allocated 0.0 GB Cached 0.6 GB
root        : INFO     

--------------------------
root        : INFO             Network_User:            Dataset lara_3s network cnn_transformer lr 0.001 lr_optimizer 0.00025 Reshape False 
root        : INFO             Network_User:    Train:    epoch 5/15 batch 364/532 itera 3025 elapsed time 0.10159730911254883 best itera 532
root        : INFO             Network_User:    Train:    loss 0.1748097985982895
root        : INFO             Network_User:    Train:    acc 0.77, f1_weighted 0.7289519309997559, f1_mean 0.4325036108493805
root        : INFO             Network_User:    Train:    Allocated 0.0 GB Cached 0.6 GB
root        : INFO     

--------------------------
root        : INFO             Network_User:            Dataset lara_3s network cnn_transformer lr 0.001 lr_optimizer 0.00025 Reshape False 
root        : INFO             Network_User:    Train:    epoch 5/15 batch 390/532 itera 3051 elapsed time 0.09848451614379883 best itera 532
root        : INFO             Network_User:    Train:    loss 0.18566712737083435
root        : INFO             Network_User:    Train:    acc 0.76, f1_weighted 0.7163638472557068, f1_mean 0.5285754799842834
root        : INFO             Network_User:    Train:    Allocated 0.0 GB Cached 0.6 GB
root        : INFO     

--------------------------
root        : INFO             Network_User:            Dataset lara_3s network cnn_transformer lr 0.001 lr_optimizer 0.00025 Reshape False 
root        : INFO             Network_User:    Train:    epoch 5/15 batch 416/532 itera 3077 elapsed time 0.10107159614562988 best itera 532
root        : INFO             Network_User:    Train:    loss 0.17987781763076782
root        : INFO             Network_User:    Train:    acc 0.72, f1_weighted 0.6849112510681152, f1_mean 0.48334503173828125
root        : INFO             Network_User:    Train:    Allocated 0.0 GB Cached 0.6 GB
root        : INFO     

--------------------------
root        : INFO             Network_User:            Dataset lara_3s network cnn_transformer lr 0.001 lr_optimizer 0.00025 Reshape False 
root        : INFO             Network_User:    Train:    epoch 5/15 batch 442/532 itera 3103 elapsed time 0.09811258316040039 best itera 532
root        : INFO             Network_User:    Train:    loss 0.2087450474500656
root        : INFO             Network_User:    Train:    acc 0.72, f1_weighted 0.6604894995689392, f1_mean 0.46951383352279663
root        : INFO             Network_User:    Train:    Allocated 0.0 GB Cached 0.6 GB
root        : INFO     

--------------------------
root        : INFO             Network_User:            Dataset lara_3s network cnn_transformer lr 0.001 lr_optimizer 0.00025 Reshape False 
root        : INFO             Network_User:    Train:    epoch 5/15 batch 468/532 itera 3129 elapsed time 0.14380407333374023 best itera 532
root        : INFO             Network_User:    Train:    loss 0.20667238533496857
root        : INFO             Network_User:    Train:    acc 0.67, f1_weighted 0.6219719052314758, f1_mean 0.44066527485847473
root        : INFO             Network_User:    Train:    Allocated 0.0 GB Cached 0.6 GB
root        : INFO     

--------------------------
root        : INFO             Network_User:            Dataset lara_3s network cnn_transformer lr 0.001 lr_optimizer 0.00025 Reshape False 
root        : INFO             Network_User:    Train:    epoch 5/15 batch 494/532 itera 3155 elapsed time 0.10051131248474121 best itera 532
root        : INFO             Network_User:    Train:    loss 0.23942013084888458
root        : INFO             Network_User:    Train:    acc 0.65, f1_weighted 0.6223921179771423, f1_mean 0.40765637159347534
root        : INFO             Network_User:    Train:    Allocated 0.0 GB Cached 0.6 GB
root        : INFO     

--------------------------
root        : INFO             Network_User:            Dataset lara_3s network cnn_transformer lr 0.001 lr_optimizer 0.00025 Reshape False 
root        : INFO             Network_User:    Train:    epoch 5/15 batch 520/532 itera 3181 elapsed time 0.10129594802856445 best itera 532
root        : INFO             Network_User:    Train:    loss 0.2066144496202469
root        : INFO             Network_User:    Train:    acc 0.72, f1_weighted 0.6915922164916992, f1_mean 0.4896443784236908
root        : INFO             Network_User:    Train:    Allocated 0.0 GB Cached 0.6 GB
root        : INFO     

--------------------------
root        : INFO     

root        : INFO             Network_User:        Validating
root        : INFO                 Metrics: Constructor
root        : INFO     

root        : INFO             Network_User:        Validating:    epoch 5 batch 531 itera 3192 elapsed time 8.865084886550903, best itera 532
root        : INFO             Network_User:        Validating:    acc 0.47792428486011895, f1_weighted 0.4233027696609497, f1_mean 0.2981364130973816
root        : INFO     
        Network_User:    Train:    Training epoch 6
root        : INFO             Network_User:            Dataset lara_3s network cnn_transformer lr 0.001 lr_optimizer 0.00025 Reshape False 
root        : INFO             Network_User:    Train:    epoch 6/15 batch 0/532 itera 3193 elapsed time 0.10304403305053711 best itera 532
root        : INFO             Network_User:    Train:    loss 0.1929658055305481
root        : INFO             Network_User:    Train:    acc 0.73, f1_weighted 0.6801286935806274, f1_mean 0.4744241535663605
root        : INFO             Network_User:    Train:    Allocated 0.0 GB Cached 0.6 GB
root        : INFO     

--------------------------
root        : INFO             Network_User:            Dataset lara_3s network cnn_transformer lr 0.001 lr_optimizer 0.00025 Reshape False 
root        : INFO             Network_User:    Train:    epoch 6/15 batch 26/532 itera 3219 elapsed time 0.1009979248046875 best itera 532
root        : INFO             Network_User:    Train:    loss 0.20298625528812408
root        : INFO             Network_User:    Train:    acc 0.72, f1_weighted 0.6791676878929138, f1_mean 0.5234249830245972
root        : INFO             Network_User:    Train:    Allocated 0.0 GB Cached 0.6 GB
root        : INFO     

--------------------------
root        : INFO             Network_User:            Dataset lara_3s network cnn_transformer lr 0.001 lr_optimizer 0.00025 Reshape False 
root        : INFO             Network_User:    Train:    epoch 6/15 batch 52/532 itera 3245 elapsed time 0.10080885887145996 best itera 532
root        : INFO             Network_User:    Train:    loss 0.20734462141990662
root        : INFO             Network_User:    Train:    acc 0.68, f1_weighted 0.6360853314399719, f1_mean 0.4544508159160614
root        : INFO             Network_User:    Train:    Allocated 0.0 GB Cached 0.6 GB
root        : INFO     

--------------------------
root        : INFO             Network_User:            Dataset lara_3s network cnn_transformer lr 0.001 lr_optimizer 0.00025 Reshape False 
root        : INFO             Network_User:    Train:    epoch 6/15 batch 78/532 itera 3271 elapsed time 0.09791946411132812 best itera 532
root        : INFO             Network_User:    Train:    loss 0.20069140195846558
root        : INFO             Network_User:    Train:    acc 0.79, f1_weighted 0.7500673532485962, f1_mean 0.662475049495697
root        : INFO             Network_User:    Train:    Allocated 0.0 GB Cached 0.6 GB
root        : INFO     

--------------------------
root        : INFO             Network_User:            Dataset lara_3s network cnn_transformer lr 0.001 lr_optimizer 0.00025 Reshape False 
root        : INFO             Network_User:    Train:    epoch 6/15 batch 104/532 itera 3297 elapsed time 0.10081887245178223 best itera 532
root        : INFO             Network_User:    Train:    loss 0.20963813364505768
root        : INFO             Network_User:    Train:    acc 0.75, f1_weighted 0.7264527678489685, f1_mean 0.6568893194198608
root        : INFO             Network_User:    Train:    Allocated 0.0 GB Cached 0.6 GB
root        : INFO     

--------------------------
root        : INFO             Network_User:            Dataset lara_3s network cnn_transformer lr 0.001 lr_optimizer 0.00025 Reshape False 
root        : INFO             Network_User:    Train:    epoch 6/15 batch 130/532 itera 3323 elapsed time 0.1085805892944336 best itera 532
root        : INFO             Network_User:    Train:    loss 0.18887007236480713
root        : INFO             Network_User:    Train:    acc 0.74, f1_weighted 0.690494954586029, f1_mean 0.5837045907974243
root        : INFO             Network_User:    Train:    Allocated 0.0 GB Cached 0.6 GB
root        : INFO     

--------------------------
root        : INFO             Network_User:            Dataset lara_3s network cnn_transformer lr 0.001 lr_optimizer 0.00025 Reshape False 
root        : INFO             Network_User:    Train:    epoch 6/15 batch 156/532 itera 3349 elapsed time 0.10171842575073242 best itera 532
root        : INFO             Network_User:    Train:    loss 0.19287340342998505
root        : INFO             Network_User:    Train:    acc 0.75, f1_weighted 0.7183566689491272, f1_mean 0.560791015625
root        : INFO             Network_User:    Train:    Allocated 0.0 GB Cached 0.6 GB
root        : INFO     

--------------------------
root        : INFO             Network_User:            Dataset lara_3s network cnn_transformer lr 0.001 lr_optimizer 0.00025 Reshape False 
root        : INFO             Network_User:    Train:    epoch 6/15 batch 182/532 itera 3375 elapsed time 0.10188937187194824 best itera 532
root        : INFO             Network_User:    Train:    loss 0.20563147962093353
root        : INFO             Network_User:    Train:    acc 0.71, f1_weighted 0.6532204747200012, f1_mean 0.3733428418636322
root        : INFO             Network_User:    Train:    Allocated 0.0 GB Cached 0.6 GB
root        : INFO     

--------------------------
root        : INFO             Network_User:            Dataset lara_3s network cnn_transformer lr 0.001 lr_optimizer 0.00025 Reshape False 
root        : INFO             Network_User:    Train:    epoch 6/15 batch 208/532 itera 3401 elapsed time 0.10080432891845703 best itera 532
root        : INFO             Network_User:    Train:    loss 0.16840390861034393
root        : INFO             Network_User:    Train:    acc 0.78, f1_weighted 0.74202561378479, f1_mean 0.632940411567688
root        : INFO             Network_User:    Train:    Allocated 0.0 GB Cached 0.6 GB
root        : INFO     

--------------------------
root        : INFO             Network_User:            Dataset lara_3s network cnn_transformer lr 0.001 lr_optimizer 0.00025 Reshape False 
root        : INFO             Network_User:    Train:    epoch 6/15 batch 234/532 itera 3427 elapsed time 0.10097193717956543 best itera 532
root        : INFO             Network_User:    Train:    loss 0.18968600034713745
root        : INFO             Network_User:    Train:    acc 0.74, f1_weighted 0.7064405083656311, f1_mean 0.4615275263786316
root        : INFO             Network_User:    Train:    Allocated 0.0 GB Cached 0.6 GB
root        : INFO     

--------------------------
root        : INFO             Network_User:            Dataset lara_3s network cnn_transformer lr 0.001 lr_optimizer 0.00025 Reshape False 
root        : INFO             Network_User:    Train:    epoch 6/15 batch 260/532 itera 3453 elapsed time 0.10076546669006348 best itera 532
root        : INFO             Network_User:    Train:    loss 0.2082119733095169
root        : INFO             Network_User:    Train:    acc 0.75, f1_weighted 0.7012022733688354, f1_mean 0.6138852834701538
root        : INFO             Network_User:    Train:    Allocated 0.0 GB Cached 0.6 GB
root        : INFO     

--------------------------
root        : INFO             Network_User:            Dataset lara_3s network cnn_transformer lr 0.001 lr_optimizer 0.00025 Reshape False 
root        : INFO             Network_User:    Train:    epoch 6/15 batch 286/532 itera 3479 elapsed time 0.10076785087585449 best itera 532
root        : INFO             Network_User:    Train:    loss 0.20817463099956512
root        : INFO             Network_User:    Train:    acc 0.75, f1_weighted 0.7153840065002441, f1_mean 0.6508697867393494
root        : INFO             Network_User:    Train:    Allocated 0.0 GB Cached 0.6 GB
root        : INFO     

--------------------------
root        : INFO             Network_User:            Dataset lara_3s network cnn_transformer lr 0.001 lr_optimizer 0.00025 Reshape False 
root        : INFO             Network_User:    Train:    epoch 6/15 batch 312/532 itera 3505 elapsed time 0.1009817123413086 best itera 532
root        : INFO             Network_User:    Train:    loss 0.185236856341362
root        : INFO             Network_User:    Train:    acc 0.76, f1_weighted 0.7430200576782227, f1_mean 0.6139993071556091
root        : INFO             Network_User:    Train:    Allocated 0.0 GB Cached 0.6 GB
root        : INFO     

--------------------------
root        : INFO             Network_User:            Dataset lara_3s network cnn_transformer lr 0.001 lr_optimizer 0.00025 Reshape False 
root        : INFO             Network_User:    Train:    epoch 6/15 batch 338/532 itera 3531 elapsed time 0.10870695114135742 best itera 532
root        : INFO             Network_User:    Train:    loss 0.20326641201972961
root        : INFO             Network_User:    Train:    acc 0.76, f1_weighted 0.7251819968223572, f1_mean 0.5918777585029602
root        : INFO             Network_User:    Train:    Allocated 0.0 GB Cached 0.6 GB
root        : INFO     

--------------------------
root        : INFO             Network_User:            Dataset lara_3s network cnn_transformer lr 0.001 lr_optimizer 0.00025 Reshape False 
root        : INFO             Network_User:    Train:    epoch 6/15 batch 364/532 itera 3557 elapsed time 0.10122871398925781 best itera 532
root        : INFO             Network_User:    Train:    loss 0.1822802573442459
root        : INFO             Network_User:    Train:    acc 0.75, f1_weighted 0.7184217572212219, f1_mean 0.48151594400405884
root        : INFO             Network_User:    Train:    Allocated 0.0 GB Cached 0.6 GB
root        : INFO     

--------------------------
root        : INFO             Network_User:            Dataset lara_3s network cnn_transformer lr 0.001 lr_optimizer 0.00025 Reshape False 
root        : INFO             Network_User:    Train:    epoch 6/15 batch 390/532 itera 3583 elapsed time 0.09833931922912598 best itera 532
root        : INFO             Network_User:    Train:    loss 0.23168735206127167
root        : INFO             Network_User:    Train:    acc 0.69, f1_weighted 0.6391165852546692, f1_mean 0.4385830760002136
root        : INFO             Network_User:    Train:    Allocated 0.0 GB Cached 0.6 GB
root        : INFO     

--------------------------
root        : INFO             Network_User:            Dataset lara_3s network cnn_transformer lr 0.001 lr_optimizer 0.00025 Reshape False 
root        : INFO             Network_User:    Train:    epoch 6/15 batch 416/532 itera 3609 elapsed time 0.09787797927856445 best itera 532
root        : INFO             Network_User:    Train:    loss 0.1951667219400406
root        : INFO             Network_User:    Train:    acc 0.69, f1_weighted 0.6469261646270752, f1_mean 0.40108269453048706
root        : INFO             Network_User:    Train:    Allocated 0.0 GB Cached 0.6 GB
root        : INFO     

--------------------------
root        : INFO             Network_User:            Dataset lara_3s network cnn_transformer lr 0.001 lr_optimizer 0.00025 Reshape False 
root        : INFO             Network_User:    Train:    epoch 6/15 batch 442/532 itera 3635 elapsed time 0.09807944297790527 best itera 532
root        : INFO             Network_User:    Train:    loss 0.1741252839565277
root        : INFO             Network_User:    Train:    acc 0.74, f1_weighted 0.713071346282959, f1_mean 0.5655068159103394
root        : INFO             Network_User:    Train:    Allocated 0.0 GB Cached 0.6 GB
root        : INFO     

--------------------------
root        : INFO             Network_User:            Dataset lara_3s network cnn_transformer lr 0.001 lr_optimizer 0.00025 Reshape False 
root        : INFO             Network_User:    Train:    epoch 6/15 batch 468/532 itera 3661 elapsed time 0.10037398338317871 best itera 532
root        : INFO             Network_User:    Train:    loss 0.19565647840499878
root        : INFO             Network_User:    Train:    acc 0.73, f1_weighted 0.6998880505561829, f1_mean 0.38554051518440247
root        : INFO             Network_User:    Train:    Allocated 0.0 GB Cached 0.6 GB
root        : INFO     

--------------------------
root        : INFO             Network_User:            Dataset lara_3s network cnn_transformer lr 0.001 lr_optimizer 0.00025 Reshape False 
root        : INFO             Network_User:    Train:    epoch 6/15 batch 494/532 itera 3687 elapsed time 0.10458660125732422 best itera 532
root        : INFO             Network_User:    Train:    loss 0.17396225035190582
root        : INFO             Network_User:    Train:    acc 0.82, f1_weighted 0.7909253239631653, f1_mean 0.4970707297325134
root        : INFO             Network_User:    Train:    Allocated 0.0 GB Cached 0.6 GB
root        : INFO     

--------------------------
root        : INFO             Network_User:            Dataset lara_3s network cnn_transformer lr 0.001 lr_optimizer 0.00025 Reshape False 
root        : INFO             Network_User:    Train:    epoch 6/15 batch 520/532 itera 3713 elapsed time 0.10088706016540527 best itera 532
root        : INFO             Network_User:    Train:    loss 0.13800057768821716
root        : INFO             Network_User:    Train:    acc 0.81, f1_weighted 0.7775623798370361, f1_mean 0.48617830872535706
root        : INFO             Network_User:    Train:    Allocated 0.0 GB Cached 0.6 GB
root        : INFO     

--------------------------
root        : INFO     

root        : INFO             Network_User:        Validating
root        : INFO                 Metrics: Constructor
root        : INFO     

root        : INFO             Network_User:        Validating:    epoch 6 batch 531 itera 3724 elapsed time 9.548560380935669, best itera 532
root        : INFO             Network_User:        Validating:    acc 0.4693646347987538, f1_weighted 0.4215221405029297, f1_mean 0.31361493468284607
root        : INFO     
        Network_User:    Train:    Training epoch 7
root        : INFO             Network_User:            Dataset lara_3s network cnn_transformer lr 0.001 lr_optimizer 0.00025 Reshape False 
root        : INFO             Network_User:    Train:    epoch 7/15 batch 0/532 itera 3725 elapsed time 0.10986971855163574 best itera 532
root        : INFO             Network_User:    Train:    loss 0.15398940443992615
root        : INFO             Network_User:    Train:    acc 0.76, f1_weighted 0.7256729602813721, f1_mean 0.6783766150474548
root        : INFO             Network_User:    Train:    Allocated 0.0 GB Cached 0.6 GB
root        : INFO     

--------------------------
root        : INFO             Network_User:            Dataset lara_3s network cnn_transformer lr 0.001 lr_optimizer 0.00025 Reshape False 
root        : INFO             Network_User:    Train:    epoch 7/15 batch 26/532 itera 3751 elapsed time 0.11085176467895508 best itera 532
root        : INFO             Network_User:    Train:    loss 0.17658452689647675
root        : INFO             Network_User:    Train:    acc 0.8, f1_weighted 0.7828142642974854, f1_mean 0.5446389317512512
root        : INFO             Network_User:    Train:    Allocated 0.0 GB Cached 0.6 GB
root        : INFO     

--------------------------
root        : INFO             Network_User:            Dataset lara_3s network cnn_transformer lr 0.001 lr_optimizer 0.00025 Reshape False 
root        : INFO             Network_User:    Train:    epoch 7/15 batch 52/532 itera 3777 elapsed time 0.10117888450622559 best itera 532
root        : INFO             Network_User:    Train:    loss 0.18274623155593872
root        : INFO             Network_User:    Train:    acc 0.74, f1_weighted 0.6902480721473694, f1_mean 0.4658273160457611
root        : INFO             Network_User:    Train:    Allocated 0.0 GB Cached 0.6 GB
root        : INFO     

--------------------------
root        : INFO             Network_User:            Dataset lara_3s network cnn_transformer lr 0.001 lr_optimizer 0.00025 Reshape False 
root        : INFO             Network_User:    Train:    epoch 7/15 batch 78/532 itera 3803 elapsed time 0.10143637657165527 best itera 532
root        : INFO             Network_User:    Train:    loss 0.18618892133235931
root        : INFO             Network_User:    Train:    acc 0.78, f1_weighted 0.7327641248703003, f1_mean 0.6009603142738342
root        : INFO             Network_User:    Train:    Allocated 0.0 GB Cached 0.6 GB
root        : INFO     

--------------------------
root        : INFO             Network_User:            Dataset lara_3s network cnn_transformer lr 0.001 lr_optimizer 0.00025 Reshape False 
root        : INFO             Network_User:    Train:    epoch 7/15 batch 104/532 itera 3829 elapsed time 0.10115551948547363 best itera 532
root        : INFO             Network_User:    Train:    loss 0.16507142782211304
root        : INFO             Network_User:    Train:    acc 0.77, f1_weighted 0.7404863238334656, f1_mean 0.6658140420913696
root        : INFO             Network_User:    Train:    Allocated 0.0 GB Cached 0.6 GB
root        : INFO     

--------------------------
root        : INFO             Network_User:            Dataset lara_3s network cnn_transformer lr 0.001 lr_optimizer 0.00025 Reshape False 
root        : INFO             Network_User:    Train:    epoch 7/15 batch 130/532 itera 3855 elapsed time 0.10092735290527344 best itera 532
root        : INFO             Network_User:    Train:    loss 0.20593461394309998
root        : INFO             Network_User:    Train:    acc 0.79, f1_weighted 0.7606320977210999, f1_mean 0.5285096168518066
root        : INFO             Network_User:    Train:    Allocated 0.0 GB Cached 0.6 GB
root        : INFO     

--------------------------
root        : INFO             Network_User:            Dataset lara_3s network cnn_transformer lr 0.001 lr_optimizer 0.00025 Reshape False 
root        : INFO             Network_User:    Train:    epoch 7/15 batch 156/532 itera 3881 elapsed time 0.10087704658508301 best itera 532
root        : INFO             Network_User:    Train:    loss 0.23376603424549103
root        : INFO             Network_User:    Train:    acc 0.71, f1_weighted 0.6638606786727905, f1_mean 0.47001728415489197
root        : INFO             Network_User:    Train:    Allocated 0.0 GB Cached 0.6 GB
root        : INFO     

--------------------------
root        : INFO             Network_User:            Dataset lara_3s network cnn_transformer lr 0.001 lr_optimizer 0.00025 Reshape False 
root        : INFO             Network_User:    Train:    epoch 7/15 batch 182/532 itera 3907 elapsed time 0.10068821907043457 best itera 532
root        : INFO             Network_User:    Train:    loss 0.17666421830654144
root        : INFO             Network_User:    Train:    acc 0.79, f1_weighted 0.7595340013504028, f1_mean 0.5382518768310547
root        : INFO             Network_User:    Train:    Allocated 0.0 GB Cached 0.6 GB
root        : INFO     

--------------------------
root        : INFO             Network_User:            Dataset lara_3s network cnn_transformer lr 0.001 lr_optimizer 0.00025 Reshape False 
root        : INFO             Network_User:    Train:    epoch 7/15 batch 208/532 itera 3933 elapsed time 0.09786105155944824 best itera 532
root        : INFO             Network_User:    Train:    loss 0.18502414226531982
root        : INFO             Network_User:    Train:    acc 0.8, f1_weighted 0.7737815380096436, f1_mean 0.6638873815536499
root        : INFO             Network_User:    Train:    Allocated 0.0 GB Cached 0.6 GB
root        : INFO     

--------------------------
root        : INFO             Network_User:            Dataset lara_3s network cnn_transformer lr 0.001 lr_optimizer 0.00025 Reshape False 
root        : INFO             Network_User:    Train:    epoch 7/15 batch 234/532 itera 3959 elapsed time 0.10151481628417969 best itera 532
root        : INFO             Network_User:    Train:    loss 0.1851164847612381
root        : INFO             Network_User:    Train:    acc 0.78, f1_weighted 0.7297598123550415, f1_mean 0.6154946088790894
root        : INFO             Network_User:    Train:    Allocated 0.0 GB Cached 0.6 GB
root        : INFO     

--------------------------
root        : INFO             Network_User:            Dataset lara_3s network cnn_transformer lr 0.001 lr_optimizer 0.00025 Reshape False 
root        : INFO             Network_User:    Train:    epoch 7/15 batch 260/532 itera 3985 elapsed time 0.0978844165802002 best itera 532
root        : INFO             Network_User:    Train:    loss 0.1932002305984497
root        : INFO             Network_User:    Train:    acc 0.75, f1_weighted 0.6800633072853088, f1_mean 0.6288528442382812
root        : INFO             Network_User:    Train:    Allocated 0.0 GB Cached 0.6 GB
root        : INFO     

--------------------------
root        : INFO             Network_User:            Dataset lara_3s network cnn_transformer lr 0.001 lr_optimizer 0.00025 Reshape False 
root        : INFO             Network_User:    Train:    epoch 7/15 batch 286/532 itera 4011 elapsed time 0.10119366645812988 best itera 532
root        : INFO             Network_User:    Train:    loss 0.18801036477088928
root        : INFO             Network_User:    Train:    acc 0.76, f1_weighted 0.7332666516304016, f1_mean 0.5552381277084351
root        : INFO             Network_User:    Train:    Allocated 0.0 GB Cached 0.6 GB
root        : INFO     

--------------------------
root        : INFO             Network_User:            Dataset lara_3s network cnn_transformer lr 0.001 lr_optimizer 0.00025 Reshape False 
root        : INFO             Network_User:    Train:    epoch 7/15 batch 312/532 itera 4037 elapsed time 0.09810185432434082 best itera 532
root        : INFO             Network_User:    Train:    loss 0.19856148958206177
root        : INFO             Network_User:    Train:    acc 0.73, f1_weighted 0.6854185461997986, f1_mean 0.5281039476394653
root        : INFO             Network_User:    Train:    Allocated 0.0 GB Cached 0.6 GB
root        : INFO     

--------------------------
root        : INFO             Network_User:            Dataset lara_3s network cnn_transformer lr 0.001 lr_optimizer 0.00025 Reshape False 
root        : INFO             Network_User:    Train:    epoch 7/15 batch 338/532 itera 4063 elapsed time 0.10500335693359375 best itera 532
root        : INFO             Network_User:    Train:    loss 0.16903038322925568
root        : INFO             Network_User:    Train:    acc 0.77, f1_weighted 0.7352105975151062, f1_mean 0.7061311602592468
root        : INFO             Network_User:    Train:    Allocated 0.0 GB Cached 0.6 GB
root        : INFO     

--------------------------
root        : INFO             Network_User:            Dataset lara_3s network cnn_transformer lr 0.001 lr_optimizer 0.00025 Reshape False 
root        : INFO             Network_User:    Train:    epoch 7/15 batch 364/532 itera 4089 elapsed time 0.09787917137145996 best itera 532
root        : INFO             Network_User:    Train:    loss 0.19688792526721954
root        : INFO             Network_User:    Train:    acc 0.76, f1_weighted 0.7164542078971863, f1_mean 0.5339613556861877
root        : INFO             Network_User:    Train:    Allocated 0.0 GB Cached 0.6 GB
root        : INFO     

--------------------------
root        : INFO             Network_User:            Dataset lara_3s network cnn_transformer lr 0.001 lr_optimizer 0.00025 Reshape False 
root        : INFO             Network_User:    Train:    epoch 7/15 batch 390/532 itera 4115 elapsed time 0.09815406799316406 best itera 532
root        : INFO             Network_User:    Train:    loss 0.1905159056186676
root        : INFO             Network_User:    Train:    acc 0.76, f1_weighted 0.7207675576210022, f1_mean 0.57948237657547
root        : INFO             Network_User:    Train:    Allocated 0.0 GB Cached 0.6 GB
root        : INFO     

--------------------------
root        : INFO             Network_User:            Dataset lara_3s network cnn_transformer lr 0.001 lr_optimizer 0.00025 Reshape False 
root        : INFO             Network_User:    Train:    epoch 7/15 batch 416/532 itera 4141 elapsed time 0.10074377059936523 best itera 532
root        : INFO             Network_User:    Train:    loss 0.20517629384994507
root        : INFO             Network_User:    Train:    acc 0.75, f1_weighted 0.7186233401298523, f1_mean 0.6010810136795044
root        : INFO             Network_User:    Train:    Allocated 0.0 GB Cached 0.6 GB
root        : INFO     

--------------------------
root        : INFO             Network_User:            Dataset lara_3s network cnn_transformer lr 0.001 lr_optimizer 0.00025 Reshape False 
root        : INFO             Network_User:    Train:    epoch 7/15 batch 442/532 itera 4167 elapsed time 0.09807205200195312 best itera 532
root        : INFO             Network_User:    Train:    loss 0.14621272683143616
root        : INFO             Network_User:    Train:    acc 0.83, f1_weighted 0.8071346879005432, f1_mean 0.6258019804954529
root        : INFO             Network_User:    Train:    Allocated 0.0 GB Cached 0.6 GB
root        : INFO     

--------------------------
root        : INFO             Network_User:            Dataset lara_3s network cnn_transformer lr 0.001 lr_optimizer 0.00025 Reshape False 
root        : INFO             Network_User:    Train:    epoch 7/15 batch 468/532 itera 4193 elapsed time 0.11026144027709961 best itera 532
root        : INFO             Network_User:    Train:    loss 0.19486549496650696
root        : INFO             Network_User:    Train:    acc 0.77, f1_weighted 0.732718288898468, f1_mean 0.48688945174217224
root        : INFO             Network_User:    Train:    Allocated 0.0 GB Cached 0.6 GB
root        : INFO     

--------------------------
root        : INFO             Network_User:            Dataset lara_3s network cnn_transformer lr 0.001 lr_optimizer 0.00025 Reshape False 
root        : INFO             Network_User:    Train:    epoch 7/15 batch 494/532 itera 4219 elapsed time 0.10075235366821289 best itera 532
root        : INFO             Network_User:    Train:    loss 0.13213017582893372
root        : INFO             Network_User:    Train:    acc 0.82, f1_weighted 0.7894692420959473, f1_mean 0.5404362082481384
root        : INFO             Network_User:    Train:    Allocated 0.0 GB Cached 0.6 GB
root        : INFO     

--------------------------
root        : INFO             Network_User:            Dataset lara_3s network cnn_transformer lr 0.001 lr_optimizer 0.00025 Reshape False 
root        : INFO             Network_User:    Train:    epoch 7/15 batch 520/532 itera 4245 elapsed time 0.1050727367401123 best itera 532
root        : INFO             Network_User:    Train:    loss 0.191283717751503
root        : INFO             Network_User:    Train:    acc 0.76, f1_weighted 0.7154285311698914, f1_mean 0.6520029902458191
root        : INFO             Network_User:    Train:    Allocated 0.0 GB Cached 0.6 GB
root        : INFO     

--------------------------
root        : INFO     

root        : INFO             Network_User:        Validating
root        : INFO                 Metrics: Constructor
root        : INFO     

root        : INFO             Network_User:        Validating:    epoch 7 batch 531 itera 4256 elapsed time 9.007288694381714, best itera 532
root        : INFO             Network_User:        Validating:    acc 0.4877427069893319, f1_weighted 0.43286633491516113, f1_mean 0.33651915192604065
root        : INFO     
        Network_User:    Train:    Training epoch 8
root        : INFO             Network_User:            Dataset lara_3s network cnn_transformer lr 0.001 lr_optimizer 0.000125 Reshape False 
root        : INFO             Network_User:    Train:    epoch 8/15 batch 0/532 itera 4257 elapsed time 0.1044163703918457 best itera 532
root        : INFO             Network_User:    Train:    loss 0.17166119813919067
root        : INFO             Network_User:    Train:    acc 0.76, f1_weighted 0.7098057270050049, f1_mean 0.5753964781761169
root        : INFO             Network_User:    Train:    Allocated 0.0 GB Cached 0.6 GB
root        : INFO     

--------------------------
root        : INFO             Network_User:            Dataset lara_3s network cnn_transformer lr 0.001 lr_optimizer 0.000125 Reshape False 
root        : INFO             Network_User:    Train:    epoch 8/15 batch 26/532 itera 4283 elapsed time 0.0980539321899414 best itera 532
root        : INFO             Network_User:    Train:    loss 0.14397761225700378
root        : INFO             Network_User:    Train:    acc 0.82, f1_weighted 0.8023267984390259, f1_mean 0.5450525879859924
root        : INFO             Network_User:    Train:    Allocated 0.0 GB Cached 0.6 GB
root        : INFO     

--------------------------
root        : INFO             Network_User:            Dataset lara_3s network cnn_transformer lr 0.001 lr_optimizer 0.000125 Reshape False 
root        : INFO             Network_User:    Train:    epoch 8/15 batch 52/532 itera 4309 elapsed time 0.10982036590576172 best itera 532
root        : INFO             Network_User:    Train:    loss 0.23310431838035583
root        : INFO             Network_User:    Train:    acc 0.72, f1_weighted 0.6744707226753235, f1_mean 0.47965389490127563
root        : INFO             Network_User:    Train:    Allocated 0.0 GB Cached 0.6 GB
root        : INFO     

--------------------------
root        : INFO             Network_User:            Dataset lara_3s network cnn_transformer lr 0.001 lr_optimizer 0.000125 Reshape False 
root        : INFO             Network_User:    Train:    epoch 8/15 batch 78/532 itera 4335 elapsed time 0.09800100326538086 best itera 532
root        : INFO             Network_User:    Train:    loss 0.1692766398191452
root        : INFO             Network_User:    Train:    acc 0.79, f1_weighted 0.7615864872932434, f1_mean 0.6573143005371094
root        : INFO             Network_User:    Train:    Allocated 0.0 GB Cached 0.6 GB
root        : INFO     

--------------------------
root        : INFO             Network_User:            Dataset lara_3s network cnn_transformer lr 0.001 lr_optimizer 0.000125 Reshape False 
root        : INFO             Network_User:    Train:    epoch 8/15 batch 104/532 itera 4361 elapsed time 0.10142278671264648 best itera 532
root        : INFO             Network_User:    Train:    loss 0.21483784914016724
root        : INFO             Network_User:    Train:    acc 0.68, f1_weighted 0.6233956217765808, f1_mean 0.4918467700481415
root        : INFO             Network_User:    Train:    Allocated 0.0 GB Cached 0.6 GB
root        : INFO     

--------------------------
root        : INFO             Network_User:            Dataset lara_3s network cnn_transformer lr 0.001 lr_optimizer 0.000125 Reshape False 
root        : INFO             Network_User:    Train:    epoch 8/15 batch 130/532 itera 4387 elapsed time 0.10143780708312988 best itera 532
root        : INFO             Network_User:    Train:    loss 0.17185106873512268
root        : INFO             Network_User:    Train:    acc 0.74, f1_weighted 0.6965391635894775, f1_mean 0.5951890349388123
root        : INFO             Network_User:    Train:    Allocated 0.0 GB Cached 0.6 GB
root        : INFO     

--------------------------
root        : INFO             Network_User:            Dataset lara_3s network cnn_transformer lr 0.001 lr_optimizer 0.000125 Reshape False 
root        : INFO             Network_User:    Train:    epoch 8/15 batch 156/532 itera 4413 elapsed time 0.09820699691772461 best itera 532
root        : INFO             Network_User:    Train:    loss 0.24584251642227173
root        : INFO             Network_User:    Train:    acc 0.65, f1_weighted 0.610381543636322, f1_mean 0.4956637918949127
root        : INFO             Network_User:    Train:    Allocated 0.0 GB Cached 0.6 GB
root        : INFO     

--------------------------
root        : INFO             Network_User:            Dataset lara_3s network cnn_transformer lr 0.001 lr_optimizer 0.000125 Reshape False 
root        : INFO             Network_User:    Train:    epoch 8/15 batch 182/532 itera 4439 elapsed time 0.10156106948852539 best itera 532
root        : INFO             Network_User:    Train:    loss 0.16085298359394073
root        : INFO             Network_User:    Train:    acc 0.84, f1_weighted 0.8244982957839966, f1_mean 0.5321916937828064
root        : INFO             Network_User:    Train:    Allocated 0.0 GB Cached 0.6 GB
root        : INFO     

--------------------------
root        : INFO             Network_User:            Dataset lara_3s network cnn_transformer lr 0.001 lr_optimizer 0.000125 Reshape False 
root        : INFO             Network_User:    Train:    epoch 8/15 batch 208/532 itera 4465 elapsed time 0.10065865516662598 best itera 532
root        : INFO             Network_User:    Train:    loss 0.22615298628807068
root        : INFO             Network_User:    Train:    acc 0.7, f1_weighted 0.66042560338974, f1_mean 0.368577241897583
root        : INFO             Network_User:    Train:    Allocated 0.0 GB Cached 0.6 GB
root        : INFO     

--------------------------
root        : INFO             Network_User:            Dataset lara_3s network cnn_transformer lr 0.001 lr_optimizer 0.000125 Reshape False 
root        : INFO             Network_User:    Train:    epoch 8/15 batch 234/532 itera 4491 elapsed time 0.1010124683380127 best itera 532
root        : INFO             Network_User:    Train:    loss 0.1507585346698761
root        : INFO             Network_User:    Train:    acc 0.81, f1_weighted 0.7935083508491516, f1_mean 0.6729736328125
root        : INFO             Network_User:    Train:    Allocated 0.0 GB Cached 0.6 GB
root        : INFO     

--------------------------
root        : INFO             Network_User:            Dataset lara_3s network cnn_transformer lr 0.001 lr_optimizer 0.000125 Reshape False 
root        : INFO             Network_User:    Train:    epoch 8/15 batch 260/532 itera 4517 elapsed time 0.11017608642578125 best itera 532
root        : INFO             Network_User:    Train:    loss 0.21620510518550873
root        : INFO             Network_User:    Train:    acc 0.69, f1_weighted 0.6498018503189087, f1_mean 0.5514557957649231
root        : INFO             Network_User:    Train:    Allocated 0.0 GB Cached 0.6 GB
root        : INFO     

--------------------------
root        : INFO             Network_User:            Dataset lara_3s network cnn_transformer lr 0.001 lr_optimizer 0.000125 Reshape False 
root        : INFO             Network_User:    Train:    epoch 8/15 batch 286/532 itera 4543 elapsed time 0.10073614120483398 best itera 532
root        : INFO             Network_User:    Train:    loss 0.18779760599136353
root        : INFO             Network_User:    Train:    acc 0.76, f1_weighted 0.727337658405304, f1_mean 0.628639817237854
root        : INFO             Network_User:    Train:    Allocated 0.0 GB Cached 0.6 GB
root        : INFO     

--------------------------
root        : INFO             Network_User:            Dataset lara_3s network cnn_transformer lr 0.001 lr_optimizer 0.000125 Reshape False 
root        : INFO             Network_User:    Train:    epoch 8/15 batch 312/532 itera 4569 elapsed time 0.09800195693969727 best itera 532
root        : INFO             Network_User:    Train:    loss 0.20077328383922577
root        : INFO             Network_User:    Train:    acc 0.73, f1_weighted 0.6969397664070129, f1_mean 0.522605836391449
root        : INFO             Network_User:    Train:    Allocated 0.0 GB Cached 0.6 GB
root        : INFO     

--------------------------
root        : INFO             Network_User:            Dataset lara_3s network cnn_transformer lr 0.001 lr_optimizer 0.000125 Reshape False 
root        : INFO             Network_User:    Train:    epoch 8/15 batch 338/532 itera 4595 elapsed time 0.10100054740905762 best itera 532
root        : INFO             Network_User:    Train:    loss 0.1953175663948059
root        : INFO             Network_User:    Train:    acc 0.73, f1_weighted 0.6948279738426208, f1_mean 0.5246027112007141
root        : INFO             Network_User:    Train:    Allocated 0.0 GB Cached 0.6 GB
root        : INFO     

--------------------------
root        : INFO             Network_User:            Dataset lara_3s network cnn_transformer lr 0.001 lr_optimizer 0.000125 Reshape False 
root        : INFO             Network_User:    Train:    epoch 8/15 batch 364/532 itera 4621 elapsed time 0.10792374610900879 best itera 532
root        : INFO             Network_User:    Train:    loss 0.17682914435863495
root        : INFO             Network_User:    Train:    acc 0.77, f1_weighted 0.750863254070282, f1_mean 0.4801471531391144
root        : INFO             Network_User:    Train:    Allocated 0.0 GB Cached 0.6 GB
root        : INFO     

--------------------------
root        : INFO             Network_User:            Dataset lara_3s network cnn_transformer lr 0.001 lr_optimizer 0.000125 Reshape False 
root        : INFO             Network_User:    Train:    epoch 8/15 batch 390/532 itera 4647 elapsed time 0.10940384864807129 best itera 532
root        : INFO             Network_User:    Train:    loss 0.18155960738658905
root        : INFO             Network_User:    Train:    acc 0.81, f1_weighted 0.7756025791168213, f1_mean 0.5947471857070923
root        : INFO             Network_User:    Train:    Allocated 0.0 GB Cached 0.6 GB
root        : INFO     

--------------------------
root        : INFO             Network_User:            Dataset lara_3s network cnn_transformer lr 0.001 lr_optimizer 0.000125 Reshape False 
root        : INFO             Network_User:    Train:    epoch 8/15 batch 416/532 itera 4673 elapsed time 0.15564227104187012 best itera 532
root        : INFO             Network_User:    Train:    loss 0.15700338780879974
root        : INFO             Network_User:    Train:    acc 0.81, f1_weighted 0.7679671049118042, f1_mean 0.5010916590690613
root        : INFO             Network_User:    Train:    Allocated 0.0 GB Cached 0.6 GB
root        : INFO     

--------------------------
root        : INFO             Network_User:            Dataset lara_3s network cnn_transformer lr 0.001 lr_optimizer 0.000125 Reshape False 
root        : INFO             Network_User:    Train:    epoch 8/15 batch 442/532 itera 4699 elapsed time 0.10790514945983887 best itera 532
root        : INFO             Network_User:    Train:    loss 0.15376587212085724
root        : INFO             Network_User:    Train:    acc 0.79, f1_weighted 0.7696497440338135, f1_mean 0.6127360463142395
root        : INFO             Network_User:    Train:    Allocated 0.0 GB Cached 0.6 GB
root        : INFO     

--------------------------
root        : INFO             Network_User:            Dataset lara_3s network cnn_transformer lr 0.001 lr_optimizer 0.000125 Reshape False 
root        : INFO             Network_User:    Train:    epoch 8/15 batch 468/532 itera 4725 elapsed time 0.10086488723754883 best itera 532
root        : INFO             Network_User:    Train:    loss 0.19399063289165497
root        : INFO             Network_User:    Train:    acc 0.79, f1_weighted 0.7440613508224487, f1_mean 0.6255389451980591
root        : INFO             Network_User:    Train:    Allocated 0.0 GB Cached 0.6 GB
root        : INFO     

--------------------------
root        : INFO             Network_User:            Dataset lara_3s network cnn_transformer lr 0.001 lr_optimizer 0.000125 Reshape False 
root        : INFO             Network_User:    Train:    epoch 8/15 batch 494/532 itera 4751 elapsed time 0.10829305648803711 best itera 532
root        : INFO             Network_User:    Train:    loss 0.17143067717552185
root        : INFO             Network_User:    Train:    acc 0.76, f1_weighted 0.7242006659507751, f1_mean 0.6158270239830017
root        : INFO             Network_User:    Train:    Allocated 0.0 GB Cached 0.6 GB
root        : INFO     

--------------------------
root        : INFO             Network_User:            Dataset lara_3s network cnn_transformer lr 0.001 lr_optimizer 0.000125 Reshape False 
root        : INFO             Network_User:    Train:    epoch 8/15 batch 520/532 itera 4777 elapsed time 0.10065484046936035 best itera 532
root        : INFO             Network_User:    Train:    loss 0.16856160759925842
root        : INFO             Network_User:    Train:    acc 0.78, f1_weighted 0.7630205154418945, f1_mean 0.4492616653442383
root        : INFO             Network_User:    Train:    Allocated 0.0 GB Cached 0.6 GB
root        : INFO     

--------------------------
root        : INFO     

root        : INFO             Network_User:        Validating
root        : INFO                 Metrics: Constructor
root        : INFO     

root        : INFO             Network_User:        Validating:    epoch 8 batch 531 itera 4788 elapsed time 9.413737297058105, best itera 532
root        : INFO             Network_User:        Validating:    acc 0.47462000818201844, f1_weighted 0.42589354515075684, f1_mean 0.33824530243873596
root        : INFO     
        Network_User:    Train:    Training epoch 9
root        : INFO             Network_User:            Dataset lara_3s network cnn_transformer lr 0.001 lr_optimizer 0.000125 Reshape False 
root        : INFO             Network_User:    Train:    epoch 9/15 batch 0/532 itera 4789 elapsed time 0.10314345359802246 best itera 532
root        : INFO             Network_User:    Train:    loss 0.1789911389350891
root        : INFO             Network_User:    Train:    acc 0.79, f1_weighted 0.7604737281799316, f1_mean 0.6636052131652832
root        : INFO             Network_User:    Train:    Allocated 0.0 GB Cached 0.6 GB
root        : INFO     

--------------------------
root        : INFO             Network_User:            Dataset lara_3s network cnn_transformer lr 0.001 lr_optimizer 0.000125 Reshape False 
root        : INFO             Network_User:    Train:    epoch 9/15 batch 26/532 itera 4815 elapsed time 0.0980539321899414 best itera 532
root        : INFO             Network_User:    Train:    loss 0.19060300290584564
root        : INFO             Network_User:    Train:    acc 0.76, f1_weighted 0.7194080352783203, f1_mean 0.6146935224533081
root        : INFO             Network_User:    Train:    Allocated 0.0 GB Cached 0.6 GB
root        : INFO     

--------------------------
root        : INFO             Network_User:            Dataset lara_3s network cnn_transformer lr 0.001 lr_optimizer 0.000125 Reshape False 
root        : INFO             Network_User:    Train:    epoch 9/15 batch 52/532 itera 4841 elapsed time 0.11013507843017578 best itera 532
root        : INFO             Network_User:    Train:    loss 0.22091251611709595
root        : INFO             Network_User:    Train:    acc 0.73, f1_weighted 0.7044212818145752, f1_mean 0.46560177206993103
root        : INFO             Network_User:    Train:    Allocated 0.0 GB Cached 0.6 GB
root        : INFO     

--------------------------
root        : INFO             Network_User:            Dataset lara_3s network cnn_transformer lr 0.001 lr_optimizer 0.000125 Reshape False 
root        : INFO             Network_User:    Train:    epoch 9/15 batch 78/532 itera 4867 elapsed time 0.1008443832397461 best itera 532
root        : INFO             Network_User:    Train:    loss 0.22158433496952057
root        : INFO             Network_User:    Train:    acc 0.67, f1_weighted 0.6220995187759399, f1_mean 0.4847557246685028
root        : INFO             Network_User:    Train:    Allocated 0.0 GB Cached 0.6 GB
root        : INFO     

--------------------------
root        : INFO             Network_User:            Dataset lara_3s network cnn_transformer lr 0.001 lr_optimizer 0.000125 Reshape False 
root        : INFO             Network_User:    Train:    epoch 9/15 batch 104/532 itera 4893 elapsed time 0.10139942169189453 best itera 532
root        : INFO             Network_User:    Train:    loss 0.2124953418970108
root        : INFO             Network_User:    Train:    acc 0.7, f1_weighted 0.6568124890327454, f1_mean 0.40224844217300415
root        : INFO             Network_User:    Train:    Allocated 0.0 GB Cached 0.6 GB
root        : INFO     

--------------------------
root        : INFO             Network_User:            Dataset lara_3s network cnn_transformer lr 0.001 lr_optimizer 0.000125 Reshape False 
root        : INFO             Network_User:    Train:    epoch 9/15 batch 130/532 itera 4919 elapsed time 0.10103058815002441 best itera 532
root        : INFO             Network_User:    Train:    loss 0.23747366666793823
root        : INFO             Network_User:    Train:    acc 0.63, f1_weighted 0.5956666469573975, f1_mean 0.5071428418159485
root        : INFO             Network_User:    Train:    Allocated 0.0 GB Cached 0.6 GB
root        : INFO     

--------------------------
root        : INFO             Network_User:            Dataset lara_3s network cnn_transformer lr 0.001 lr_optimizer 0.000125 Reshape False 
root        : INFO             Network_User:    Train:    epoch 9/15 batch 156/532 itera 4945 elapsed time 0.1010124683380127 best itera 532
root        : INFO             Network_User:    Train:    loss 0.1867375373840332
root        : INFO             Network_User:    Train:    acc 0.76, f1_weighted 0.7229859232902527, f1_mean 0.6312554478645325
root        : INFO             Network_User:    Train:    Allocated 0.0 GB Cached 0.6 GB
root        : INFO     

--------------------------
root        : INFO             Network_User:            Dataset lara_3s network cnn_transformer lr 0.001 lr_optimizer 0.000125 Reshape False 
root        : INFO             Network_User:    Train:    epoch 9/15 batch 182/532 itera 4971 elapsed time 0.10090088844299316 best itera 532
root        : INFO             Network_User:    Train:    loss 0.19025960564613342
root        : INFO             Network_User:    Train:    acc 0.73, f1_weighted 0.6803006529808044, f1_mean 0.4553377032279968
root        : INFO             Network_User:    Train:    Allocated 0.0 GB Cached 0.6 GB
root        : INFO     

--------------------------
root        : INFO             Network_User:            Dataset lara_3s network cnn_transformer lr 0.001 lr_optimizer 0.000125 Reshape False 
root        : INFO             Network_User:    Train:    epoch 9/15 batch 208/532 itera 4997 elapsed time 0.1047821044921875 best itera 532
root        : INFO             Network_User:    Train:    loss 0.22519011795520782
root        : INFO             Network_User:    Train:    acc 0.69, f1_weighted 0.6398939490318298, f1_mean 0.4373376667499542
root        : INFO             Network_User:    Train:    Allocated 0.0 GB Cached 0.6 GB
root        : INFO     

--------------------------
root        : INFO             Network_User:            Dataset lara_3s network cnn_transformer lr 0.001 lr_optimizer 0.000125 Reshape False 
root        : INFO             Network_User:    Train:    epoch 9/15 batch 234/532 itera 5023 elapsed time 0.10085225105285645 best itera 532
root        : INFO             Network_User:    Train:    loss 0.19164720177650452
root        : INFO             Network_User:    Train:    acc 0.74, f1_weighted 0.7033337950706482, f1_mean 0.6531615257263184
root        : INFO             Network_User:    Train:    Allocated 0.0 GB Cached 0.6 GB
root        : INFO     

--------------------------
root        : INFO             Network_User:            Dataset lara_3s network cnn_transformer lr 0.001 lr_optimizer 0.000125 Reshape False 
root        : INFO             Network_User:    Train:    epoch 9/15 batch 260/532 itera 5049 elapsed time 0.10981106758117676 best itera 532
root        : INFO             Network_User:    Train:    loss 0.1705540120601654
root        : INFO             Network_User:    Train:    acc 0.8, f1_weighted 0.768325924873352, f1_mean 0.5555974841117859
root        : INFO             Network_User:    Train:    Allocated 0.0 GB Cached 0.6 GB
root        : INFO     

--------------------------
root        : INFO             Network_User:            Dataset lara_3s network cnn_transformer lr 0.001 lr_optimizer 0.000125 Reshape False 
root        : INFO             Network_User:    Train:    epoch 9/15 batch 286/532 itera 5075 elapsed time 0.10155582427978516 best itera 532
root        : INFO             Network_User:    Train:    loss 0.18714183568954468
root        : INFO             Network_User:    Train:    acc 0.74, f1_weighted 0.7117329239845276, f1_mean 0.5355202555656433
root        : INFO             Network_User:    Train:    Allocated 0.0 GB Cached 0.6 GB
root        : INFO     

--------------------------
root        : INFO             Network_User:            Dataset lara_3s network cnn_transformer lr 0.001 lr_optimizer 0.000125 Reshape False 
root        : INFO             Network_User:    Train:    epoch 9/15 batch 312/532 itera 5101 elapsed time 0.10283899307250977 best itera 532
root        : INFO             Network_User:    Train:    loss 0.22461216151714325
root        : INFO             Network_User:    Train:    acc 0.7, f1_weighted 0.6674700379371643, f1_mean 0.4446817934513092
root        : INFO             Network_User:    Train:    Allocated 0.0 GB Cached 0.6 GB
root        : INFO     

--------------------------
root        : INFO             Network_User:            Dataset lara_3s network cnn_transformer lr 0.001 lr_optimizer 0.000125 Reshape False 
root        : INFO             Network_User:    Train:    epoch 9/15 batch 338/532 itera 5127 elapsed time 0.11035990715026855 best itera 532
root        : INFO             Network_User:    Train:    loss 0.17195455729961395
root        : INFO             Network_User:    Train:    acc 0.78, f1_weighted 0.7311111092567444, f1_mean 0.6907029747962952
root        : INFO             Network_User:    Train:    Allocated 0.0 GB Cached 0.6 GB
root        : INFO     

--------------------------
root        : INFO             Network_User:            Dataset lara_3s network cnn_transformer lr 0.001 lr_optimizer 0.000125 Reshape False 
root        : INFO             Network_User:    Train:    epoch 9/15 batch 364/532 itera 5153 elapsed time 0.10753607749938965 best itera 532
root        : INFO             Network_User:    Train:    loss 0.17512807250022888
root        : INFO             Network_User:    Train:    acc 0.76, f1_weighted 0.7294251322746277, f1_mean 0.4803290069103241
root        : INFO             Network_User:    Train:    Allocated 0.0 GB Cached 0.6 GB
root        : INFO     

--------------------------
root        : INFO             Network_User:            Dataset lara_3s network cnn_transformer lr 0.001 lr_optimizer 0.000125 Reshape False 
root        : INFO             Network_User:    Train:    epoch 9/15 batch 390/532 itera 5179 elapsed time 0.10129570960998535 best itera 532
root        : INFO             Network_User:    Train:    loss 0.16766595840454102
root        : INFO             Network_User:    Train:    acc 0.8, f1_weighted 0.7617578506469727, f1_mean 0.5402884483337402
root        : INFO             Network_User:    Train:    Allocated 0.0 GB Cached 0.6 GB
root        : INFO     

--------------------------
root        : INFO             Network_User:            Dataset lara_3s network cnn_transformer lr 0.001 lr_optimizer 0.000125 Reshape False 
root        : INFO             Network_User:    Train:    epoch 9/15 batch 416/532 itera 5205 elapsed time 0.10039186477661133 best itera 532
root        : INFO             Network_User:    Train:    loss 0.15850773453712463
root        : INFO             Network_User:    Train:    acc 0.81, f1_weighted 0.7793234586715698, f1_mean 0.6261084675788879
root        : INFO             Network_User:    Train:    Allocated 0.0 GB Cached 0.6 GB
root        : INFO     

--------------------------
root        : INFO             Network_User:            Dataset lara_3s network cnn_transformer lr 0.001 lr_optimizer 0.000125 Reshape False 
root        : INFO             Network_User:    Train:    epoch 9/15 batch 442/532 itera 5231 elapsed time 0.09784626960754395 best itera 532
root        : INFO             Network_User:    Train:    loss 0.1594303846359253
root        : INFO             Network_User:    Train:    acc 0.79, f1_weighted 0.7634837627410889, f1_mean 0.6269159913063049
root        : INFO             Network_User:    Train:    Allocated 0.0 GB Cached 0.6 GB
root        : INFO     

--------------------------
root        : INFO             Network_User:            Dataset lara_3s network cnn_transformer lr 0.001 lr_optimizer 0.000125 Reshape False 
root        : INFO             Network_User:    Train:    epoch 9/15 batch 468/532 itera 5257 elapsed time 0.09804868698120117 best itera 532
root        : INFO             Network_User:    Train:    loss 0.1515609323978424
root        : INFO             Network_User:    Train:    acc 0.83, f1_weighted 0.8128433227539062, f1_mean 0.6180877089500427
root        : INFO             Network_User:    Train:    Allocated 0.0 GB Cached 0.6 GB
root        : INFO     

--------------------------
root        : INFO             Network_User:            Dataset lara_3s network cnn_transformer lr 0.001 lr_optimizer 0.000125 Reshape False 
root        : INFO             Network_User:    Train:    epoch 9/15 batch 494/532 itera 5283 elapsed time 0.10067892074584961 best itera 532
root        : INFO             Network_User:    Train:    loss 0.15573984384536743
root        : INFO             Network_User:    Train:    acc 0.81, f1_weighted 0.7800341844558716, f1_mean 0.7189255356788635
root        : INFO             Network_User:    Train:    Allocated 0.0 GB Cached 0.6 GB
root        : INFO     

--------------------------
root        : INFO             Network_User:            Dataset lara_3s network cnn_transformer lr 0.001 lr_optimizer 0.000125 Reshape False 
root        : INFO             Network_User:    Train:    epoch 9/15 batch 520/532 itera 5309 elapsed time 0.10049629211425781 best itera 532
root        : INFO             Network_User:    Train:    loss 0.2452651858329773
root        : INFO             Network_User:    Train:    acc 0.7, f1_weighted 0.6719231009483337, f1_mean 0.5769230723381042
root        : INFO             Network_User:    Train:    Allocated 0.0 GB Cached 0.6 GB
root        : INFO     

--------------------------
root        : INFO     

root        : INFO             Network_User:        Validating
root        : INFO                 Metrics: Constructor
root        : INFO     

root        : INFO             Network_User:        Validating:    epoch 9 batch 531 itera 5320 elapsed time 8.975146293640137, best itera 532
root        : INFO             Network_User:        Validating:    acc 0.4970576202914057, f1_weighted 0.43946975469589233, f1_mean 0.3475516140460968
root        : INFO     
        Network_User:    Train:    Training epoch 10
root        : INFO             Network_User:            Dataset lara_3s network cnn_transformer lr 0.001 lr_optimizer 6.25e-05 Reshape False 
root        : INFO             Network_User:    Train:    epoch 10/15 batch 0/532 itera 5321 elapsed time 0.12557196617126465 best itera 532
root        : INFO             Network_User:    Train:    loss 0.19430230557918549
root        : INFO             Network_User:    Train:    acc 0.78, f1_weighted 0.7591323256492615, f1_mean 0.6827049255371094
root        : INFO             Network_User:    Train:    Allocated 0.0 GB Cached 0.6 GB
root        : INFO     

--------------------------
root        : INFO             Network_User:            Dataset lara_3s network cnn_transformer lr 0.001 lr_optimizer 6.25e-05 Reshape False 
root        : INFO             Network_User:    Train:    epoch 10/15 batch 26/532 itera 5347 elapsed time 0.1015768051147461 best itera 532
root        : INFO             Network_User:    Train:    loss 0.13983826339244843
root        : INFO             Network_User:    Train:    acc 0.82, f1_weighted 0.807602047920227, f1_mean 0.6500094532966614
root        : INFO             Network_User:    Train:    Allocated 0.0 GB Cached 0.6 GB
root        : INFO     

--------------------------
root        : INFO             Network_User:            Dataset lara_3s network cnn_transformer lr 0.001 lr_optimizer 6.25e-05 Reshape False 
root        : INFO             Network_User:    Train:    epoch 10/15 batch 52/532 itera 5373 elapsed time 0.09785223007202148 best itera 532
root        : INFO             Network_User:    Train:    loss 0.18350531160831451
root        : INFO             Network_User:    Train:    acc 0.79, f1_weighted 0.7578161954879761, f1_mean 0.5720445513725281
root        : INFO             Network_User:    Train:    Allocated 0.0 GB Cached 0.6 GB
root        : INFO     

--------------------------
root        : INFO             Network_User:            Dataset lara_3s network cnn_transformer lr 0.001 lr_optimizer 6.25e-05 Reshape False 
root        : INFO             Network_User:    Train:    epoch 10/15 batch 78/532 itera 5399 elapsed time 0.10085415840148926 best itera 532
root        : INFO             Network_User:    Train:    loss 0.1844729483127594
root        : INFO             Network_User:    Train:    acc 0.74, f1_weighted 0.7109459638595581, f1_mean 0.6351779699325562
root        : INFO             Network_User:    Train:    Allocated 0.0 GB Cached 0.6 GB
root        : INFO     

--------------------------
root        : INFO             Network_User:            Dataset lara_3s network cnn_transformer lr 0.001 lr_optimizer 6.25e-05 Reshape False 
root        : INFO             Network_User:    Train:    epoch 10/15 batch 104/532 itera 5425 elapsed time 0.09784555435180664 best itera 532
root        : INFO             Network_User:    Train:    loss 0.1656981259584427
root        : INFO             Network_User:    Train:    acc 0.78, f1_weighted 0.7491208910942078, f1_mean 0.6232339143753052
root        : INFO             Network_User:    Train:    Allocated 0.0 GB Cached 0.6 GB
root        : INFO     

--------------------------
root        : INFO             Network_User:            Dataset lara_3s network cnn_transformer lr 0.001 lr_optimizer 6.25e-05 Reshape False 
root        : INFO             Network_User:    Train:    epoch 10/15 batch 130/532 itera 5451 elapsed time 0.09820747375488281 best itera 532
root        : INFO             Network_User:    Train:    loss 0.1964261680841446
root        : INFO             Network_User:    Train:    acc 0.74, f1_weighted 0.6988170146942139, f1_mean 0.5024054646492004
root        : INFO             Network_User:    Train:    Allocated 0.0 GB Cached 0.6 GB
root        : INFO     

--------------------------
root        : INFO             Network_User:            Dataset lara_3s network cnn_transformer lr 0.001 lr_optimizer 6.25e-05 Reshape False 
root        : INFO             Network_User:    Train:    epoch 10/15 batch 156/532 itera 5477 elapsed time 0.10135722160339355 best itera 532
root        : INFO             Network_User:    Train:    loss 0.1989067792892456
root        : INFO             Network_User:    Train:    acc 0.74, f1_weighted 0.6920667886734009, f1_mean 0.5367017984390259
root        : INFO             Network_User:    Train:    Allocated 0.0 GB Cached 0.6 GB
root        : INFO     

--------------------------
root        : INFO             Network_User:            Dataset lara_3s network cnn_transformer lr 0.001 lr_optimizer 6.25e-05 Reshape False 
root        : INFO             Network_User:    Train:    epoch 10/15 batch 182/532 itera 5503 elapsed time 0.10077095031738281 best itera 532
root        : INFO             Network_User:    Train:    loss 0.19033260643482208
root        : INFO             Network_User:    Train:    acc 0.72, f1_weighted 0.6815626621246338, f1_mean 0.5380134582519531
root        : INFO             Network_User:    Train:    Allocated 0.0 GB Cached 0.6 GB
root        : INFO     

--------------------------
root        : INFO             Network_User:            Dataset lara_3s network cnn_transformer lr 0.001 lr_optimizer 6.25e-05 Reshape False 
root        : INFO             Network_User:    Train:    epoch 10/15 batch 208/532 itera 5529 elapsed time 0.1015481948852539 best itera 532
root        : INFO             Network_User:    Train:    loss 0.1980835348367691
root        : INFO             Network_User:    Train:    acc 0.77, f1_weighted 0.723080039024353, f1_mean 0.6569024324417114
root        : INFO             Network_User:    Train:    Allocated 0.0 GB Cached 0.6 GB
root        : INFO     

--------------------------
root        : INFO             Network_User:            Dataset lara_3s network cnn_transformer lr 0.001 lr_optimizer 6.25e-05 Reshape False 
root        : INFO             Network_User:    Train:    epoch 10/15 batch 234/532 itera 5555 elapsed time 0.10064363479614258 best itera 532
root        : INFO             Network_User:    Train:    loss 0.14827555418014526
root        : INFO             Network_User:    Train:    acc 0.85, f1_weighted 0.8179440498352051, f1_mean 0.7583527565002441
root        : INFO             Network_User:    Train:    Allocated 0.0 GB Cached 0.6 GB
root        : INFO     

--------------------------
root        : INFO             Network_User:            Dataset lara_3s network cnn_transformer lr 0.001 lr_optimizer 6.25e-05 Reshape False 
root        : INFO             Network_User:    Train:    epoch 10/15 batch 260/532 itera 5581 elapsed time 0.10078310966491699 best itera 532
root        : INFO             Network_User:    Train:    loss 0.21885022521018982
root        : INFO             Network_User:    Train:    acc 0.75, f1_weighted 0.7209064364433289, f1_mean 0.6154860258102417
root        : INFO             Network_User:    Train:    Allocated 0.0 GB Cached 0.6 GB
root        : INFO     

--------------------------
root        : INFO             Network_User:            Dataset lara_3s network cnn_transformer lr 0.001 lr_optimizer 6.25e-05 Reshape False 
root        : INFO             Network_User:    Train:    epoch 10/15 batch 286/532 itera 5607 elapsed time 0.09808564186096191 best itera 532
root        : INFO             Network_User:    Train:    loss 0.22629812359809875
root        : INFO             Network_User:    Train:    acc 0.72, f1_weighted 0.6944311261177063, f1_mean 0.5759983658790588
root        : INFO             Network_User:    Train:    Allocated 0.0 GB Cached 0.6 GB
root        : INFO     

--------------------------
root        : INFO             Network_User:            Dataset lara_3s network cnn_transformer lr 0.001 lr_optimizer 6.25e-05 Reshape False 
root        : INFO             Network_User:    Train:    epoch 10/15 batch 312/532 itera 5633 elapsed time 0.10809183120727539 best itera 532
root        : INFO             Network_User:    Train:    loss 0.23210418224334717
root        : INFO             Network_User:    Train:    acc 0.66, f1_weighted 0.6266647577285767, f1_mean 0.5436574220657349
root        : INFO             Network_User:    Train:    Allocated 0.0 GB Cached 0.6 GB
root        : INFO     

--------------------------
root        : INFO             Network_User:            Dataset lara_3s network cnn_transformer lr 0.001 lr_optimizer 6.25e-05 Reshape False 
root        : INFO             Network_User:    Train:    epoch 10/15 batch 338/532 itera 5659 elapsed time 0.09802961349487305 best itera 532
root        : INFO             Network_User:    Train:    loss 0.17295025289058685
root        : INFO             Network_User:    Train:    acc 0.79, f1_weighted 0.7529825568199158, f1_mean 0.6379238963127136
root        : INFO             Network_User:    Train:    Allocated 0.0 GB Cached 0.6 GB
root        : INFO     

--------------------------
root        : INFO             Network_User:            Dataset lara_3s network cnn_transformer lr 0.001 lr_optimizer 6.25e-05 Reshape False 
root        : INFO             Network_User:    Train:    epoch 10/15 batch 364/532 itera 5685 elapsed time 0.10067582130432129 best itera 532
root        : INFO             Network_User:    Train:    loss 0.18125580251216888
root        : INFO             Network_User:    Train:    acc 0.73, f1_weighted 0.6919491291046143, f1_mean 0.5079706907272339
root        : INFO             Network_User:    Train:    Allocated 0.0 GB Cached 0.6 GB
root        : INFO     

--------------------------
root        : INFO             Network_User:            Dataset lara_3s network cnn_transformer lr 0.001 lr_optimizer 6.25e-05 Reshape False 
root        : INFO             Network_User:    Train:    epoch 10/15 batch 390/532 itera 5711 elapsed time 0.100860595703125 best itera 532
root        : INFO             Network_User:    Train:    loss 0.16663308441638947
root        : INFO             Network_User:    Train:    acc 0.81, f1_weighted 0.7662545442581177, f1_mean 0.6044830083847046
root        : INFO             Network_User:    Train:    Allocated 0.0 GB Cached 0.6 GB
root        : INFO     

--------------------------
root        : INFO             Network_User:            Dataset lara_3s network cnn_transformer lr 0.001 lr_optimizer 6.25e-05 Reshape False 
root        : INFO             Network_User:    Train:    epoch 10/15 batch 416/532 itera 5737 elapsed time 0.09781098365783691 best itera 532
root        : INFO             Network_User:    Train:    loss 0.17845867574214935
root        : INFO             Network_User:    Train:    acc 0.77, f1_weighted 0.7340347766876221, f1_mean 0.48733609914779663
root        : INFO             Network_User:    Train:    Allocated 0.0 GB Cached 0.6 GB
root        : INFO     

--------------------------
root        : INFO             Network_User:            Dataset lara_3s network cnn_transformer lr 0.001 lr_optimizer 6.25e-05 Reshape False 
root        : INFO             Network_User:    Train:    epoch 10/15 batch 442/532 itera 5763 elapsed time 0.0979459285736084 best itera 532
root        : INFO             Network_User:    Train:    loss 0.15048062801361084
root        : INFO             Network_User:    Train:    acc 0.81, f1_weighted 0.7883255481719971, f1_mean 0.5813536047935486
root        : INFO             Network_User:    Train:    Allocated 0.0 GB Cached 0.6 GB
root        : INFO     

--------------------------
root        : INFO             Network_User:            Dataset lara_3s network cnn_transformer lr 0.001 lr_optimizer 6.25e-05 Reshape False 
root        : INFO             Network_User:    Train:    epoch 10/15 batch 468/532 itera 5789 elapsed time 0.10078668594360352 best itera 532
root        : INFO             Network_User:    Train:    loss 0.17762550711631775
root        : INFO             Network_User:    Train:    acc 0.79, f1_weighted 0.7445000410079956, f1_mean 0.6357143521308899
root        : INFO             Network_User:    Train:    Allocated 0.0 GB Cached 0.6 GB
root        : INFO     

--------------------------
root        : INFO             Network_User:            Dataset lara_3s network cnn_transformer lr 0.001 lr_optimizer 6.25e-05 Reshape False 
root        : INFO             Network_User:    Train:    epoch 10/15 batch 494/532 itera 5815 elapsed time 0.09796524047851562 best itera 532
root        : INFO             Network_User:    Train:    loss 0.17942136526107788
root        : INFO             Network_User:    Train:    acc 0.76, f1_weighted 0.717842698097229, f1_mean 0.570597767829895
root        : INFO             Network_User:    Train:    Allocated 0.0 GB Cached 0.6 GB
root        : INFO     

--------------------------
root        : INFO             Network_User:            Dataset lara_3s network cnn_transformer lr 0.001 lr_optimizer 6.25e-05 Reshape False 
root        : INFO             Network_User:    Train:    epoch 10/15 batch 520/532 itera 5841 elapsed time 0.09787797927856445 best itera 532
root        : INFO             Network_User:    Train:    loss 0.17286428809165955
root        : INFO             Network_User:    Train:    acc 0.78, f1_weighted 0.7303708791732788, f1_mean 0.5713703036308289
root        : INFO             Network_User:    Train:    Allocated 0.0 GB Cached 0.6 GB
root        : INFO     

--------------------------
root        : INFO     

root        : INFO             Network_User:        Validating
root        : INFO                 Metrics: Constructor
root        : INFO     

root        : INFO             Network_User:        Validating:    epoch 10 batch 531 itera 5852 elapsed time 9.235602140426636, best itera 532
root        : INFO             Network_User:        Validating:    acc 0.5039808666645688, f1_weighted 0.4439387917518616, f1_mean 0.34308290481567383
root        : INFO     
        Network_User:    Train:    Training epoch 11
root        : INFO             Network_User:            Dataset lara_3s network cnn_transformer lr 0.001 lr_optimizer 6.25e-05 Reshape False 
root        : INFO             Network_User:    Train:    epoch 11/15 batch 0/532 itera 5853 elapsed time 0.12080264091491699 best itera 532
root        : INFO             Network_User:    Train:    loss 0.20573191344738007
root        : INFO             Network_User:    Train:    acc 0.73, f1_weighted 0.6989589929580688, f1_mean 0.5786762237548828
root        : INFO             Network_User:    Train:    Allocated 0.0 GB Cached 0.6 GB
root        : INFO     

--------------------------
root        : INFO             Network_User:            Dataset lara_3s network cnn_transformer lr 0.001 lr_optimizer 6.25e-05 Reshape False 
root        : INFO             Network_User:    Train:    epoch 11/15 batch 26/532 itera 5879 elapsed time 0.12047076225280762 best itera 532
root        : INFO             Network_User:    Train:    loss 0.2094365507364273
root        : INFO             Network_User:    Train:    acc 0.75, f1_weighted 0.734500527381897, f1_mean 0.5441828370094299
root        : INFO             Network_User:    Train:    Allocated 0.0 GB Cached 0.6 GB
root        : INFO     

--------------------------
root        : INFO             Network_User:            Dataset lara_3s network cnn_transformer lr 0.001 lr_optimizer 6.25e-05 Reshape False 
root        : INFO             Network_User:    Train:    epoch 11/15 batch 52/532 itera 5905 elapsed time 0.11057353019714355 best itera 532
root        : INFO             Network_User:    Train:    loss 0.17300178110599518
root        : INFO             Network_User:    Train:    acc 0.76, f1_weighted 0.7163724899291992, f1_mean 0.4703972637653351
root        : INFO             Network_User:    Train:    Allocated 0.0 GB Cached 0.6 GB
root        : INFO     

--------------------------
root        : INFO             Network_User:            Dataset lara_3s network cnn_transformer lr 0.001 lr_optimizer 6.25e-05 Reshape False 
root        : INFO             Network_User:    Train:    epoch 11/15 batch 78/532 itera 5931 elapsed time 0.10912752151489258 best itera 532
root        : INFO             Network_User:    Train:    loss 0.1932324767112732
root        : INFO             Network_User:    Train:    acc 0.75, f1_weighted 0.7237198948860168, f1_mean 0.5848539471626282
root        : INFO             Network_User:    Train:    Allocated 0.0 GB Cached 0.6 GB
root        : INFO     

--------------------------
root        : INFO             Network_User:            Dataset lara_3s network cnn_transformer lr 0.001 lr_optimizer 6.25e-05 Reshape False 
root        : INFO             Network_User:    Train:    epoch 11/15 batch 104/532 itera 5957 elapsed time 0.10745501518249512 best itera 532
root        : INFO             Network_User:    Train:    loss 0.19914749264717102
root        : INFO             Network_User:    Train:    acc 0.7, f1_weighted 0.646752655506134, f1_mean 0.4459282457828522
root        : INFO             Network_User:    Train:    Allocated 0.0 GB Cached 0.6 GB
root        : INFO     

--------------------------
root        : INFO             Network_User:            Dataset lara_3s network cnn_transformer lr 0.001 lr_optimizer 6.25e-05 Reshape False 
root        : INFO             Network_User:    Train:    epoch 11/15 batch 130/532 itera 5983 elapsed time 0.10167169570922852 best itera 532
root        : INFO             Network_User:    Train:    loss 0.17561624944210052
root        : INFO             Network_User:    Train:    acc 0.78, f1_weighted 0.7305983901023865, f1_mean 0.6903890371322632
root        : INFO             Network_User:    Train:    Allocated 0.0 GB Cached 0.6 GB
root        : INFO     

--------------------------
root        : INFO             Network_User:            Dataset lara_3s network cnn_transformer lr 0.001 lr_optimizer 6.25e-05 Reshape False 
root        : INFO             Network_User:    Train:    epoch 11/15 batch 156/532 itera 6009 elapsed time 0.10073375701904297 best itera 532
root        : INFO             Network_User:    Train:    loss 0.15696701407432556
root        : INFO             Network_User:    Train:    acc 0.75, f1_weighted 0.7028776407241821, f1_mean 0.4616193175315857
root        : INFO             Network_User:    Train:    Allocated 0.0 GB Cached 0.6 GB
root        : INFO     

--------------------------
root        : INFO             Network_User:            Dataset lara_3s network cnn_transformer lr 0.001 lr_optimizer 6.25e-05 Reshape False 
root        : INFO             Network_User:    Train:    epoch 11/15 batch 182/532 itera 6035 elapsed time 0.10085391998291016 best itera 532
root        : INFO             Network_User:    Train:    loss 0.16533531248569489
root        : INFO             Network_User:    Train:    acc 0.8, f1_weighted 0.7625284194946289, f1_mean 0.6723706126213074
root        : INFO             Network_User:    Train:    Allocated 0.0 GB Cached 0.6 GB
root        : INFO     

--------------------------
root        : INFO             Network_User:            Dataset lara_3s network cnn_transformer lr 0.001 lr_optimizer 6.25e-05 Reshape False 
root        : INFO             Network_User:    Train:    epoch 11/15 batch 208/532 itera 6061 elapsed time 0.1045827865600586 best itera 532
root        : INFO             Network_User:    Train:    loss 0.17221485078334808
root        : INFO             Network_User:    Train:    acc 0.79, f1_weighted 0.749936044216156, f1_mean 0.4964449107646942
root        : INFO             Network_User:    Train:    Allocated 0.0 GB Cached 0.6 GB
root        : INFO     

--------------------------
root        : INFO             Network_User:            Dataset lara_3s network cnn_transformer lr 0.001 lr_optimizer 6.25e-05 Reshape False 
root        : INFO             Network_User:    Train:    epoch 11/15 batch 234/532 itera 6087 elapsed time 0.10042262077331543 best itera 532
root        : INFO             Network_User:    Train:    loss 0.17647039890289307
root        : INFO             Network_User:    Train:    acc 0.76, f1_weighted 0.7353137135505676, f1_mean 0.4525209963321686
root        : INFO             Network_User:    Train:    Allocated 0.0 GB Cached 0.6 GB
root        : INFO     

--------------------------
root        : INFO             Network_User:            Dataset lara_3s network cnn_transformer lr 0.001 lr_optimizer 6.25e-05 Reshape False 
root        : INFO             Network_User:    Train:    epoch 11/15 batch 260/532 itera 6113 elapsed time 0.10274410247802734 best itera 532
root        : INFO             Network_User:    Train:    loss 0.19487042725086212
root        : INFO             Network_User:    Train:    acc 0.72, f1_weighted 0.6871441602706909, f1_mean 0.43562254309654236
root        : INFO             Network_User:    Train:    Allocated 0.0 GB Cached 0.6 GB
root        : INFO     

--------------------------
root        : INFO             Network_User:            Dataset lara_3s network cnn_transformer lr 0.001 lr_optimizer 6.25e-05 Reshape False 
root        : INFO             Network_User:    Train:    epoch 11/15 batch 286/532 itera 6139 elapsed time 0.10196948051452637 best itera 532
root        : INFO             Network_User:    Train:    loss 0.19984565675258636
root        : INFO             Network_User:    Train:    acc 0.72, f1_weighted 0.6771610379219055, f1_mean 0.3800686001777649
root        : INFO             Network_User:    Train:    Allocated 0.0 GB Cached 0.6 GB
root        : INFO     

--------------------------
root        : INFO             Network_User:            Dataset lara_3s network cnn_transformer lr 0.001 lr_optimizer 6.25e-05 Reshape False 
root        : INFO             Network_User:    Train:    epoch 11/15 batch 312/532 itera 6165 elapsed time 0.1016089916229248 best itera 532
root        : INFO             Network_User:    Train:    loss 0.1811884343624115
root        : INFO             Network_User:    Train:    acc 0.79, f1_weighted 0.7629089951515198, f1_mean 0.6674691438674927
root        : INFO             Network_User:    Train:    Allocated 0.0 GB Cached 0.6 GB
root        : INFO     

--------------------------
root        : INFO             Network_User:            Dataset lara_3s network cnn_transformer lr 0.001 lr_optimizer 6.25e-05 Reshape False 
root        : INFO             Network_User:    Train:    epoch 11/15 batch 338/532 itera 6191 elapsed time 0.1010589599609375 best itera 532
root        : INFO             Network_User:    Train:    loss 0.18682615458965302
root        : INFO             Network_User:    Train:    acc 0.79, f1_weighted 0.7577778100967407, f1_mean 0.4821428656578064
root        : INFO             Network_User:    Train:    Allocated 0.0 GB Cached 0.6 GB
root        : INFO     

--------------------------
root        : INFO             Network_User:            Dataset lara_3s network cnn_transformer lr 0.001 lr_optimizer 6.25e-05 Reshape False 
root        : INFO             Network_User:    Train:    epoch 11/15 batch 364/532 itera 6217 elapsed time 0.1015775203704834 best itera 532
root        : INFO             Network_User:    Train:    loss 0.18686619400978088
root        : INFO             Network_User:    Train:    acc 0.74, f1_weighted 0.7013779878616333, f1_mean 0.5745207071304321
root        : INFO             Network_User:    Train:    Allocated 0.0 GB Cached 0.6 GB
root        : INFO     

--------------------------
root        : INFO             Network_User:            Dataset lara_3s network cnn_transformer lr 0.001 lr_optimizer 6.25e-05 Reshape False 
root        : INFO             Network_User:    Train:    epoch 11/15 batch 390/532 itera 6243 elapsed time 0.10990786552429199 best itera 532
root        : INFO             Network_User:    Train:    loss 0.18651553988456726
root        : INFO             Network_User:    Train:    acc 0.72, f1_weighted 0.6915821433067322, f1_mean 0.45893749594688416
root        : INFO             Network_User:    Train:    Allocated 0.0 GB Cached 0.6 GB
root        : INFO     

--------------------------
root        : INFO             Network_User:            Dataset lara_3s network cnn_transformer lr 0.001 lr_optimizer 6.25e-05 Reshape False 
root        : INFO             Network_User:    Train:    epoch 11/15 batch 416/532 itera 6269 elapsed time 0.10313582420349121 best itera 532
root        : INFO             Network_User:    Train:    loss 0.1842372566461563
root        : INFO             Network_User:    Train:    acc 0.75, f1_weighted 0.711880624294281, f1_mean 0.6183485984802246
root        : INFO             Network_User:    Train:    Allocated 0.0 GB Cached 0.6 GB
root        : INFO     

--------------------------
root        : INFO             Network_User:            Dataset lara_3s network cnn_transformer lr 0.001 lr_optimizer 6.25e-05 Reshape False 
root        : INFO             Network_User:    Train:    epoch 11/15 batch 442/532 itera 6295 elapsed time 0.10084414482116699 best itera 532
root        : INFO             Network_User:    Train:    loss 0.19381174445152283
root        : INFO             Network_User:    Train:    acc 0.7, f1_weighted 0.6693232655525208, f1_mean 0.46835020184516907
root        : INFO             Network_User:    Train:    Allocated 0.0 GB Cached 0.6 GB
root        : INFO     

--------------------------
root        : INFO             Network_User:            Dataset lara_3s network cnn_transformer lr 0.001 lr_optimizer 6.25e-05 Reshape False 
root        : INFO             Network_User:    Train:    epoch 11/15 batch 468/532 itera 6321 elapsed time 0.10068321228027344 best itera 532
root        : INFO             Network_User:    Train:    loss 0.2502289116382599
root        : INFO             Network_User:    Train:    acc 0.7, f1_weighted 0.6592156887054443, f1_mean 0.5845108032226562
root        : INFO             Network_User:    Train:    Allocated 0.0 GB Cached 0.6 GB
root        : INFO     

--------------------------
root        : INFO             Network_User:            Dataset lara_3s network cnn_transformer lr 0.001 lr_optimizer 6.25e-05 Reshape False 
root        : INFO             Network_User:    Train:    epoch 11/15 batch 494/532 itera 6347 elapsed time 0.10811185836791992 best itera 532
root        : INFO             Network_User:    Train:    loss 0.19929960370063782
root        : INFO             Network_User:    Train:    acc 0.76, f1_weighted 0.7538731098175049, f1_mean 0.46896085143089294
root        : INFO             Network_User:    Train:    Allocated 0.0 GB Cached 0.6 GB
root        : INFO     

--------------------------
root        : INFO             Network_User:            Dataset lara_3s network cnn_transformer lr 0.001 lr_optimizer 6.25e-05 Reshape False 
root        : INFO             Network_User:    Train:    epoch 11/15 batch 520/532 itera 6373 elapsed time 0.1007699966430664 best itera 532
root        : INFO             Network_User:    Train:    loss 0.1656348556280136
root        : INFO             Network_User:    Train:    acc 0.83, f1_weighted 0.7932136058807373, f1_mean 0.5014500021934509
root        : INFO             Network_User:    Train:    Allocated 0.0 GB Cached 0.6 GB
root        : INFO     

--------------------------
root        : INFO     

root        : INFO             Network_User:        Validating
root        : INFO                 Metrics: Constructor
root        : INFO     

root        : INFO             Network_User:        Validating:    epoch 11 batch 531 itera 6384 elapsed time 9.435832738876343, best itera 532
root        : INFO             Network_User:        Validating:    acc 0.49485476917267207, f1_weighted 0.43647301197052, f1_mean 0.34681084752082825
root        : INFO     
        Network_User:    Train:    Training epoch 12
root        : INFO             Network_User:            Dataset lara_3s network cnn_transformer lr 0.001 lr_optimizer 6.25e-05 Reshape False 
root        : INFO             Network_User:    Train:    epoch 12/15 batch 0/532 itera 6385 elapsed time 0.10539555549621582 best itera 532
root        : INFO             Network_User:    Train:    loss 0.16222400963306427
root        : INFO             Network_User:    Train:    acc 0.83, f1_weighted 0.7992398738861084, f1_mean 0.6509623527526855
root        : INFO             Network_User:    Train:    Allocated 0.0 GB Cached 0.6 GB
root        : INFO     

--------------------------
root        : INFO             Network_User:            Dataset lara_3s network cnn_transformer lr 0.001 lr_optimizer 6.25e-05 Reshape False 
root        : INFO             Network_User:    Train:    epoch 12/15 batch 26/532 itera 6411 elapsed time 0.09839248657226562 best itera 532
root        : INFO             Network_User:    Train:    loss 0.15197652578353882
root        : INFO             Network_User:    Train:    acc 0.8, f1_weighted 0.7691618800163269, f1_mean 0.6626001596450806
root        : INFO             Network_User:    Train:    Allocated 0.0 GB Cached 0.6 GB
root        : INFO     

--------------------------
root        : INFO             Network_User:            Dataset lara_3s network cnn_transformer lr 0.001 lr_optimizer 6.25e-05 Reshape False 
root        : INFO             Network_User:    Train:    epoch 12/15 batch 52/532 itera 6437 elapsed time 0.10060858726501465 best itera 532
root        : INFO             Network_User:    Train:    loss 0.14521540701389313
root        : INFO             Network_User:    Train:    acc 0.81, f1_weighted 0.800645112991333, f1_mean 0.5862089395523071
root        : INFO             Network_User:    Train:    Allocated 0.0 GB Cached 0.6 GB
root        : INFO     

--------------------------
root        : INFO             Network_User:            Dataset lara_3s network cnn_transformer lr 0.001 lr_optimizer 6.25e-05 Reshape False 
root        : INFO             Network_User:    Train:    epoch 12/15 batch 78/532 itera 6463 elapsed time 0.10090160369873047 best itera 532
root        : INFO             Network_User:    Train:    loss 0.20772509276866913
root        : INFO             Network_User:    Train:    acc 0.75, f1_weighted 0.7286423444747925, f1_mean 0.6053937673568726
root        : INFO             Network_User:    Train:    Allocated 0.0 GB Cached 0.6 GB
root        : INFO     

--------------------------
root        : INFO             Network_User:            Dataset lara_3s network cnn_transformer lr 0.001 lr_optimizer 6.25e-05 Reshape False 
root        : INFO             Network_User:    Train:    epoch 12/15 batch 104/532 itera 6489 elapsed time 0.09803390502929688 best itera 532
root        : INFO             Network_User:    Train:    loss 0.1946885883808136
root        : INFO             Network_User:    Train:    acc 0.75, f1_weighted 0.7316569685935974, f1_mean 0.4799637198448181
root        : INFO             Network_User:    Train:    Allocated 0.0 GB Cached 0.6 GB
root        : INFO     

--------------------------
root        : INFO             Network_User:            Dataset lara_3s network cnn_transformer lr 0.001 lr_optimizer 6.25e-05 Reshape False 
root        : INFO             Network_User:    Train:    epoch 12/15 batch 130/532 itera 6515 elapsed time 0.09877467155456543 best itera 532
root        : INFO             Network_User:    Train:    loss 0.21423807740211487
root        : INFO             Network_User:    Train:    acc 0.76, f1_weighted 0.7150914072990417, f1_mean 0.5853203535079956
root        : INFO             Network_User:    Train:    Allocated 0.0 GB Cached 0.6 GB
root        : INFO     

--------------------------
root        : INFO             Network_User:            Dataset lara_3s network cnn_transformer lr 0.001 lr_optimizer 6.25e-05 Reshape False 
root        : INFO             Network_User:    Train:    epoch 12/15 batch 156/532 itera 6541 elapsed time 0.09814715385437012 best itera 532
root        : INFO             Network_User:    Train:    loss 0.1775215119123459
root        : INFO             Network_User:    Train:    acc 0.75, f1_weighted 0.7112513780593872, f1_mean 0.48822590708732605
root        : INFO             Network_User:    Train:    Allocated 0.0 GB Cached 0.6 GB
root        : INFO     

--------------------------
root        : INFO             Network_User:            Dataset lara_3s network cnn_transformer lr 0.001 lr_optimizer 6.25e-05 Reshape False 
root        : INFO             Network_User:    Train:    epoch 12/15 batch 182/532 itera 6567 elapsed time 0.09814071655273438 best itera 532
root        : INFO             Network_User:    Train:    loss 0.15976926684379578
root        : INFO             Network_User:    Train:    acc 0.78, f1_weighted 0.7549355626106262, f1_mean 0.6133877635002136
root        : INFO             Network_User:    Train:    Allocated 0.0 GB Cached 0.6 GB
root        : INFO     

--------------------------
root        : INFO             Network_User:            Dataset lara_3s network cnn_transformer lr 0.001 lr_optimizer 6.25e-05 Reshape False 
root        : INFO             Network_User:    Train:    epoch 12/15 batch 208/532 itera 6593 elapsed time 0.10068964958190918 best itera 532
root        : INFO             Network_User:    Train:    loss 0.1617676019668579
root        : INFO             Network_User:    Train:    acc 0.78, f1_weighted 0.7314663529396057, f1_mean 0.5917163491249084
root        : INFO             Network_User:    Train:    Allocated 0.0 GB Cached 0.6 GB
root        : INFO     

--------------------------
root        : INFO             Network_User:            Dataset lara_3s network cnn_transformer lr 0.001 lr_optimizer 6.25e-05 Reshape False 
root        : INFO             Network_User:    Train:    epoch 12/15 batch 234/532 itera 6619 elapsed time 0.09827804565429688 best itera 532
root        : INFO             Network_User:    Train:    loss 0.18162283301353455
root        : INFO             Network_User:    Train:    acc 0.75, f1_weighted 0.7230798006057739, f1_mean 0.4834885895252228
root        : INFO             Network_User:    Train:    Allocated 0.0 GB Cached 0.6 GB
root        : INFO     

--------------------------
root        : INFO             Network_User:            Dataset lara_3s network cnn_transformer lr 0.001 lr_optimizer 6.25e-05 Reshape False 
root        : INFO             Network_User:    Train:    epoch 12/15 batch 260/532 itera 6645 elapsed time 0.10070919990539551 best itera 532
root        : INFO             Network_User:    Train:    loss 0.1653597056865692
root        : INFO             Network_User:    Train:    acc 0.79, f1_weighted 0.7553221583366394, f1_mean 0.5959287881851196
root        : INFO             Network_User:    Train:    Allocated 0.0 GB Cached 0.6 GB
root        : INFO     

--------------------------
root        : INFO             Network_User:            Dataset lara_3s network cnn_transformer lr 0.001 lr_optimizer 6.25e-05 Reshape False 
root        : INFO             Network_User:    Train:    epoch 12/15 batch 286/532 itera 6671 elapsed time 0.10138392448425293 best itera 532
root        : INFO             Network_User:    Train:    loss 0.1398950070142746
root        : INFO             Network_User:    Train:    acc 0.84, f1_weighted 0.821247935295105, f1_mean 0.6704968214035034
root        : INFO             Network_User:    Train:    Allocated 0.0 GB Cached 0.6 GB
root        : INFO     

--------------------------
root        : INFO             Network_User:            Dataset lara_3s network cnn_transformer lr 0.001 lr_optimizer 6.25e-05 Reshape False 
root        : INFO             Network_User:    Train:    epoch 12/15 batch 312/532 itera 6697 elapsed time 0.09798288345336914 best itera 532
root        : INFO             Network_User:    Train:    loss 0.1729477494955063
root        : INFO             Network_User:    Train:    acc 0.74, f1_weighted 0.732405424118042, f1_mean 0.5765420794487
root        : INFO             Network_User:    Train:    Allocated 0.0 GB Cached 0.6 GB
root        : INFO     

--------------------------
root        : INFO             Network_User:            Dataset lara_3s network cnn_transformer lr 0.001 lr_optimizer 6.25e-05 Reshape False 
root        : INFO             Network_User:    Train:    epoch 12/15 batch 338/532 itera 6723 elapsed time 0.10227680206298828 best itera 532
root        : INFO             Network_User:    Train:    loss 0.1720661222934723
root        : INFO             Network_User:    Train:    acc 0.76, f1_weighted 0.7075032591819763, f1_mean 0.4558357298374176
root        : INFO             Network_User:    Train:    Allocated 0.0 GB Cached 0.6 GB
root        : INFO     

--------------------------
root        : INFO             Network_User:            Dataset lara_3s network cnn_transformer lr 0.001 lr_optimizer 6.25e-05 Reshape False 
root        : INFO             Network_User:    Train:    epoch 12/15 batch 364/532 itera 6749 elapsed time 0.09796500205993652 best itera 532
root        : INFO             Network_User:    Train:    loss 0.1828804463148117
root        : INFO             Network_User:    Train:    acc 0.75, f1_weighted 0.7110673785209656, f1_mean 0.6200078129768372
root        : INFO             Network_User:    Train:    Allocated 0.0 GB Cached 0.6 GB
root        : INFO     

--------------------------
root        : INFO             Network_User:            Dataset lara_3s network cnn_transformer lr 0.001 lr_optimizer 6.25e-05 Reshape False 
root        : INFO             Network_User:    Train:    epoch 12/15 batch 390/532 itera 6775 elapsed time 0.10108137130737305 best itera 532
root        : INFO             Network_User:    Train:    loss 0.18038120865821838
root        : INFO             Network_User:    Train:    acc 0.79, f1_weighted 0.7507137656211853, f1_mean 0.579098641872406
root        : INFO             Network_User:    Train:    Allocated 0.0 GB Cached 0.6 GB
root        : INFO     

--------------------------
root        : INFO             Network_User:            Dataset lara_3s network cnn_transformer lr 0.001 lr_optimizer 6.25e-05 Reshape False 
root        : INFO             Network_User:    Train:    epoch 12/15 batch 416/532 itera 6801 elapsed time 0.10064864158630371 best itera 532
root        : INFO             Network_User:    Train:    loss 0.19091887772083282
root        : INFO             Network_User:    Train:    acc 0.74, f1_weighted 0.7049216628074646, f1_mean 0.4852599799633026
root        : INFO             Network_User:    Train:    Allocated 0.0 GB Cached 0.6 GB
root        : INFO     

--------------------------
root        : INFO             Network_User:            Dataset lara_3s network cnn_transformer lr 0.001 lr_optimizer 6.25e-05 Reshape False 
root        : INFO             Network_User:    Train:    epoch 12/15 batch 442/532 itera 6827 elapsed time 0.09797072410583496 best itera 532
root        : INFO             Network_User:    Train:    loss 0.19902364909648895
root        : INFO             Network_User:    Train:    acc 0.76, f1_weighted 0.7061651945114136, f1_mean 0.49297115206718445
root        : INFO             Network_User:    Train:    Allocated 0.0 GB Cached 0.6 GB
root        : INFO     

--------------------------
root        : INFO             Network_User:            Dataset lara_3s network cnn_transformer lr 0.001 lr_optimizer 6.25e-05 Reshape False 
root        : INFO             Network_User:    Train:    epoch 12/15 batch 468/532 itera 6853 elapsed time 0.10157489776611328 best itera 532
root        : INFO             Network_User:    Train:    loss 0.16335411369800568
root        : INFO             Network_User:    Train:    acc 0.78, f1_weighted 0.7346556782722473, f1_mean 0.6518287062644958
root        : INFO             Network_User:    Train:    Allocated 0.0 GB Cached 0.6 GB
root        : INFO     

--------------------------
root        : INFO             Network_User:            Dataset lara_3s network cnn_transformer lr 0.001 lr_optimizer 6.25e-05 Reshape False 
root        : INFO             Network_User:    Train:    epoch 12/15 batch 494/532 itera 6879 elapsed time 0.09802055358886719 best itera 532
root        : INFO             Network_User:    Train:    loss 0.205326646566391
root        : INFO             Network_User:    Train:    acc 0.69, f1_weighted 0.6418396234512329, f1_mean 0.6480541825294495
root        : INFO             Network_User:    Train:    Allocated 0.0 GB Cached 0.6 GB
root        : INFO     

--------------------------
root        : INFO             Network_User:            Dataset lara_3s network cnn_transformer lr 0.001 lr_optimizer 6.25e-05 Reshape False 
root        : INFO             Network_User:    Train:    epoch 12/15 batch 520/532 itera 6905 elapsed time 0.09787392616271973 best itera 532
root        : INFO             Network_User:    Train:    loss 0.21010765433311462
root        : INFO             Network_User:    Train:    acc 0.72, f1_weighted 0.67973393201828, f1_mean 0.4988328814506531
root        : INFO             Network_User:    Train:    Allocated 0.0 GB Cached 0.6 GB
root        : INFO     

--------------------------
root        : INFO     

root        : INFO             Network_User:        Validating
root        : INFO                 Metrics: Constructor
root        : INFO     

root        : INFO             Network_User:        Validating:    epoch 12 batch 531 itera 6916 elapsed time 8.913448095321655, best itera 532
root        : INFO             Network_User:        Validating:    acc 0.49649117286087424, f1_weighted 0.4384993016719818, f1_mean 0.33767104148864746
root        : INFO     
        Network_User:    Train:    Training epoch 13
root        : INFO             Network_User:            Dataset lara_3s network cnn_transformer lr 0.001 lr_optimizer 3.125e-05 Reshape False 
root        : INFO             Network_User:    Train:    epoch 13/15 batch 0/532 itera 6917 elapsed time 0.1114494800567627 best itera 532
root        : INFO             Network_User:    Train:    loss 0.14615632593631744
root        : INFO             Network_User:    Train:    acc 0.8, f1_weighted 0.7727638483047485, f1_mean 0.6542516350746155
root        : INFO             Network_User:    Train:    Allocated 0.0 GB Cached 0.6 GB
root        : INFO     

--------------------------
root        : INFO             Network_User:            Dataset lara_3s network cnn_transformer lr 0.001 lr_optimizer 3.125e-05 Reshape False 
root        : INFO             Network_User:    Train:    epoch 13/15 batch 26/532 itera 6943 elapsed time 0.10071253776550293 best itera 532
root        : INFO             Network_User:    Train:    loss 0.1825113445520401
root        : INFO             Network_User:    Train:    acc 0.74, f1_weighted 0.7192679643630981, f1_mean 0.577851414680481
root        : INFO             Network_User:    Train:    Allocated 0.0 GB Cached 0.6 GB
root        : INFO     

--------------------------
root        : INFO             Network_User:            Dataset lara_3s network cnn_transformer lr 0.001 lr_optimizer 3.125e-05 Reshape False 
root        : INFO             Network_User:    Train:    epoch 13/15 batch 52/532 itera 6969 elapsed time 0.1025686264038086 best itera 532
root        : INFO             Network_User:    Train:    loss 0.22760480642318726
root        : INFO             Network_User:    Train:    acc 0.67, f1_weighted 0.6112707853317261, f1_mean 0.6124385595321655
root        : INFO             Network_User:    Train:    Allocated 0.0 GB Cached 0.6 GB
root        : INFO     

--------------------------
root        : INFO             Network_User:            Dataset lara_3s network cnn_transformer lr 0.001 lr_optimizer 3.125e-05 Reshape False 
root        : INFO             Network_User:    Train:    epoch 13/15 batch 78/532 itera 6995 elapsed time 0.09801411628723145 best itera 532
root        : INFO             Network_User:    Train:    loss 0.17995071411132812
root        : INFO             Network_User:    Train:    acc 0.79, f1_weighted 0.7614597678184509, f1_mean 0.6046513319015503
root        : INFO             Network_User:    Train:    Allocated 0.0 GB Cached 0.6 GB
root        : INFO     

--------------------------
root        : INFO             Network_User:            Dataset lara_3s network cnn_transformer lr 0.001 lr_optimizer 3.125e-05 Reshape False 
root        : INFO             Network_User:    Train:    epoch 13/15 batch 104/532 itera 7021 elapsed time 0.09810042381286621 best itera 532
root        : INFO             Network_User:    Train:    loss 0.2005719244480133
root        : INFO             Network_User:    Train:    acc 0.69, f1_weighted 0.6546190977096558, f1_mean 0.5545719861984253
root        : INFO             Network_User:    Train:    Allocated 0.0 GB Cached 0.6 GB
root        : INFO     

--------------------------
root        : INFO             Network_User:            Dataset lara_3s network cnn_transformer lr 0.001 lr_optimizer 3.125e-05 Reshape False 
root        : INFO             Network_User:    Train:    epoch 13/15 batch 130/532 itera 7047 elapsed time 0.10172915458679199 best itera 532
root        : INFO             Network_User:    Train:    loss 0.19107437133789062
root        : INFO             Network_User:    Train:    acc 0.74, f1_weighted 0.6969094276428223, f1_mean 0.6334456205368042
root        : INFO             Network_User:    Train:    Allocated 0.0 GB Cached 0.6 GB
root        : INFO     

--------------------------
root        : INFO             Network_User:            Dataset lara_3s network cnn_transformer lr 0.001 lr_optimizer 3.125e-05 Reshape False 
root        : INFO             Network_User:    Train:    epoch 13/15 batch 156/532 itera 7073 elapsed time 0.10819816589355469 best itera 532
root        : INFO             Network_User:    Train:    loss 0.17373375594615936
root        : INFO             Network_User:    Train:    acc 0.8, f1_weighted 0.7594211101531982, f1_mean 0.5029345154762268
root        : INFO             Network_User:    Train:    Allocated 0.0 GB Cached 0.6 GB
root        : INFO     

--------------------------
root        : INFO             Network_User:            Dataset lara_3s network cnn_transformer lr 0.001 lr_optimizer 3.125e-05 Reshape False 
root        : INFO             Network_User:    Train:    epoch 13/15 batch 182/532 itera 7099 elapsed time 0.10143160820007324 best itera 532
root        : INFO             Network_User:    Train:    loss 0.16738267242908478
root        : INFO             Network_User:    Train:    acc 0.83, f1_weighted 0.7947759628295898, f1_mean 0.6718588471412659
root        : INFO             Network_User:    Train:    Allocated 0.0 GB Cached 0.6 GB
root        : INFO     

--------------------------
root        : INFO             Network_User:            Dataset lara_3s network cnn_transformer lr 0.001 lr_optimizer 3.125e-05 Reshape False 
root        : INFO             Network_User:    Train:    epoch 13/15 batch 208/532 itera 7125 elapsed time 0.10070586204528809 best itera 532
root        : INFO             Network_User:    Train:    loss 0.19203922152519226
root        : INFO             Network_User:    Train:    acc 0.78, f1_weighted 0.7547563314437866, f1_mean 0.6087201833724976
root        : INFO             Network_User:    Train:    Allocated 0.0 GB Cached 0.6 GB
root        : INFO     

--------------------------
root        : INFO             Network_User:            Dataset lara_3s network cnn_transformer lr 0.001 lr_optimizer 3.125e-05 Reshape False 
root        : INFO             Network_User:    Train:    epoch 13/15 batch 234/532 itera 7151 elapsed time 0.09821081161499023 best itera 532
root        : INFO             Network_User:    Train:    loss 0.1783132404088974
root        : INFO             Network_User:    Train:    acc 0.73, f1_weighted 0.6941376328468323, f1_mean 0.4920378029346466
root        : INFO             Network_User:    Train:    Allocated 0.0 GB Cached 0.6 GB
root        : INFO     

--------------------------
root        : INFO             Network_User:            Dataset lara_3s network cnn_transformer lr 0.001 lr_optimizer 3.125e-05 Reshape False 
root        : INFO             Network_User:    Train:    epoch 13/15 batch 260/532 itera 7177 elapsed time 0.10803461074829102 best itera 532
root        : INFO             Network_User:    Train:    loss 0.2035609483718872
root        : INFO             Network_User:    Train:    acc 0.75, f1_weighted 0.7127732634544373, f1_mean 0.5548571348190308
root        : INFO             Network_User:    Train:    Allocated 0.0 GB Cached 0.6 GB
root        : INFO     

--------------------------
root        : INFO             Network_User:            Dataset lara_3s network cnn_transformer lr 0.001 lr_optimizer 3.125e-05 Reshape False 
root        : INFO             Network_User:    Train:    epoch 13/15 batch 286/532 itera 7203 elapsed time 0.09821701049804688 best itera 532
root        : INFO             Network_User:    Train:    loss 0.17293228209018707
root        : INFO             Network_User:    Train:    acc 0.74, f1_weighted 0.7031010985374451, f1_mean 0.6460399627685547
root        : INFO             Network_User:    Train:    Allocated 0.0 GB Cached 0.6 GB
root        : INFO     

--------------------------
root        : INFO             Network_User:            Dataset lara_3s network cnn_transformer lr 0.001 lr_optimizer 3.125e-05 Reshape False 
root        : INFO             Network_User:    Train:    epoch 13/15 batch 312/532 itera 7229 elapsed time 0.10037350654602051 best itera 532
root        : INFO             Network_User:    Train:    loss 0.14891628921031952
root        : INFO             Network_User:    Train:    acc 0.82, f1_weighted 0.7909383177757263, f1_mean 0.6116690039634705
root        : INFO             Network_User:    Train:    Allocated 0.0 GB Cached 0.6 GB
root        : INFO     

--------------------------
root        : INFO             Network_User:            Dataset lara_3s network cnn_transformer lr 0.001 lr_optimizer 3.125e-05 Reshape False 
root        : INFO             Network_User:    Train:    epoch 13/15 batch 338/532 itera 7255 elapsed time 0.10058307647705078 best itera 532
root        : INFO             Network_User:    Train:    loss 0.134006530046463
root        : INFO             Network_User:    Train:    acc 0.81, f1_weighted 0.7823885083198547, f1_mean 0.5894011855125427
root        : INFO             Network_User:    Train:    Allocated 0.0 GB Cached 0.6 GB
root        : INFO     

--------------------------
root        : INFO             Network_User:            Dataset lara_3s network cnn_transformer lr 0.001 lr_optimizer 3.125e-05 Reshape False 
root        : INFO             Network_User:    Train:    epoch 13/15 batch 364/532 itera 7281 elapsed time 0.09798502922058105 best itera 532
root        : INFO             Network_User:    Train:    loss 0.1993517428636551
root        : INFO             Network_User:    Train:    acc 0.74, f1_weighted 0.7120054364204407, f1_mean 0.6060868501663208
root        : INFO             Network_User:    Train:    Allocated 0.0 GB Cached 0.6 GB
root        : INFO     

--------------------------
root        : INFO             Network_User:            Dataset lara_3s network cnn_transformer lr 0.001 lr_optimizer 3.125e-05 Reshape False 
root        : INFO             Network_User:    Train:    epoch 13/15 batch 390/532 itera 7307 elapsed time 0.10104131698608398 best itera 532
root        : INFO             Network_User:    Train:    loss 0.14422203600406647
root        : INFO             Network_User:    Train:    acc 0.75, f1_weighted 0.7107987999916077, f1_mean 0.4812944233417511
root        : INFO             Network_User:    Train:    Allocated 0.0 GB Cached 0.6 GB
root        : INFO     

--------------------------
root        : INFO             Network_User:            Dataset lara_3s network cnn_transformer lr 0.001 lr_optimizer 3.125e-05 Reshape False 
root        : INFO             Network_User:    Train:    epoch 13/15 batch 416/532 itera 7333 elapsed time 0.10074210166931152 best itera 532
root        : INFO             Network_User:    Train:    loss 0.18305742740631104
root        : INFO             Network_User:    Train:    acc 0.75, f1_weighted 0.7039729356765747, f1_mean 0.4784144461154938
root        : INFO             Network_User:    Train:    Allocated 0.0 GB Cached 0.6 GB
root        : INFO     

--------------------------
root        : INFO             Network_User:            Dataset lara_3s network cnn_transformer lr 0.001 lr_optimizer 3.125e-05 Reshape False 
root        : INFO             Network_User:    Train:    epoch 13/15 batch 442/532 itera 7359 elapsed time 0.10115504264831543 best itera 532
root        : INFO             Network_User:    Train:    loss 0.17696614563465118
root        : INFO             Network_User:    Train:    acc 0.78, f1_weighted 0.7555365562438965, f1_mean 0.5897504687309265
root        : INFO             Network_User:    Train:    Allocated 0.0 GB Cached 0.6 GB
root        : INFO     

--------------------------
root        : INFO             Network_User:            Dataset lara_3s network cnn_transformer lr 0.001 lr_optimizer 3.125e-05 Reshape False 
root        : INFO             Network_User:    Train:    epoch 13/15 batch 468/532 itera 7385 elapsed time 0.10163760185241699 best itera 532
root        : INFO             Network_User:    Train:    loss 0.1295335292816162
root        : INFO             Network_User:    Train:    acc 0.84, f1_weighted 0.8164937496185303, f1_mean 0.7195507287979126
root        : INFO             Network_User:    Train:    Allocated 0.0 GB Cached 0.6 GB
root        : INFO     

--------------------------
root        : INFO             Network_User:            Dataset lara_3s network cnn_transformer lr 0.001 lr_optimizer 3.125e-05 Reshape False 
root        : INFO             Network_User:    Train:    epoch 13/15 batch 494/532 itera 7411 elapsed time 0.10085344314575195 best itera 532
root        : INFO             Network_User:    Train:    loss 0.1832209825515747
root        : INFO             Network_User:    Train:    acc 0.75, f1_weighted 0.6984230279922485, f1_mean 0.6711772084236145
root        : INFO             Network_User:    Train:    Allocated 0.0 GB Cached 0.6 GB
root        : INFO     

--------------------------
root        : INFO             Network_User:            Dataset lara_3s network cnn_transformer lr 0.001 lr_optimizer 3.125e-05 Reshape False 
root        : INFO             Network_User:    Train:    epoch 13/15 batch 520/532 itera 7437 elapsed time 0.10107660293579102 best itera 532
root        : INFO             Network_User:    Train:    loss 0.18285858631134033
root        : INFO             Network_User:    Train:    acc 0.81, f1_weighted 0.7839064598083496, f1_mean 0.6164736747741699
root        : INFO             Network_User:    Train:    Allocated 0.0 GB Cached 0.6 GB
root        : INFO     

--------------------------
root        : INFO     

root        : INFO             Network_User:        Validating
root        : INFO                 Metrics: Constructor
root        : INFO     

root        : INFO             Network_User:        Validating:    epoch 13 batch 531 itera 7448 elapsed time 9.315510272979736, best itera 532
root        : INFO             Network_User:        Validating:    acc 0.49825345375586116, f1_weighted 0.4417304992675781, f1_mean 0.35223644971847534
root        : INFO     
        Network_User:    Train:    Training epoch 14
root        : INFO             Network_User:            Dataset lara_3s network cnn_transformer lr 0.001 lr_optimizer 3.125e-05 Reshape False 
root        : INFO             Network_User:    Train:    epoch 14/15 batch 0/532 itera 7449 elapsed time 0.10951542854309082 best itera 532
root        : INFO             Network_User:    Train:    loss 0.19703389704227448
root        : INFO             Network_User:    Train:    acc 0.73, f1_weighted 0.6866235733032227, f1_mean 0.4888782501220703
root        : INFO             Network_User:    Train:    Allocated 0.0 GB Cached 0.6 GB
root        : INFO     

--------------------------
root        : INFO             Network_User:            Dataset lara_3s network cnn_transformer lr 0.001 lr_optimizer 3.125e-05 Reshape False 
root        : INFO             Network_User:    Train:    epoch 14/15 batch 26/532 itera 7475 elapsed time 0.10085010528564453 best itera 532
root        : INFO             Network_User:    Train:    loss 0.18215946853160858
root        : INFO             Network_User:    Train:    acc 0.76, f1_weighted 0.7284358739852905, f1_mean 0.5782051682472229
root        : INFO             Network_User:    Train:    Allocated 0.0 GB Cached 0.6 GB
root        : INFO     

--------------------------
root        : INFO             Network_User:            Dataset lara_3s network cnn_transformer lr 0.001 lr_optimizer 3.125e-05 Reshape False 
root        : INFO             Network_User:    Train:    epoch 14/15 batch 52/532 itera 7501 elapsed time 0.10111546516418457 best itera 532
root        : INFO             Network_User:    Train:    loss 0.1883648931980133
root        : INFO             Network_User:    Train:    acc 0.73, f1_weighted 0.669197142124176, f1_mean 0.5602419376373291
root        : INFO             Network_User:    Train:    Allocated 0.0 GB Cached 0.6 GB
root        : INFO     

--------------------------
root        : INFO             Network_User:            Dataset lara_3s network cnn_transformer lr 0.001 lr_optimizer 3.125e-05 Reshape False 
root        : INFO             Network_User:    Train:    epoch 14/15 batch 78/532 itera 7527 elapsed time 0.11237263679504395 best itera 532
root        : INFO             Network_User:    Train:    loss 0.16867008805274963
root        : INFO             Network_User:    Train:    acc 0.79, f1_weighted 0.7434080839157104, f1_mean 0.5629234313964844
root        : INFO             Network_User:    Train:    Allocated 0.0 GB Cached 0.6 GB
root        : INFO     

--------------------------
root        : INFO             Network_User:            Dataset lara_3s network cnn_transformer lr 0.001 lr_optimizer 3.125e-05 Reshape False 
root        : INFO             Network_User:    Train:    epoch 14/15 batch 104/532 itera 7553 elapsed time 0.1016998291015625 best itera 532
root        : INFO             Network_User:    Train:    loss 0.184051975607872
root        : INFO             Network_User:    Train:    acc 0.74, f1_weighted 0.7141010761260986, f1_mean 0.6328644156455994
root        : INFO             Network_User:    Train:    Allocated 0.0 GB Cached 0.6 GB
root        : INFO     

--------------------------
root        : INFO             Network_User:            Dataset lara_3s network cnn_transformer lr 0.001 lr_optimizer 3.125e-05 Reshape False 
root        : INFO             Network_User:    Train:    epoch 14/15 batch 130/532 itera 7579 elapsed time 0.10859012603759766 best itera 532
root        : INFO             Network_User:    Train:    loss 0.1921277940273285
root        : INFO             Network_User:    Train:    acc 0.77, f1_weighted 0.7284591794013977, f1_mean 0.6251761317253113
root        : INFO             Network_User:    Train:    Allocated 0.0 GB Cached 0.6 GB
root        : INFO     

--------------------------
root        : INFO             Network_User:            Dataset lara_3s network cnn_transformer lr 0.001 lr_optimizer 3.125e-05 Reshape False 
root        : INFO             Network_User:    Train:    epoch 14/15 batch 156/532 itera 7605 elapsed time 0.09955954551696777 best itera 532
root        : INFO             Network_User:    Train:    loss 0.2447340041399002
root        : INFO             Network_User:    Train:    acc 0.68, f1_weighted 0.6424509286880493, f1_mean 0.5761294960975647
root        : INFO             Network_User:    Train:    Allocated 0.0 GB Cached 0.6 GB
root        : INFO     

--------------------------
root        : INFO             Network_User:            Dataset lara_3s network cnn_transformer lr 0.001 lr_optimizer 3.125e-05 Reshape False 
root        : INFO             Network_User:    Train:    epoch 14/15 batch 182/532 itera 7631 elapsed time 0.10491013526916504 best itera 532
root        : INFO             Network_User:    Train:    loss 0.1808244287967682
root        : INFO             Network_User:    Train:    acc 0.78, f1_weighted 0.7414969205856323, f1_mean 0.6268402338027954
root        : INFO             Network_User:    Train:    Allocated 0.0 GB Cached 0.6 GB
root        : INFO     

--------------------------
root        : INFO             Network_User:            Dataset lara_3s network cnn_transformer lr 0.001 lr_optimizer 3.125e-05 Reshape False 
root        : INFO             Network_User:    Train:    epoch 14/15 batch 208/532 itera 7657 elapsed time 0.10179781913757324 best itera 532
root        : INFO             Network_User:    Train:    loss 0.19977732002735138
root        : INFO             Network_User:    Train:    acc 0.74, f1_weighted 0.7136427164077759, f1_mean 0.46164312958717346
root        : INFO             Network_User:    Train:    Allocated 0.0 GB Cached 0.6 GB
root        : INFO     

--------------------------
root        : INFO             Network_User:            Dataset lara_3s network cnn_transformer lr 0.001 lr_optimizer 3.125e-05 Reshape False 
root        : INFO             Network_User:    Train:    epoch 14/15 batch 234/532 itera 7683 elapsed time 0.09854412078857422 best itera 532
root        : INFO             Network_User:    Train:    loss 0.13481095433235168
root        : INFO             Network_User:    Train:    acc 0.83, f1_weighted 0.805554986000061, f1_mean 0.7062391042709351
root        : INFO             Network_User:    Train:    Allocated 0.0 GB Cached 0.6 GB
root        : INFO     

--------------------------
root        : INFO             Network_User:            Dataset lara_3s network cnn_transformer lr 0.001 lr_optimizer 3.125e-05 Reshape False 
root        : INFO             Network_User:    Train:    epoch 14/15 batch 260/532 itera 7709 elapsed time 0.10131263732910156 best itera 532
root        : INFO             Network_User:    Train:    loss 0.16372567415237427
root        : INFO             Network_User:    Train:    acc 0.76, f1_weighted 0.7405513525009155, f1_mean 0.5683720707893372
root        : INFO             Network_User:    Train:    Allocated 0.0 GB Cached 0.6 GB
root        : INFO     

--------------------------
root        : INFO             Network_User:            Dataset lara_3s network cnn_transformer lr 0.001 lr_optimizer 3.125e-05 Reshape False 
root        : INFO             Network_User:    Train:    epoch 14/15 batch 286/532 itera 7735 elapsed time 0.10069632530212402 best itera 532
root        : INFO             Network_User:    Train:    loss 0.162481427192688
root        : INFO             Network_User:    Train:    acc 0.82, f1_weighted 0.7760554552078247, f1_mean 0.5506373047828674
root        : INFO             Network_User:    Train:    Allocated 0.0 GB Cached 0.6 GB
root        : INFO     

--------------------------
root        : INFO             Network_User:            Dataset lara_3s network cnn_transformer lr 0.001 lr_optimizer 3.125e-05 Reshape False 
root        : INFO             Network_User:    Train:    epoch 14/15 batch 312/532 itera 7761 elapsed time 0.10158896446228027 best itera 532
root        : INFO             Network_User:    Train:    loss 0.14557164907455444
root        : INFO             Network_User:    Train:    acc 0.82, f1_weighted 0.8071359395980835, f1_mean 0.7016094923019409
root        : INFO             Network_User:    Train:    Allocated 0.0 GB Cached 0.6 GB
root        : INFO     

--------------------------
root        : INFO             Network_User:            Dataset lara_3s network cnn_transformer lr 0.001 lr_optimizer 3.125e-05 Reshape False 
root        : INFO             Network_User:    Train:    epoch 14/15 batch 338/532 itera 7787 elapsed time 0.10798430442810059 best itera 532
root        : INFO             Network_User:    Train:    loss 0.2153182476758957
root        : INFO             Network_User:    Train:    acc 0.73, f1_weighted 0.6752630472183228, f1_mean 0.4739783704280853
root        : INFO             Network_User:    Train:    Allocated 0.0 GB Cached 0.6 GB
root        : INFO     

--------------------------
root        : INFO             Network_User:            Dataset lara_3s network cnn_transformer lr 0.001 lr_optimizer 3.125e-05 Reshape False 
root        : INFO             Network_User:    Train:    epoch 14/15 batch 364/532 itera 7813 elapsed time 0.09789443016052246 best itera 532
root        : INFO             Network_User:    Train:    loss 0.16174940764904022
root        : INFO             Network_User:    Train:    acc 0.8, f1_weighted 0.766767144203186, f1_mean 0.5822169184684753
root        : INFO             Network_User:    Train:    Allocated 0.0 GB Cached 0.6 GB
root        : INFO     

--------------------------
root        : INFO             Network_User:            Dataset lara_3s network cnn_transformer lr 0.001 lr_optimizer 3.125e-05 Reshape False 
root        : INFO             Network_User:    Train:    epoch 14/15 batch 390/532 itera 7839 elapsed time 0.10165119171142578 best itera 532
root        : INFO             Network_User:    Train:    loss 0.18761378526687622
root        : INFO             Network_User:    Train:    acc 0.77, f1_weighted 0.7275993824005127, f1_mean 0.46417468786239624
root        : INFO             Network_User:    Train:    Allocated 0.0 GB Cached 0.6 GB
root        : INFO     

--------------------------
root        : INFO             Network_User:            Dataset lara_3s network cnn_transformer lr 0.001 lr_optimizer 3.125e-05 Reshape False 
root        : INFO             Network_User:    Train:    epoch 14/15 batch 416/532 itera 7865 elapsed time 0.10031795501708984 best itera 532
root        : INFO             Network_User:    Train:    loss 0.15145868062973022
root        : INFO             Network_User:    Train:    acc 0.8, f1_weighted 0.7878825068473816, f1_mean 0.6017360687255859
root        : INFO             Network_User:    Train:    Allocated 0.0 GB Cached 0.6 GB
root        : INFO     

--------------------------
root        : INFO             Network_User:            Dataset lara_3s network cnn_transformer lr 0.001 lr_optimizer 3.125e-05 Reshape False 
root        : INFO             Network_User:    Train:    epoch 14/15 batch 442/532 itera 7891 elapsed time 0.1015932559967041 best itera 532
root        : INFO             Network_User:    Train:    loss 0.17116792500019073
root        : INFO             Network_User:    Train:    acc 0.78, f1_weighted 0.7530137300491333, f1_mean 0.48918789625167847
root        : INFO             Network_User:    Train:    Allocated 0.0 GB Cached 0.6 GB
root        : INFO     

--------------------------
root        : INFO             Network_User:            Dataset lara_3s network cnn_transformer lr 0.001 lr_optimizer 3.125e-05 Reshape False 
root        : INFO             Network_User:    Train:    epoch 14/15 batch 468/532 itera 7917 elapsed time 0.10038876533508301 best itera 532
root        : INFO             Network_User:    Train:    loss 0.14887858927249908
root        : INFO             Network_User:    Train:    acc 0.84, f1_weighted 0.8289034366607666, f1_mean 0.5423116087913513
root        : INFO             Network_User:    Train:    Allocated 0.0 GB Cached 0.6 GB
root        : INFO     

--------------------------
root        : INFO             Network_User:            Dataset lara_3s network cnn_transformer lr 0.001 lr_optimizer 3.125e-05 Reshape False 
root        : INFO             Network_User:    Train:    epoch 14/15 batch 494/532 itera 7943 elapsed time 0.10647869110107422 best itera 532
root        : INFO             Network_User:    Train:    loss 0.16444991528987885
root        : INFO             Network_User:    Train:    acc 0.77, f1_weighted 0.7377254366874695, f1_mean 0.5685874223709106
root        : INFO             Network_User:    Train:    Allocated 0.0 GB Cached 0.6 GB
root        : INFO     

--------------------------
root        : INFO             Network_User:            Dataset lara_3s network cnn_transformer lr 0.001 lr_optimizer 3.125e-05 Reshape False 
root        : INFO             Network_User:    Train:    epoch 14/15 batch 520/532 itera 7969 elapsed time 0.10068154335021973 best itera 532
root        : INFO             Network_User:    Train:    loss 0.14297087490558624
root        : INFO             Network_User:    Train:    acc 0.82, f1_weighted 0.8047163486480713, f1_mean 0.5956249833106995
root        : INFO             Network_User:    Train:    Allocated 0.0 GB Cached 0.6 GB
root        : INFO     

--------------------------
root        : INFO     

root        : INFO             Network_User:        Validating
root        : INFO                 Metrics: Constructor
root        : INFO     

root        : INFO             Network_User:        Validating:    epoch 14 batch 531 itera 7980 elapsed time 9.06116008758545, best itera 532
root        : INFO             Network_User:        Validating:    acc 0.49841080026434215, f1_weighted 0.44162964820861816, f1_mean 0.34888705611228943
root        : INFO     

root        : INFO             Network_User:    Train:    epoch 14 batch 531 itera 7980 Total training time 65.1916081905365
root        : INFO         Network_selecter:    Train: elapsed time 990.7156567573547 acc 0.49841080026434215, f1_weighted 0.44162964820861816, f1_mean 0.34888705611228943
root        : INFO             Network_User: Evolution evaluation iter 0
root        : INFO             Network_User: Testing
root        : INFO             Network_User:    Test ---->
root        : INFO             Network_User:     Creating Dataloader---->
root        : INFO             Network_User:    Test:    creating network
root        : INFO                 Network: Constructor
root        : INFO                 Network: Wx 196.0 and Hx 27.0
root        : INFO                 Network: Wx 192.0 and Hx 27.0
root        : INFO                 Network: Wx 188.0 and Hx 27.0
root        : INFO                 Network: Wx 184.0 and Hx 27.0
root        : INFO     N_head = 8
root        : INFO             Network_User:    Test:    setting device
root        : INFO             Network_User:    Test:    setting criterion optimizer Softmax
root        : INFO                 Metrics: Constructor
root        : INFO             Network_User:    Testing
root        : INFO                 Train:    type targets vector: torch.cuda.FloatTensor
root        : INFO             Network_User:        Testing:    elapsed time 11.973686456680298 acc 0.5833259043985237, f1_weighted 0.4608994126319885, f1_mean 0.14950020611286163
root        : INFO             Network_User:        Testing:    Confusion matrix 
[[    0     0     0     0  3867  2257     0]
 [    0     0     0     0  2913  1809     0]
 [    0     0     0     0  5416   320     0]
 [    0     0     0     0  3492    39     0]
 [    0     0     0     0 31333  1311     0]
 [    0     0     0     0  1428  1384     0]
 [    0     0     0     0   515     3     0]]

root        : INFO             Network_User:        Validating:    percentage Pred 
[0.         0.         0.         0.         0.95983948 0.49217639
 0.        ]

root        : INFO         Network_selecter:    Train: elapsed time 16.299739837646484 acc 0.5833259043985237, f1_weighted 0.4608994126319885, f1_mean 0.14950020611286163
ICPR 2024   : INFO     Completed after 0:16:47

Parsing MongoDB credentials from /home/nnair/.mongodb_credentials
Adding MongoObserver for curtiz
configuration function began
Preparing DataFrame for Mbientlab train
Build index
Convert labels to numpy
Convert data to numpy
Dataset constructed
Logging every 26 batches (every 5.0\%)
Training: Epoch 0/15 Batch 0/532 and itera 0
Training: Epoch 0/15 Batch 26/532 and itera 26
Training: Epoch 0/15 Batch 52/532 and itera 52
Training: Epoch 0/15 Batch 78/532 and itera 78
Training: Epoch 0/15 Batch 104/532 and itera 104
Training: Epoch 0/15 Batch 130/532 and itera 130
Training: Epoch 0/15 Batch 156/532 and itera 156
Training: Epoch 0/15 Batch 182/532 and itera 182
Training: Epoch 0/15 Batch 208/532 and itera 208
Training: Epoch 0/15 Batch 234/532 and itera 234
Training: Epoch 0/15 Batch 260/532 and itera 260
Training: Epoch 0/15 Batch 286/532 and itera 286
Training: Epoch 0/15 Batch 312/532 and itera 312
Training: Epoch 0/15 Batch 338/532 and itera 338
Training: Epoch 0/15 Batch 364/532 and itera 364
Training: Epoch 0/15 Batch 390/532 and itera 390
Training: Epoch 0/15 Batch 416/532 and itera 416
Training: Epoch 0/15 Batch 442/532 and itera 442
Training: Epoch 0/15 Batch 468/532 and itera 468
Training: Epoch 0/15 Batch 494/532 and itera 494
Training: Epoch 0/15 Batch 520/532 and itera 520
Preparing DataFrame for Mbientlab val
Build index
Convert labels to numpy
Convert data to numpy
Dataset constructed
Validating: Batch  0/318Validating: Batch  15/318Validating: Batch  30/318Validating: Batch  45/318Validating: Batch  60/318Validating: Batch  75/318Validating: Batch  90/318Validating: Batch  105/318Validating: Batch  120/318Validating: Batch  135/318Validating: Batch  150/318Validating: Batch  165/318Validating: Batch  180/318Validating: Batch  195/318Validating: Batch  210/318Validating: Batch  225/318Validating: Batch  240/318Validating: Batch  255/318Validating: Batch  270/318Validating: Batch  285/318Validating: Batch  300/318Validating: Batch  315/318

Training: Epoch 1/15 Batch 0/532 and itera 532
Training: Epoch 1/15 Batch 26/532 and itera 558
Training: Epoch 1/15 Batch 52/532 and itera 584
Training: Epoch 1/15 Batch 78/532 and itera 610
Training: Epoch 1/15 Batch 104/532 and itera 636
Training: Epoch 1/15 Batch 130/532 and itera 662
Training: Epoch 1/15 Batch 156/532 and itera 688
Training: Epoch 1/15 Batch 182/532 and itera 714
Training: Epoch 1/15 Batch 208/532 and itera 740
Training: Epoch 1/15 Batch 234/532 and itera 766
Training: Epoch 1/15 Batch 260/532 and itera 792
Training: Epoch 1/15 Batch 286/532 and itera 818
Training: Epoch 1/15 Batch 312/532 and itera 844
Training: Epoch 1/15 Batch 338/532 and itera 870
Training: Epoch 1/15 Batch 364/532 and itera 896
Training: Epoch 1/15 Batch 390/532 and itera 922
Training: Epoch 1/15 Batch 416/532 and itera 948
Training: Epoch 1/15 Batch 442/532 and itera 974
Training: Epoch 1/15 Batch 468/532 and itera 1000
Training: Epoch 1/15 Batch 494/532 and itera 1026
Training: Epoch 1/15 Batch 520/532 and itera 1052
Preparing DataFrame for Mbientlab val
Build index
Convert labels to numpy
Convert data to numpy
Dataset constructed
Validating: Batch  0/318Validating: Batch  15/318Validating: Batch  30/318Validating: Batch  45/318Validating: Batch  60/318Validating: Batch  75/318Validating: Batch  90/318Validating: Batch  105/318Validating: Batch  120/318Validating: Batch  135/318Validating: Batch  150/318Validating: Batch  165/318Validating: Batch  180/318Validating: Batch  195/318Validating: Batch  210/318Validating: Batch  225/318Validating: Batch  240/318Validating: Batch  255/318Validating: Batch  270/318Validating: Batch  285/318Validating: Batch  300/318Validating: Batch  315/318

Training: Epoch 2/15 Batch 0/532 and itera 1064
Training: Epoch 2/15 Batch 26/532 and itera 1090
Training: Epoch 2/15 Batch 52/532 and itera 1116
Training: Epoch 2/15 Batch 78/532 and itera 1142
Training: Epoch 2/15 Batch 104/532 and itera 1168
Training: Epoch 2/15 Batch 130/532 and itera 1194
Training: Epoch 2/15 Batch 156/532 and itera 1220
Training: Epoch 2/15 Batch 182/532 and itera 1246
Training: Epoch 2/15 Batch 208/532 and itera 1272
Training: Epoch 2/15 Batch 234/532 and itera 1298
Training: Epoch 2/15 Batch 260/532 and itera 1324
Training: Epoch 2/15 Batch 286/532 and itera 1350
Training: Epoch 2/15 Batch 312/532 and itera 1376
Training: Epoch 2/15 Batch 338/532 and itera 1402
Training: Epoch 2/15 Batch 364/532 and itera 1428
Training: Epoch 2/15 Batch 390/532 and itera 1454
Training: Epoch 2/15 Batch 416/532 and itera 1480
Training: Epoch 2/15 Batch 442/532 and itera 1506
Training: Epoch 2/15 Batch 468/532 and itera 1532
Training: Epoch 2/15 Batch 494/532 and itera 1558
Training: Epoch 2/15 Batch 520/532 and itera 1584
Preparing DataFrame for Mbientlab val
Build index
Convert labels to numpy
Convert data to numpy
Dataset constructed
Validating: Batch  0/318Validating: Batch  15/318Validating: Batch  30/318Validating: Batch  45/318Validating: Batch  60/318Validating: Batch  75/318Validating: Batch  90/318Validating: Batch  105/318Validating: Batch  120/318Validating: Batch  135/318Validating: Batch  150/318Validating: Batch  165/318Validating: Batch  180/318Validating: Batch  195/318Validating: Batch  210/318Validating: Batch  225/318Validating: Batch  240/318Validating: Batch  255/318Validating: Batch  270/318Validating: Batch  285/318Validating: Batch  300/318Validating: Batch  315/318

Training: Epoch 3/15 Batch 0/532 and itera 1596
Training: Epoch 3/15 Batch 26/532 and itera 1622
Training: Epoch 3/15 Batch 52/532 and itera 1648
Training: Epoch 3/15 Batch 78/532 and itera 1674
Training: Epoch 3/15 Batch 104/532 and itera 1700
Training: Epoch 3/15 Batch 130/532 and itera 1726
Training: Epoch 3/15 Batch 156/532 and itera 1752
Training: Epoch 3/15 Batch 182/532 and itera 1778
Training: Epoch 3/15 Batch 208/532 and itera 1804
Training: Epoch 3/15 Batch 234/532 and itera 1830
Training: Epoch 3/15 Batch 260/532 and itera 1856
Training: Epoch 3/15 Batch 286/532 and itera 1882
Training: Epoch 3/15 Batch 312/532 and itera 1908
Training: Epoch 3/15 Batch 338/532 and itera 1934
Training: Epoch 3/15 Batch 364/532 and itera 1960
Training: Epoch 3/15 Batch 390/532 and itera 1986
Training: Epoch 3/15 Batch 416/532 and itera 2012
Training: Epoch 3/15 Batch 442/532 and itera 2038
Training: Epoch 3/15 Batch 468/532 and itera 2064
Training: Epoch 3/15 Batch 494/532 and itera 2090
Training: Epoch 3/15 Batch 520/532 and itera 2116
Preparing DataFrame for Mbientlab val
Build index
Convert labels to numpy
Convert data to numpy
Dataset constructed
Validating: Batch  0/318Validating: Batch  15/318Validating: Batch  30/318Validating: Batch  45/318Validating: Batch  60/318Validating: Batch  75/318Validating: Batch  90/318Validating: Batch  105/318Validating: Batch  120/318Validating: Batch  135/318Validating: Batch  150/318Validating: Batch  165/318Validating: Batch  180/318Validating: Batch  195/318Validating: Batch  210/318Validating: Batch  225/318Validating: Batch  240/318Validating: Batch  255/318Validating: Batch  270/318Validating: Batch  285/318Validating: Batch  300/318Validating: Batch  315/318

Training: Epoch 4/15 Batch 0/532 and itera 2128
Training: Epoch 4/15 Batch 26/532 and itera 2154
Training: Epoch 4/15 Batch 52/532 and itera 2180
Training: Epoch 4/15 Batch 78/532 and itera 2206
Training: Epoch 4/15 Batch 104/532 and itera 2232
Training: Epoch 4/15 Batch 130/532 and itera 2258
Training: Epoch 4/15 Batch 156/532 and itera 2284
Training: Epoch 4/15 Batch 182/532 and itera 2310
Training: Epoch 4/15 Batch 208/532 and itera 2336
Training: Epoch 4/15 Batch 234/532 and itera 2362
Training: Epoch 4/15 Batch 260/532 and itera 2388
Training: Epoch 4/15 Batch 286/532 and itera 2414
Training: Epoch 4/15 Batch 312/532 and itera 2440
Training: Epoch 4/15 Batch 338/532 and itera 2466
Training: Epoch 4/15 Batch 364/532 and itera 2492
Training: Epoch 4/15 Batch 390/532 and itera 2518
Training: Epoch 4/15 Batch 416/532 and itera 2544
Training: Epoch 4/15 Batch 442/532 and itera 2570
Training: Epoch 4/15 Batch 468/532 and itera 2596
Training: Epoch 4/15 Batch 494/532 and itera 2622
Training: Epoch 4/15 Batch 520/532 and itera 2648
Preparing DataFrame for Mbientlab val
Build index
Convert labels to numpy
Convert data to numpy
Dataset constructed
Validating: Batch  0/318Validating: Batch  15/318Validating: Batch  30/318Validating: Batch  45/318Validating: Batch  60/318Validating: Batch  75/318Validating: Batch  90/318Validating: Batch  105/318Validating: Batch  120/318Validating: Batch  135/318Validating: Batch  150/318Validating: Batch  165/318Validating: Batch  180/318Validating: Batch  195/318Validating: Batch  210/318Validating: Batch  225/318Validating: Batch  240/318Validating: Batch  255/318Validating: Batch  270/318Validating: Batch  285/318Validating: Batch  300/318Validating: Batch  315/318

Training: Epoch 5/15 Batch 0/532 and itera 2660
Training: Epoch 5/15 Batch 26/532 and itera 2686
Training: Epoch 5/15 Batch 52/532 and itera 2712
Training: Epoch 5/15 Batch 78/532 and itera 2738
Training: Epoch 5/15 Batch 104/532 and itera 2764
Training: Epoch 5/15 Batch 130/532 and itera 2790
Training: Epoch 5/15 Batch 156/532 and itera 2816
Training: Epoch 5/15 Batch 182/532 and itera 2842
Training: Epoch 5/15 Batch 208/532 and itera 2868
Training: Epoch 5/15 Batch 234/532 and itera 2894
Training: Epoch 5/15 Batch 260/532 and itera 2920
Training: Epoch 5/15 Batch 286/532 and itera 2946
Training: Epoch 5/15 Batch 312/532 and itera 2972
Training: Epoch 5/15 Batch 338/532 and itera 2998
Training: Epoch 5/15 Batch 364/532 and itera 3024
Training: Epoch 5/15 Batch 390/532 and itera 3050
Training: Epoch 5/15 Batch 416/532 and itera 3076
Training: Epoch 5/15 Batch 442/532 and itera 3102
Training: Epoch 5/15 Batch 468/532 and itera 3128
Training: Epoch 5/15 Batch 494/532 and itera 3154
Training: Epoch 5/15 Batch 520/532 and itera 3180
Preparing DataFrame for Mbientlab val
Build index
Convert labels to numpy
Convert data to numpy
Dataset constructed
Validating: Batch  0/318Validating: Batch  15/318Validating: Batch  30/318Validating: Batch  45/318Validating: Batch  60/318Validating: Batch  75/318Validating: Batch  90/318Validating: Batch  105/318Validating: Batch  120/318Validating: Batch  135/318Validating: Batch  150/318Validating: Batch  165/318Validating: Batch  180/318Validating: Batch  195/318Validating: Batch  210/318Validating: Batch  225/318Validating: Batch  240/318Validating: Batch  255/318Validating: Batch  270/318Validating: Batch  285/318Validating: Batch  300/318Validating: Batch  315/318

Training: Epoch 6/15 Batch 0/532 and itera 3192
Training: Epoch 6/15 Batch 26/532 and itera 3218
Training: Epoch 6/15 Batch 52/532 and itera 3244
Training: Epoch 6/15 Batch 78/532 and itera 3270
Training: Epoch 6/15 Batch 104/532 and itera 3296
Training: Epoch 6/15 Batch 130/532 and itera 3322
Training: Epoch 6/15 Batch 156/532 and itera 3348
Training: Epoch 6/15 Batch 182/532 and itera 3374
Training: Epoch 6/15 Batch 208/532 and itera 3400
Training: Epoch 6/15 Batch 234/532 and itera 3426
Training: Epoch 6/15 Batch 260/532 and itera 3452
Training: Epoch 6/15 Batch 286/532 and itera 3478
Training: Epoch 6/15 Batch 312/532 and itera 3504
Training: Epoch 6/15 Batch 338/532 and itera 3530
Training: Epoch 6/15 Batch 364/532 and itera 3556
Training: Epoch 6/15 Batch 390/532 and itera 3582
Training: Epoch 6/15 Batch 416/532 and itera 3608
Training: Epoch 6/15 Batch 442/532 and itera 3634
Training: Epoch 6/15 Batch 468/532 and itera 3660
Training: Epoch 6/15 Batch 494/532 and itera 3686
Training: Epoch 6/15 Batch 520/532 and itera 3712
Preparing DataFrame for Mbientlab val
Build index
Convert labels to numpy
Convert data to numpy
Dataset constructed
Validating: Batch  0/318Validating: Batch  15/318Validating: Batch  30/318Validating: Batch  45/318Validating: Batch  60/318Validating: Batch  75/318Validating: Batch  90/318Validating: Batch  105/318Validating: Batch  120/318Validating: Batch  135/318Validating: Batch  150/318Validating: Batch  165/318Validating: Batch  180/318Validating: Batch  195/318Validating: Batch  210/318Validating: Batch  225/318Validating: Batch  240/318Validating: Batch  255/318Validating: Batch  270/318Validating: Batch  285/318Validating: Batch  300/318Validating: Batch  315/318

Training: Epoch 7/15 Batch 0/532 and itera 3724
Training: Epoch 7/15 Batch 26/532 and itera 3750
Training: Epoch 7/15 Batch 52/532 and itera 3776
Training: Epoch 7/15 Batch 78/532 and itera 3802
Training: Epoch 7/15 Batch 104/532 and itera 3828
Training: Epoch 7/15 Batch 130/532 and itera 3854
Training: Epoch 7/15 Batch 156/532 and itera 3880
Training: Epoch 7/15 Batch 182/532 and itera 3906
Training: Epoch 7/15 Batch 208/532 and itera 3932
Training: Epoch 7/15 Batch 234/532 and itera 3958
Training: Epoch 7/15 Batch 260/532 and itera 3984
Training: Epoch 7/15 Batch 286/532 and itera 4010
Training: Epoch 7/15 Batch 312/532 and itera 4036
Training: Epoch 7/15 Batch 338/532 and itera 4062
Training: Epoch 7/15 Batch 364/532 and itera 4088
Training: Epoch 7/15 Batch 390/532 and itera 4114
Training: Epoch 7/15 Batch 416/532 and itera 4140
Training: Epoch 7/15 Batch 442/532 and itera 4166
Training: Epoch 7/15 Batch 468/532 and itera 4192
Training: Epoch 7/15 Batch 494/532 and itera 4218
Training: Epoch 7/15 Batch 520/532 and itera 4244
Preparing DataFrame for Mbientlab val
Build index
Convert labels to numpy
Convert data to numpy
Dataset constructed
Validating: Batch  0/318Validating: Batch  15/318Validating: Batch  30/318Validating: Batch  45/318Validating: Batch  60/318Validating: Batch  75/318Validating: Batch  90/318Validating: Batch  105/318Validating: Batch  120/318Validating: Batch  135/318Validating: Batch  150/318Validating: Batch  165/318Validating: Batch  180/318Validating: Batch  195/318Validating: Batch  210/318Validating: Batch  225/318Validating: Batch  240/318Validating: Batch  255/318Validating: Batch  270/318Validating: Batch  285/318Validating: Batch  300/318Validating: Batch  315/318

Training: Epoch 8/15 Batch 0/532 and itera 4256
Training: Epoch 8/15 Batch 26/532 and itera 4282
Training: Epoch 8/15 Batch 52/532 and itera 4308
Training: Epoch 8/15 Batch 78/532 and itera 4334
Training: Epoch 8/15 Batch 104/532 and itera 4360
Training: Epoch 8/15 Batch 130/532 and itera 4386
Training: Epoch 8/15 Batch 156/532 and itera 4412
Training: Epoch 8/15 Batch 182/532 and itera 4438
Training: Epoch 8/15 Batch 208/532 and itera 4464
Training: Epoch 8/15 Batch 234/532 and itera 4490
Training: Epoch 8/15 Batch 260/532 and itera 4516
Training: Epoch 8/15 Batch 286/532 and itera 4542
Training: Epoch 8/15 Batch 312/532 and itera 4568
Training: Epoch 8/15 Batch 338/532 and itera 4594
Training: Epoch 8/15 Batch 364/532 and itera 4620
Training: Epoch 8/15 Batch 390/532 and itera 4646
Training: Epoch 8/15 Batch 416/532 and itera 4672
Training: Epoch 8/15 Batch 442/532 and itera 4698
Training: Epoch 8/15 Batch 468/532 and itera 4724
Training: Epoch 8/15 Batch 494/532 and itera 4750
Training: Epoch 8/15 Batch 520/532 and itera 4776
Preparing DataFrame for Mbientlab val
Build index
Convert labels to numpy
Convert data to numpy
Dataset constructed
Validating: Batch  0/318Validating: Batch  15/318Validating: Batch  30/318Validating: Batch  45/318Validating: Batch  60/318Validating: Batch  75/318Validating: Batch  90/318Validating: Batch  105/318Validating: Batch  120/318Validating: Batch  135/318Validating: Batch  150/318Validating: Batch  165/318Validating: Batch  180/318Validating: Batch  195/318Validating: Batch  210/318Validating: Batch  225/318Validating: Batch  240/318Validating: Batch  255/318Validating: Batch  270/318Validating: Batch  285/318Validating: Batch  300/318Validating: Batch  315/318

Training: Epoch 9/15 Batch 0/532 and itera 4788
Training: Epoch 9/15 Batch 26/532 and itera 4814
Training: Epoch 9/15 Batch 52/532 and itera 4840
Training: Epoch 9/15 Batch 78/532 and itera 4866
Training: Epoch 9/15 Batch 104/532 and itera 4892
Training: Epoch 9/15 Batch 130/532 and itera 4918
Training: Epoch 9/15 Batch 156/532 and itera 4944
Training: Epoch 9/15 Batch 182/532 and itera 4970
Training: Epoch 9/15 Batch 208/532 and itera 4996
Training: Epoch 9/15 Batch 234/532 and itera 5022
Training: Epoch 9/15 Batch 260/532 and itera 5048
Training: Epoch 9/15 Batch 286/532 and itera 5074
Training: Epoch 9/15 Batch 312/532 and itera 5100
Training: Epoch 9/15 Batch 338/532 and itera 5126
Training: Epoch 9/15 Batch 364/532 and itera 5152
Training: Epoch 9/15 Batch 390/532 and itera 5178
Training: Epoch 9/15 Batch 416/532 and itera 5204
Training: Epoch 9/15 Batch 442/532 and itera 5230
Training: Epoch 9/15 Batch 468/532 and itera 5256
Training: Epoch 9/15 Batch 494/532 and itera 5282
Training: Epoch 9/15 Batch 520/532 and itera 5308
Preparing DataFrame for Mbientlab val
Build index
Convert labels to numpy
Convert data to numpy
Dataset constructed
Validating: Batch  0/318Validating: Batch  15/318Validating: Batch  30/318Validating: Batch  45/318Validating: Batch  60/318Validating: Batch  75/318Validating: Batch  90/318Validating: Batch  105/318Validating: Batch  120/318Validating: Batch  135/318Validating: Batch  150/318Validating: Batch  165/318Validating: Batch  180/318Validating: Batch  195/318Validating: Batch  210/318Validating: Batch  225/318Validating: Batch  240/318Validating: Batch  255/318Validating: Batch  270/318Validating: Batch  285/318Validating: Batch  300/318Validating: Batch  315/318

Training: Epoch 10/15 Batch 0/532 and itera 5320
Training: Epoch 10/15 Batch 26/532 and itera 5346
Training: Epoch 10/15 Batch 52/532 and itera 5372
Training: Epoch 10/15 Batch 78/532 and itera 5398
Training: Epoch 10/15 Batch 104/532 and itera 5424
Training: Epoch 10/15 Batch 130/532 and itera 5450
Training: Epoch 10/15 Batch 156/532 and itera 5476
Training: Epoch 10/15 Batch 182/532 and itera 5502
Training: Epoch 10/15 Batch 208/532 and itera 5528
Training: Epoch 10/15 Batch 234/532 and itera 5554
Training: Epoch 10/15 Batch 260/532 and itera 5580
Training: Epoch 10/15 Batch 286/532 and itera 5606
Training: Epoch 10/15 Batch 312/532 and itera 5632
Training: Epoch 10/15 Batch 338/532 and itera 5658
Training: Epoch 10/15 Batch 364/532 and itera 5684
Training: Epoch 10/15 Batch 390/532 and itera 5710
Training: Epoch 10/15 Batch 416/532 and itera 5736
Training: Epoch 10/15 Batch 442/532 and itera 5762
Training: Epoch 10/15 Batch 468/532 and itera 5788
Training: Epoch 10/15 Batch 494/532 and itera 5814
Training: Epoch 10/15 Batch 520/532 and itera 5840
Preparing DataFrame for Mbientlab val
Build index
Convert labels to numpy
Convert data to numpy
Dataset constructed
Validating: Batch  0/318Validating: Batch  15/318Validating: Batch  30/318Validating: Batch  45/318Validating: Batch  60/318Validating: Batch  75/318Validating: Batch  90/318Validating: Batch  105/318Validating: Batch  120/318Validating: Batch  135/318Validating: Batch  150/318Validating: Batch  165/318Validating: Batch  180/318Validating: Batch  195/318Validating: Batch  210/318Validating: Batch  225/318Validating: Batch  240/318Validating: Batch  255/318Validating: Batch  270/318Validating: Batch  285/318Validating: Batch  300/318Validating: Batch  315/318

Training: Epoch 11/15 Batch 0/532 and itera 5852
Training: Epoch 11/15 Batch 26/532 and itera 5878
Training: Epoch 11/15 Batch 52/532 and itera 5904
Training: Epoch 11/15 Batch 78/532 and itera 5930
Training: Epoch 11/15 Batch 104/532 and itera 5956
Training: Epoch 11/15 Batch 130/532 and itera 5982
Training: Epoch 11/15 Batch 156/532 and itera 6008
Training: Epoch 11/15 Batch 182/532 and itera 6034
Training: Epoch 11/15 Batch 208/532 and itera 6060
Training: Epoch 11/15 Batch 234/532 and itera 6086
Training: Epoch 11/15 Batch 260/532 and itera 6112
Training: Epoch 11/15 Batch 286/532 and itera 6138
Training: Epoch 11/15 Batch 312/532 and itera 6164
Training: Epoch 11/15 Batch 338/532 and itera 6190
Training: Epoch 11/15 Batch 364/532 and itera 6216
Training: Epoch 11/15 Batch 390/532 and itera 6242
Training: Epoch 11/15 Batch 416/532 and itera 6268
Training: Epoch 11/15 Batch 442/532 and itera 6294
Training: Epoch 11/15 Batch 468/532 and itera 6320
Training: Epoch 11/15 Batch 494/532 and itera 6346
Training: Epoch 11/15 Batch 520/532 and itera 6372
Preparing DataFrame for Mbientlab val
Build index
Convert labels to numpy
Convert data to numpy
Dataset constructed
Validating: Batch  0/318Validating: Batch  15/318Validating: Batch  30/318Validating: Batch  45/318Validating: Batch  60/318Validating: Batch  75/318Validating: Batch  90/318Validating: Batch  105/318Validating: Batch  120/318Validating: Batch  135/318Validating: Batch  150/318Validating: Batch  165/318Validating: Batch  180/318Validating: Batch  195/318Validating: Batch  210/318Validating: Batch  225/318Validating: Batch  240/318Validating: Batch  255/318Validating: Batch  270/318Validating: Batch  285/318Validating: Batch  300/318Validating: Batch  315/318

Training: Epoch 12/15 Batch 0/532 and itera 6384
Training: Epoch 12/15 Batch 26/532 and itera 6410
Training: Epoch 12/15 Batch 52/532 and itera 6436
Training: Epoch 12/15 Batch 78/532 and itera 6462
Training: Epoch 12/15 Batch 104/532 and itera 6488
Training: Epoch 12/15 Batch 130/532 and itera 6514
Training: Epoch 12/15 Batch 156/532 and itera 6540
Training: Epoch 12/15 Batch 182/532 and itera 6566
Training: Epoch 12/15 Batch 208/532 and itera 6592
Training: Epoch 12/15 Batch 234/532 and itera 6618
Training: Epoch 12/15 Batch 260/532 and itera 6644
Training: Epoch 12/15 Batch 286/532 and itera 6670
Training: Epoch 12/15 Batch 312/532 and itera 6696
Training: Epoch 12/15 Batch 338/532 and itera 6722
Training: Epoch 12/15 Batch 364/532 and itera 6748
Training: Epoch 12/15 Batch 390/532 and itera 6774
Training: Epoch 12/15 Batch 416/532 and itera 6800
Training: Epoch 12/15 Batch 442/532 and itera 6826
Training: Epoch 12/15 Batch 468/532 and itera 6852
Training: Epoch 12/15 Batch 494/532 and itera 6878
Training: Epoch 12/15 Batch 520/532 and itera 6904
Preparing DataFrame for Mbientlab val
Build index
Convert labels to numpy
Convert data to numpy
Dataset constructed
Validating: Batch  0/318Validating: Batch  15/318Validating: Batch  30/318Validating: Batch  45/318Validating: Batch  60/318Validating: Batch  75/318Validating: Batch  90/318Validating: Batch  105/318Validating: Batch  120/318Validating: Batch  135/318Validating: Batch  150/318Validating: Batch  165/318Validating: Batch  180/318Validating: Batch  195/318Validating: Batch  210/318Validating: Batch  225/318Validating: Batch  240/318Validating: Batch  255/318Validating: Batch  270/318Validating: Batch  285/318Validating: Batch  300/318Validating: Batch  315/318

Training: Epoch 13/15 Batch 0/532 and itera 6916
Training: Epoch 13/15 Batch 26/532 and itera 6942
Training: Epoch 13/15 Batch 52/532 and itera 6968
Training: Epoch 13/15 Batch 78/532 and itera 6994
Training: Epoch 13/15 Batch 104/532 and itera 7020
Training: Epoch 13/15 Batch 130/532 and itera 7046
Training: Epoch 13/15 Batch 156/532 and itera 7072
Training: Epoch 13/15 Batch 182/532 and itera 7098
Training: Epoch 13/15 Batch 208/532 and itera 7124
Training: Epoch 13/15 Batch 234/532 and itera 7150
Training: Epoch 13/15 Batch 260/532 and itera 7176
Training: Epoch 13/15 Batch 286/532 and itera 7202
Training: Epoch 13/15 Batch 312/532 and itera 7228
Training: Epoch 13/15 Batch 338/532 and itera 7254
Training: Epoch 13/15 Batch 364/532 and itera 7280
Training: Epoch 13/15 Batch 390/532 and itera 7306
Training: Epoch 13/15 Batch 416/532 and itera 7332
Training: Epoch 13/15 Batch 442/532 and itera 7358
Training: Epoch 13/15 Batch 468/532 and itera 7384
Training: Epoch 13/15 Batch 494/532 and itera 7410
Training: Epoch 13/15 Batch 520/532 and itera 7436
Preparing DataFrame for Mbientlab val
Build index
Convert labels to numpy
Convert data to numpy
Dataset constructed
Validating: Batch  0/318Validating: Batch  15/318Validating: Batch  30/318Validating: Batch  45/318Validating: Batch  60/318Validating: Batch  75/318Validating: Batch  90/318Validating: Batch  105/318Validating: Batch  120/318Validating: Batch  135/318Validating: Batch  150/318Validating: Batch  165/318Validating: Batch  180/318Validating: Batch  195/318Validating: Batch  210/318Validating: Batch  225/318Validating: Batch  240/318Validating: Batch  255/318Validating: Batch  270/318Validating: Batch  285/318Validating: Batch  300/318Validating: Batch  315/318

Training: Epoch 14/15 Batch 0/532 and itera 7448
Training: Epoch 14/15 Batch 26/532 and itera 7474
Training: Epoch 14/15 Batch 52/532 and itera 7500
Training: Epoch 14/15 Batch 78/532 and itera 7526
Training: Epoch 14/15 Batch 104/532 and itera 7552
Training: Epoch 14/15 Batch 130/532 and itera 7578
Training: Epoch 14/15 Batch 156/532 and itera 7604
Training: Epoch 14/15 Batch 182/532 and itera 7630
Training: Epoch 14/15 Batch 208/532 and itera 7656
Training: Epoch 14/15 Batch 234/532 and itera 7682
Training: Epoch 14/15 Batch 260/532 and itera 7708
Training: Epoch 14/15 Batch 286/532 and itera 7734
Training: Epoch 14/15 Batch 312/532 and itera 7760
Training: Epoch 14/15 Batch 338/532 and itera 7786
Training: Epoch 14/15 Batch 364/532 and itera 7812
Training: Epoch 14/15 Batch 390/532 and itera 7838
Training: Epoch 14/15 Batch 416/532 and itera 7864
Training: Epoch 14/15 Batch 442/532 and itera 7890
Training: Epoch 14/15 Batch 468/532 and itera 7916
Training: Epoch 14/15 Batch 494/532 and itera 7942
Training: Epoch 14/15 Batch 520/532 and itera 7968
Preparing DataFrame for Mbientlab val
Build index
Convert labels to numpy
Convert data to numpy
Dataset constructed
Validating: Batch  0/318Validating: Batch  15/318Validating: Batch  30/318Validating: Batch  45/318Validating: Batch  60/318Validating: Batch  75/318Validating: Batch  90/318Validating: Batch  105/318Validating: Batch  120/318Validating: Batch  135/318Validating: Batch  150/318Validating: Batch  165/318Validating: Batch  180/318Validating: Batch  195/318Validating: Batch  210/318Validating: Batch  225/318Validating: Batch  240/318Validating: Batch  255/318Validating: Batch  270/318Validating: Batch  285/318Validating: Batch  300/318Validating: Batch  315/318

<?xml version="1.0" ?>
<Experiment_0>
   <network dataset="cnn_transformer">
      <dataset dataset="lara_3s">
         <usage_modus usage_modus="train"/>
         <dataset_finetuning dataset_finetuning="lara_3s"/>
         <percentages_names percentages_names="['001', '002', '005', '01', '02', '03', '04', '05', '06', '07', '08', '09', '10']"/>
         <type_simple type_simple="training"/>
         <output output="softmax"/>
         <lr lr="0.001"/>
         <epochs epochs="15"/>
         <reshape_input reshape_input="False"/>
         <batch_size reshape_input="100"/>
         <ea_iter ea_iter="0"/>
         <freeze_options freeze_options="False"/>
         <time_iter time_iter="990.7156567573547"/>
         <best_itera best_itera="532"/>
         <metrics acc_test="0.49841080026434215" f1_weighted_test="0.44162964820861816" f1_mean_test="0.34888705611228943"/>
         <metrics_mean acc_test_mean="0.49841080026434215" f1_weighted_test_mean="0.44162964820861816" f1_mean_test_mean="0.34888705611228943"/>
         <metrics_std acc_test_mean="0.0" f1_weighted_test_mean="0.0" f1_mean_test_mean="0.0"/>
         <confusion_matrix_last confusion_matrix_last="0"/>
         <precision_mean precision_mean="tensor([0.0000, 0.2379, 0.7048, 0.2842, 0.5965, 0.3609, 0.6082])"/>
         <precision_std precision_std="tensor([0.0000, 0.1746, 0.0590, 0.6140, 0.7324, 0.5982, 0.6659])"/>
      </dataset>
   </network>
</Experiment_0>

Preparing DataFrame for Mbientlab test
Build index
Convert labels to numpy
Convert data to numpy
Dataset constructed
Testing: Batch  0/561Testing: Batch  28/561Testing: Batch  56/561Testing: Batch  84/561Testing: Batch  112/561Testing: Batch  140/561Testing: Batch  168/561Testing: Batch  196/561Testing: Batch  224/561Testing: Batch  252/561Testing: Batch  280/561Testing: Batch  308/561Testing: Batch  336/561Testing: Batch  364/561Testing: Batch  392/561Testing: Batch  420/561Testing: Batch  448/561Testing: Batch  476/561Testing: Batch  504/561Testing: Batch  532/561Testing: Batch  560/561<?xml version="1.0" ?>
<Experiment_0>
   <network dataset="cnn_transformer">
      <dataset dataset="lara_3s">
         <usage_modus usage_modus="train"/>
         <dataset_finetuning dataset_finetuning="lara_3s"/>
         <percentages_names percentages_names="['001', '002', '005', '01', '02', '03', '04', '05', '06', '07', '08', '09', '10']"/>
         <type_simple type_simple="testing"/>
         <output output="softmax"/>
         <lr lr="0.001"/>
         <epochs epochs="15"/>
         <reshape_input reshape_input="False"/>
         <batch_size reshape_input="100"/>
         <ea_iter ea_iter="0"/>
         <freeze_options freeze_options="False"/>
         <time_iter time_iter="16.299859523773193"/>
         <best_itera best_itera="0"/>
         <metrics acc_test="0.5833259043985237" f1_weighted_test="0.4608994126319885" f1_mean_test="0.14950020611286163"/>
         <metrics_mean acc_test_mean="0.5833259043985237" f1_weighted_test_mean="0.4608994126319885" f1_mean_test_mean="0.14950020611286163"/>
         <metrics_std acc_test_mean="0.0" f1_weighted_test_mean="0.0" f1_mean_test_mean="0.0"/>
         <confusion_matrix_last confusion_matrix_last="[[    0     0     0     0  3867  2257     0]
 [    0     0     0     0  2913  1809     0]
 [    0     0     0     0  5416   320     0]
 [    0     0     0     0  3492    39     0]
 [    0     0     0     0 31333  1311     0]
 [    0     0     0     0  1428  1384     0]
 [    0     0     0     0   515     3     0]]"/>
         <precision_mean precision_mean="[0.         0.         0.         0.         0.6399191  0.19430016
 0.        ]"/>
         <precision_std precision_std="[0. 0. 0. 0. 0. 0. 0.]"/>
         <recall_mean recall_mean="[0.         0.         0.         0.         0.95983946 0.49217638
 0.        ]"/>
         <recall_std recall_std="[0. 0. 0. 0. 0. 0. 0.]"/>
      </dataset>
   </network>
</Experiment_0>

Done

